
*** crates/casm-git/src/lib.rs:74:9: replace HistoryOptions::with_max_revisions -> Self with Default::default()

*** mutation diff:
--- crates/casm-git/src/lib.rs
+++ replace HistoryOptions::with_max_revisions -> Self with Default::default()
@@ -66,18 +66,17 @@
         }
     }
 }
 
 impl HistoryOptions {
     /// Options with the given revision limit.
     #[must_use]
     pub const fn with_max_revisions(mut self, limit: usize) -> Self {
-        self.max_revisions = limit;
-        self
+        Default::default() /* ~ changed by cargo-mutants ~ */
     }
 
     /// Options with the given commit-walk ceiling.
     #[must_use]
     pub const fn with_max_commits(mut self, limit: usize) -> Self {
         self.max_commits = limit;
         self
     }


*** /home/srinivasan/.rustup/toolchains/nightly-x86_64-unknown-linux-gnu/bin/cargo test --no-run --verbose --package=casm-git@0.3.0
    Blocking waiting for file lock on package cache
       Fresh cfg-if v1.0.4
       Fresh unicode-ident v1.0.24
       Fresh memchr v2.8.3
   Compiling regex-automata v0.4.16
       Fresh libc v0.2.189
       Fresh tinyvec_macros v0.1.1
     Running `/home/srinivasan/.rustup/toolchains/nightly-x86_64-unknown-linux-gnu/bin/rustc --crate-name regex_automata --edition=2021 /home/srinivasan/.cargo/registry/src/index.crates.io-1949cf8c6b5b557f/regex-automata-0.4.16/src/lib.rs --error-format=json --json=diagnostic-rendered-ansi,artifacts,future-incompat --crate-type lib --emit=dep-info,metadata,link -C embed-bitcode=no -C debuginfo=2 --allow=unexpected_cfgs --check-cfg 'cfg(docsrs_regex)' --cfg 'feature="dfa-search"' --check-cfg 'cfg(docsrs,test)' --check-cfg 'cfg(feature, values("alloc", "default", "dfa", "dfa-build", "dfa-onepass", "dfa-search", "hybrid", "internal-instrument", "internal-instrument-pikevm", "logging", "meta", "nfa", "nfa-backtrack", "nfa-pikevm", "nfa-thompson", "perf", "perf-inline", "perf-literal", "perf-literal-multisubstring", "perf-literal-substring", "std", "syntax", "unicode", "unicode-age", "unicode-bool", "unicode-case", "unicode-gencat", "unicode-perl", "unicode-script", "unicode-segment", "unicode-word-boundary"))' -C metadata=0da42258a586720c -C extra-filename=-4074c8693fcba215 --out-dir /tmp/cargo-mutants-casm-PaMmur.tmp/target/debug/deps -L dependency=/tmp/cargo-mutants-casm-PaMmur.tmp/target/debug/deps --cap-lints allow`
       Fresh proc-macro2 v1.0.107
       Fresh tinyvec v1.12.0
       Fresh fastrand v2.5.0
       Fresh gix-trace v0.1.21
       Fresh quote v1.0.47
       Fresh getrandom v0.4.3
       Fresh unicode-normalization v0.1.25
       Fresh smallvec v1.15.2
       Fresh scopeguard v1.2.0
       Fresh syn v3.0.3
       Fresh lock_api v0.4.14
       Fresh version_check v0.9.5
       Fresh once_cell v1.21.4
       Fresh thiserror-impl v2.0.19
       Fresh parking_lot_core v0.9.12
       Fresh same-file v1.0.6
       Fresh thiserror v2.0.19
       Fresh crossbeam-utils v0.8.22
       Fresh parking_lot v0.12.5
       Fresh typenum v1.20.1
       Fresh generic-array v0.14.7
       Fresh crc32fast v1.5.0
       Fresh crossbeam-channel v0.5.16
       Fresh prodash v31.0.0
       Fresh walkdir v2.5.0
       Fresh allocator-api2 v0.2.21
       Fresh block-buffer v0.10.4
       Fresh crypto-common v0.1.7
       Fresh foldhash v0.2.0
       Fresh equivalent v1.0.2
       Fresh byteorder v1.5.0
       Fresh digest v0.10.7
       Fresh bitflags v2.13.1
       Fresh hash32 v0.3.1
       Fresh stable_deref_trait v1.2.1
       Fresh hashbrown v0.17.1
       Fresh heapless v0.8.0
       Fresh cpufeatures v0.2.17
       Fresh itoa v1.0.18
       Fresh jiff-core v0.1.0
       Fresh memmap2 v0.9.11
       Fresh faster-hex v0.10.0
       Fresh sha1 v0.10.7
       Fresh jiff v0.2.35
       Fresh linux-raw-sys v0.12.1
       Fresh sha1-checked v0.10.0
       Fresh rustix v1.1.4
       Fresh hashbrown v0.14.5
       Fresh nonempty v0.12.0
       Fresh unicode-bom v2.0.3
   Compiling tempfile v3.27.0
       Fresh dashmap v6.2.1
       Fresh serde_core v1.0.229
       Fresh gix-sec v0.14.2
       Fresh shell-words v1.1.1
     Running `/home/srinivasan/.rustup/toolchains/nightly-x86_64-unknown-linux-gnu/bin/rustc --crate-name tempfile --edition=2021 /home/srinivasan/.cargo/registry/src/index.crates.io-1949cf8c6b5b557f/tempfile-3.27.0/src/lib.rs --error-format=json --json=diagnostic-rendered-ansi,artifacts,future-incompat --crate-type lib --emit=dep-info,metadata,link -C embed-bitcode=no -C debuginfo=2 --cfg 'feature="default"' --cfg 'feature="getrandom"' --check-cfg 'cfg(docsrs,test)' --check-cfg 'cfg(feature, values("default", "getrandom", "nightly"))' -C metadata=02a546e358140f3c -C extra-filename=-662441bb159ee7fb --out-dir /tmp/cargo-mutants-casm-PaMmur.tmp/target/debug/deps -L dependency=/tmp/cargo-mutants-casm-PaMmur.tmp/target/debug/deps --extern fastrand=/tmp/cargo-mutants-casm-PaMmur.tmp/target/debug/deps/libfastrand-5349ff8b2560d343.rmeta --extern getrandom=/tmp/cargo-mutants-casm-PaMmur.tmp/target/debug/deps/libgetrandom-c26ad080102d3720.rmeta --extern once_cell=/tmp/cargo-mutants-casm-PaMmur.tmp/target/debug/deps/libonce_cell-b1fd511a994cb72e.rmeta --extern rustix=/tmp/cargo-mutants-casm-PaMmur.tmp/target/debug/deps/librustix-b296580cf7dc1e91.rmeta --cap-lints allow`
       Fresh serde_derive v1.0.229
       Fresh percent-encoding v2.3.2
       Fresh indexmap v2.14.0
       Fresh serde v1.0.229
       Fresh hashbrown v0.16.1
       Fresh filetime v0.2.29
       Fresh fnv v1.0.7
       Fresh zlib-rs v0.6.6
       Fresh keccak v0.1.6
       Fresh arrayvec v0.7.8
       Fresh sha3 v0.10.9
   Compiling gix-zlib v0.1.0
       Fresh uluru v3.1.0
       Fresh clru v0.6.3
       Fresh rustversion v1.0.23
     Running `/home/srinivasan/.rustup/toolchains/nightly-x86_64-unknown-linux-gnu/bin/rustc --crate-name gix_zlib --edition=2024 /home/srinivasan/.cargo/registry/src/index.crates.io-1949cf8c6b5b557f/gix-zlib-0.1.0/src/lib.rs --error-format=json --json=diagnostic-rendered-ansi,artifacts,future-incompat --crate-type lib --emit=dep-info,metadata,link -C embed-bitcode=no -C debuginfo=2 '--warn=clippy::pedantic' '--allow=clippy::wildcard_imports' '--allow=clippy::used_underscore_binding' '--allow=clippy::unused_self' '--allow=clippy::unreadable_literal' '--allow=clippy::unnecessary_wraps' '--allow=clippy::unnecessary_join' '--allow=clippy::trivially_copy_pass_by_ref' '--allow=clippy::transmute_ptr_to_ptr' '--allow=clippy::too_many_lines' '--allow=clippy::too_long_first_doc_paragraph' '--allow=clippy::struct_field_names' '--allow=clippy::struct_excessive_bools' '--allow=clippy::stable_sort_primitive' '--allow=clippy::single_match_else' '--allow=clippy::similar_names' '--allow=clippy::should_panic_without_expect' '--allow=clippy::return_self_not_must_use' '--allow=clippy::result_large_err' '--allow=clippy::redundant_else' '--allow=clippy::range_plus_one' '--allow=clippy::option_option' '--allow=clippy::no_effect_underscore_binding' '--allow=clippy::needless_raw_string_hashes' '--allow=clippy::needless_pass_by_value' '--allow=clippy::needless_for_each' '--allow=clippy::needless_continue' '--allow=clippy::naive_bytecount' '--allow=clippy::mut_mut' '--allow=clippy::must_use_candidate' '--allow=clippy::module_name_repetitions' '--allow=clippy::missing_panics_doc' '--allow=clippy::missing_errors_doc' '--allow=clippy::match_wildcard_for_single_variants' '--allow=clippy::match_wild_err_arm' '--allow=clippy::match_same_arms' '--allow=clippy::match_bool' '--allow=clippy::many_single_char_names' '--allow=clippy::manual_string_new' '--allow=clippy::manual_let_else' '--allow=clippy::manual_is_variant_and' '--allow=clippy::manual_assert' '--allow=clippy::large_stack_arrays' '--allow=clippy::large_enum_variant' '--allow=clippy::iter_without_into_iter' '--allow=clippy::iter_not_returning_iterator' '--allow=clippy::items_after_statements' '--allow=clippy::inline_always' '--allow=clippy::inefficient_to_string' '--allow=clippy::inconsistent_struct_constructor' '--allow=clippy::implicit_clone' '--allow=clippy::ignored_unit_patterns' '--allow=clippy::if_not_else' '--allow=clippy::from_iter_instead_of_collect' '--allow=clippy::fn_params_excessive_bools' '--allow=clippy::filter_map_next' '--allow=clippy::explicit_iter_loop' '--allow=clippy::explicit_into_iter_loop' '--allow=clippy::explicit_deref_methods' '--allow=clippy::enum_glob_use' '--allow=clippy::empty_docs' '--allow=clippy::doc_markdown' '--allow=clippy::default_trait_access' '--allow=clippy::copy_iterator' '--allow=clippy::checked_conversions' '--allow=clippy::cast_sign_loss' '--allow=clippy::cast_precision_loss' '--allow=clippy::cast_possible_wrap' '--allow=clippy::cast_possible_truncation' '--allow=clippy::cast_lossless' '--allow=clippy::borrow_as_ptr' '--allow=clippy::bool_to_int_with_if' --check-cfg 'cfg(docsrs,test)' --check-cfg 'cfg(feature, values("serde"))' -C metadata=ae9215802a913388 -C extra-filename=-e343f8f9a19043ff --out-dir /tmp/cargo-mutants-casm-PaMmur.tmp/target/debug/deps -L dependency=/tmp/cargo-mutants-casm-PaMmur.tmp/target/debug/deps --extern thiserror=/tmp/cargo-mutants-casm-PaMmur.tmp/target/debug/deps/libthiserror-6c739655cb578a90.rmeta --extern zlib_rs=/tmp/cargo-mutants-casm-PaMmur.tmp/target/debug/deps/libzlib_rs-7f4668798ae2b305.rmeta --cap-lints allow`
       Fresh uuid v1.24.0
       Fresh semver v1.0.28
       Fresh encoding_rs v0.8.35
       Fresh bisync_macros v0.2.3
       Fresh winnow v1.0.4
   Compiling casm-core v0.3.0 (/tmp/cargo-mutants-casm-PaMmur.tmp/crates/casm-core)
       Fresh toml_parser v1.1.3+spec-1.1.0
       Fresh bisync v0.3.0
       Fresh arc-swap v1.9.2
       Fresh zmij v1.0.23
       Fresh toml_datetime v0.7.5+spec-1.1.0
       Fresh serde_spanned v1.1.1
       Fresh ryu v1.0.23
       Fresh toml_writer v1.1.2+spec-1.1.0
       Fresh unsafe-libyaml v0.2.11
       Fresh winnow v0.7.15
   Compiling serde_yaml_ng v0.10.0
       Fresh serde_json v1.0.151
       Fresh toml v0.9.12+spec-1.1.0
     Running `/home/srinivasan/.rustup/toolchains/nightly-x86_64-unknown-linux-gnu/bin/rustc --crate-name casm_core --edition=2024 crates/casm-core/src/lib.rs --error-format=json --json=diagnostic-rendered-ansi,artifacts,future-incompat --crate-type lib --emit=dep-info,metadata,link -C embed-bitcode=no -C debuginfo=2 --warn=rust_2018_idioms '--warn=clippy::pedantic' '--warn=clippy::unwrap_used' --forbid=unsafe_code --warn=unreachable_pub '--warn=clippy::too_many_lines' '--allow=clippy::struct_field_names' '--warn=clippy::panic' '--allow=clippy::must_use_candidate' '--allow=clippy::module_name_repetitions' '--allow=clippy::missing_errors_doc' --warn=missing_docs '--warn=clippy::indexing_slicing' '--warn=clippy::expect_used' '--warn=clippy::cognitive_complexity' --check-cfg 'cfg(docsrs,test)' --check-cfg 'cfg(feature, values())' -C metadata=6f673d0d3c443f53 -C extra-filename=-e0b2d07509e0486a --out-dir /tmp/cargo-mutants-casm-PaMmur.tmp/target/debug/deps -C incremental=/tmp/cargo-mutants-casm-PaMmur.tmp/target/debug/incremental -L dependency=/tmp/cargo-mutants-casm-PaMmur.tmp/target/debug/deps --extern indexmap=/tmp/cargo-mutants-casm-PaMmur.tmp/target/debug/deps/libindexmap-429624f8fa9ec096.rmeta --extern semver=/tmp/cargo-mutants-casm-PaMmur.tmp/target/debug/deps/libsemver-c464a202e640c772.rmeta --extern serde=/tmp/cargo-mutants-casm-PaMmur.tmp/target/debug/deps/libserde-2119863ca5860397.rmeta --extern sha3=/tmp/cargo-mutants-casm-PaMmur.tmp/target/debug/deps/libsha3-87752e9291d08871.rmeta --extern thiserror=/tmp/cargo-mutants-casm-PaMmur.tmp/target/debug/deps/libthiserror-6c739655cb578a90.rmeta --extern uuid=/tmp/cargo-mutants-casm-PaMmur.tmp/target/debug/deps/libuuid-8411bf88ae8de3ef.rmeta --verbose`
     Running `/home/srinivasan/.rustup/toolchains/nightly-x86_64-unknown-linux-gnu/bin/rustc --crate-name serde_yaml_ng --edition=2021 /home/srinivasan/.cargo/registry/src/index.crates.io-1949cf8c6b5b557f/serde_yaml_ng-0.10.0/src/lib.rs --error-format=json --json=diagnostic-rendered-ansi,artifacts,future-incompat --crate-type lib --emit=dep-info,metadata,link -C embed-bitcode=no -C debuginfo=2 --check-cfg 'cfg(docsrs,test)' --check-cfg 'cfg(feature, values())' -C metadata=79edd5d8e86039d0 -C extra-filename=-2c0ea103e93661b7 --out-dir /tmp/cargo-mutants-casm-PaMmur.tmp/target/debug/deps -L dependency=/tmp/cargo-mutants-casm-PaMmur.tmp/target/debug/deps --extern indexmap=/tmp/cargo-mutants-casm-PaMmur.tmp/target/debug/deps/libindexmap-429624f8fa9ec096.rmeta --extern itoa=/tmp/cargo-mutants-casm-PaMmur.tmp/target/debug/deps/libitoa-6a6d3f3d53caa1d6.rmeta --extern ryu=/tmp/cargo-mutants-casm-PaMmur.tmp/target/debug/deps/libryu-69612d13f8de36d4.rmeta --extern serde=/tmp/cargo-mutants-casm-PaMmur.tmp/target/debug/deps/libserde-2119863ca5860397.rmeta --extern unsafe_libyaml=/tmp/cargo-mutants-casm-PaMmur.tmp/target/debug/deps/libunsafe_libyaml-e0d1a220ca04af43.rmeta --cap-lints allow`
   Compiling bstr v1.13.0
     Running `/home/srinivasan/.rustup/toolchains/nightly-x86_64-unknown-linux-gnu/bin/rustc --crate-name bstr --edition=2021 /home/srinivasan/.cargo/registry/src/index.crates.io-1949cf8c6b5b557f/bstr-1.13.0/src/lib.rs --error-format=json --json=diagnostic-rendered-ansi,artifacts,future-incompat --crate-type lib --emit=dep-info,metadata,link -C embed-bitcode=no -C debuginfo=2 --cfg 'feature="alloc"' --cfg 'feature="default"' --cfg 'feature="std"' --cfg 'feature="unicode"' --check-cfg 'cfg(docsrs,test)' --check-cfg 'cfg(feature, values("alloc", "default", "serde", "std", "unicode"))' -C metadata=fb1791f2e7b11a0f -C extra-filename=-94da861d99843f38 --out-dir /tmp/cargo-mutants-casm-PaMmur.tmp/target/debug/deps -L dependency=/tmp/cargo-mutants-casm-PaMmur.tmp/target/debug/deps --extern memchr=/tmp/cargo-mutants-casm-PaMmur.tmp/target/debug/deps/libmemchr-ac80eb75bd418997.rmeta --extern regex_automata=/tmp/cargo-mutants-casm-PaMmur.tmp/target/debug/deps/libregex_automata-4074c8693fcba215.rmeta --cap-lints allow`
   Compiling gix-validate v0.11.3
     Running `/home/srinivasan/.rustup/toolchains/nightly-x86_64-unknown-linux-gnu/bin/rustc --crate-name gix_validate --edition=2024 /home/srinivasan/.cargo/registry/src/index.crates.io-1949cf8c6b5b557f/gix-validate-0.11.3/src/lib.rs --error-format=json --json=diagnostic-rendered-ansi,artifacts,future-incompat --crate-type lib --emit=dep-info,metadata,link -C embed-bitcode=no -C debuginfo=2 '--warn=clippy::pedantic' '--allow=clippy::wildcard_imports' '--allow=clippy::used_underscore_binding' '--allow=clippy::unused_self' '--allow=clippy::unreadable_literal' '--allow=clippy::unnecessary_wraps' '--allow=clippy::unnecessary_join' '--allow=clippy::trivially_copy_pass_by_ref' '--allow=clippy::transmute_ptr_to_ptr' '--allow=clippy::too_many_lines' '--allow=clippy::too_long_first_doc_paragraph' '--allow=clippy::struct_field_names' '--allow=clippy::struct_excessive_bools' '--allow=clippy::stable_sort_primitive' '--allow=clippy::single_match_else' '--allow=clippy::similar_names' '--allow=clippy::should_panic_without_expect' '--allow=clippy::return_self_not_must_use' '--allow=clippy::result_large_err' '--allow=clippy::redundant_else' '--allow=clippy::range_plus_one' '--allow=clippy::option_option' '--allow=clippy::no_effect_underscore_binding' '--allow=clippy::needless_raw_string_hashes' '--allow=clippy::needless_pass_by_value' '--allow=clippy::needless_for_each' '--allow=clippy::needless_continue' '--allow=clippy::naive_bytecount' '--allow=clippy::mut_mut' '--allow=clippy::must_use_candidate' '--allow=clippy::module_name_repetitions' '--allow=clippy::missing_panics_doc' '--allow=clippy::missing_errors_doc' '--allow=clippy::match_wildcard_for_single_variants' '--allow=clippy::match_wild_err_arm' '--allow=clippy::match_same_arms' '--allow=clippy::match_bool' '--allow=clippy::many_single_char_names' '--allow=clippy::manual_string_new' '--allow=clippy::manual_let_else' '--allow=clippy::manual_is_variant_and' '--allow=clippy::manual_assert' '--allow=clippy::large_stack_arrays' '--allow=clippy::large_enum_variant' '--allow=clippy::iter_without_into_iter' '--allow=clippy::iter_not_returning_iterator' '--allow=clippy::items_after_statements' '--allow=clippy::inline_always' '--allow=clippy::inefficient_to_string' '--allow=clippy::inconsistent_struct_constructor' '--allow=clippy::implicit_clone' '--allow=clippy::ignored_unit_patterns' '--allow=clippy::if_not_else' '--allow=clippy::from_iter_instead_of_collect' '--allow=clippy::fn_params_excessive_bools' '--allow=clippy::filter_map_next' '--allow=clippy::explicit_iter_loop' '--allow=clippy::explicit_into_iter_loop' '--allow=clippy::explicit_deref_methods' '--allow=clippy::enum_glob_use' '--allow=clippy::empty_docs' '--allow=clippy::doc_markdown' '--allow=clippy::default_trait_access' '--allow=clippy::copy_iterator' '--allow=clippy::checked_conversions' '--allow=clippy::cast_sign_loss' '--allow=clippy::cast_precision_loss' '--allow=clippy::cast_possible_wrap' '--allow=clippy::cast_possible_truncation' '--allow=clippy::cast_lossless' '--allow=clippy::borrow_as_ptr' '--allow=clippy::bool_to_int_with_if' --check-cfg 'cfg(docsrs,test)' --check-cfg 'cfg(feature, values())' -C metadata=804c3ac7e46a4c88 -C extra-filename=-76a43d9cff1fb6ae --out-dir /tmp/cargo-mutants-casm-PaMmur.tmp/target/debug/deps -L dependency=/tmp/cargo-mutants-casm-PaMmur.tmp/target/debug/deps --extern bstr=/tmp/cargo-mutants-casm-PaMmur.tmp/target/debug/deps/libbstr-94da861d99843f38.rmeta --cap-lints allow`
   Compiling gix-path v0.12.3
     Running `/home/srinivasan/.rustup/toolchains/nightly-x86_64-unknown-linux-gnu/bin/rustc --crate-name gix_path --edition=2024 /home/srinivasan/.cargo/registry/src/index.crates.io-1949cf8c6b5b557f/gix-path-0.12.3/src/lib.rs --error-format=json --json=diagnostic-rendered-ansi,artifacts,future-incompat --crate-type lib --emit=dep-info,metadata,link -C embed-bitcode=no -C debuginfo=2 '--warn=clippy::pedantic' '--allow=clippy::wildcard_imports' '--allow=clippy::used_underscore_binding' '--allow=clippy::unused_self' '--allow=clippy::unreadable_literal' '--allow=clippy::unnecessary_wraps' '--allow=clippy::unnecessary_join' '--allow=clippy::trivially_copy_pass_by_ref' '--allow=clippy::transmute_ptr_to_ptr' '--allow=clippy::too_many_lines' '--allow=clippy::too_long_first_doc_paragraph' '--allow=clippy::struct_field_names' '--allow=clippy::struct_excessive_bools' '--allow=clippy::stable_sort_primitive' '--allow=clippy::single_match_else' '--allow=clippy::similar_names' '--allow=clippy::should_panic_without_expect' '--allow=clippy::return_self_not_must_use' '--allow=clippy::result_large_err' '--allow=clippy::redundant_else' '--allow=clippy::range_plus_one' '--allow=clippy::option_option' '--allow=clippy::no_effect_underscore_binding' '--allow=clippy::needless_raw_string_hashes' '--allow=clippy::needless_pass_by_value' '--allow=clippy::needless_for_each' '--allow=clippy::needless_continue' '--allow=clippy::naive_bytecount' '--allow=clippy::mut_mut' '--allow=clippy::must_use_candidate' '--allow=clippy::module_name_repetitions' '--allow=clippy::missing_panics_doc' '--allow=clippy::missing_errors_doc' '--allow=clippy::match_wildcard_for_single_variants' '--allow=clippy::match_wild_err_arm' '--allow=clippy::match_same_arms' '--allow=clippy::match_bool' '--allow=clippy::many_single_char_names' '--allow=clippy::manual_string_new' '--allow=clippy::manual_let_else' '--allow=clippy::manual_is_variant_and' '--allow=clippy::manual_assert' '--allow=clippy::large_stack_arrays' '--allow=clippy::large_enum_variant' '--allow=clippy::iter_without_into_iter' '--allow=clippy::iter_not_returning_iterator' '--allow=clippy::items_after_statements' '--allow=clippy::inline_always' '--allow=clippy::inefficient_to_string' '--allow=clippy::inconsistent_struct_constructor' '--allow=clippy::implicit_clone' '--allow=clippy::ignored_unit_patterns' '--allow=clippy::if_not_else' '--allow=clippy::from_iter_instead_of_collect' '--allow=clippy::fn_params_excessive_bools' '--allow=clippy::filter_map_next' '--allow=clippy::explicit_iter_loop' '--allow=clippy::explicit_into_iter_loop' '--allow=clippy::explicit_deref_methods' '--allow=clippy::enum_glob_use' '--allow=clippy::empty_docs' '--allow=clippy::doc_markdown' '--allow=clippy::default_trait_access' '--allow=clippy::copy_iterator' '--allow=clippy::checked_conversions' '--allow=clippy::cast_sign_loss' '--allow=clippy::cast_precision_loss' '--allow=clippy::cast_possible_wrap' '--allow=clippy::cast_possible_truncation' '--allow=clippy::cast_lossless' '--allow=clippy::borrow_as_ptr' '--allow=clippy::bool_to_int_with_if' --check-cfg 'cfg(docsrs,test)' --check-cfg 'cfg(feature, values())' -C metadata=5b1a8b61dded9d34 -C extra-filename=-ad720a692c9bd585 --out-dir /tmp/cargo-mutants-casm-PaMmur.tmp/target/debug/deps -L dependency=/tmp/cargo-mutants-casm-PaMmur.tmp/target/debug/deps --extern bstr=/tmp/cargo-mutants-casm-PaMmur.tmp/target/debug/deps/libbstr-94da861d99843f38.rmeta --extern gix_trace=/tmp/cargo-mutants-casm-PaMmur.tmp/target/debug/deps/libgix_trace-fe3ae1ba08dc3b9c.rmeta --extern gix_validate=/tmp/cargo-mutants-casm-PaMmur.tmp/target/debug/deps/libgix_validate-76a43d9cff1fb6ae.rmeta --extern thiserror=/tmp/cargo-mutants-casm-PaMmur.tmp/target/debug/deps/libthiserror-6c739655cb578a90.rmeta --cap-lints allow`
   Compiling gix-utils v0.3.5
     Running `/home/srinivasan/.rustup/toolchains/nightly-x86_64-unknown-linux-gnu/bin/rustc --crate-name gix_utils --edition=2024 /home/srinivasan/.cargo/registry/src/index.crates.io-1949cf8c6b5b557f/gix-utils-0.3.5/src/lib.rs --error-format=json --json=diagnostic-rendered-ansi,artifacts,future-incompat --crate-type lib --emit=dep-info,metadata,link -C embed-bitcode=no -C debuginfo=2 '--warn=clippy::pedantic' '--allow=clippy::wildcard_imports' '--allow=clippy::used_underscore_binding' '--allow=clippy::unused_self' '--allow=clippy::unreadable_literal' '--allow=clippy::unnecessary_wraps' '--allow=clippy::unnecessary_join' '--allow=clippy::trivially_copy_pass_by_ref' '--allow=clippy::transmute_ptr_to_ptr' '--allow=clippy::too_many_lines' '--allow=clippy::too_long_first_doc_paragraph' '--allow=clippy::struct_field_names' '--allow=clippy::struct_excessive_bools' '--allow=clippy::stable_sort_primitive' '--allow=clippy::single_match_else' '--allow=clippy::similar_names' '--allow=clippy::should_panic_without_expect' '--allow=clippy::return_self_not_must_use' '--allow=clippy::result_large_err' '--allow=clippy::redundant_else' '--allow=clippy::range_plus_one' '--allow=clippy::option_option' '--allow=clippy::no_effect_underscore_binding' '--allow=clippy::needless_raw_string_hashes' '--allow=clippy::needless_pass_by_value' '--allow=clippy::needless_for_each' '--allow=clippy::needless_continue' '--allow=clippy::naive_bytecount' '--allow=clippy::mut_mut' '--allow=clippy::must_use_candidate' '--allow=clippy::module_name_repetitions' '--allow=clippy::missing_panics_doc' '--allow=clippy::missing_errors_doc' '--allow=clippy::match_wildcard_for_single_variants' '--allow=clippy::match_wild_err_arm' '--allow=clippy::match_same_arms' '--allow=clippy::match_bool' '--allow=clippy::many_single_char_names' '--allow=clippy::manual_string_new' '--allow=clippy::manual_let_else' '--allow=clippy::manual_is_variant_and' '--allow=clippy::manual_assert' '--allow=clippy::large_stack_arrays' '--allow=clippy::large_enum_variant' '--allow=clippy::iter_without_into_iter' '--allow=clippy::iter_not_returning_iterator' '--allow=clippy::items_after_statements' '--allow=clippy::inline_always' '--allow=clippy::inefficient_to_string' '--allow=clippy::inconsistent_struct_constructor' '--allow=clippy::implicit_clone' '--allow=clippy::ignored_unit_patterns' '--allow=clippy::if_not_else' '--allow=clippy::from_iter_instead_of_collect' '--allow=clippy::fn_params_excessive_bools' '--allow=clippy::filter_map_next' '--allow=clippy::explicit_iter_loop' '--allow=clippy::explicit_into_iter_loop' '--allow=clippy::explicit_deref_methods' '--allow=clippy::enum_glob_use' '--allow=clippy::empty_docs' '--allow=clippy::doc_markdown' '--allow=clippy::default_trait_access' '--allow=clippy::copy_iterator' '--allow=clippy::checked_conversions' '--allow=clippy::cast_sign_loss' '--allow=clippy::cast_precision_loss' '--allow=clippy::cast_possible_wrap' '--allow=clippy::cast_possible_truncation' '--allow=clippy::cast_lossless' '--allow=clippy::borrow_as_ptr' '--allow=clippy::bool_to_int_with_if' --cfg 'feature="bstr"' --check-cfg 'cfg(docsrs,test)' --check-cfg 'cfg(feature, values("bstr"))' -C metadata=aa2c2fb5d86daec6 -C extra-filename=-be9213fa8d232b57 --out-dir /tmp/cargo-mutants-casm-PaMmur.tmp/target/debug/deps -L dependency=/tmp/cargo-mutants-casm-PaMmur.tmp/target/debug/deps --extern bstr=/tmp/cargo-mutants-casm-PaMmur.tmp/target/debug/deps/libbstr-94da861d99843f38.rmeta --extern fastrand=/tmp/cargo-mutants-casm-PaMmur.tmp/target/debug/deps/libfastrand-5349ff8b2560d343.rmeta --extern getrandom=/tmp/cargo-mutants-casm-PaMmur.tmp/target/debug/deps/libgetrandom-c26ad080102d3720.rmeta --extern unicode_normalization=/tmp/cargo-mutants-casm-PaMmur.tmp/target/debug/deps/libunicode_normalization-72c5c0f1844d23ef.rmeta --cap-lints allow`
   Compiling gix-error v0.2.5
     Running `/home/srinivasan/.rustup/toolchains/nightly-x86_64-unknown-linux-gnu/bin/rustc --crate-name gix_error --edition=2024 /home/srinivasan/.cargo/registry/src/index.crates.io-1949cf8c6b5b557f/gix-error-0.2.5/src/lib.rs --error-format=json --json=diagnostic-rendered-ansi,artifacts,future-incompat --crate-type lib --emit=dep-info,metadata,link -C embed-bitcode=no -C debuginfo=2 '--warn=clippy::pedantic' '--allow=clippy::wildcard_imports' '--allow=clippy::used_underscore_binding' '--allow=clippy::unused_self' '--allow=clippy::unreadable_literal' '--allow=clippy::unnecessary_wraps' '--allow=clippy::unnecessary_join' '--allow=clippy::trivially_copy_pass_by_ref' '--allow=clippy::transmute_ptr_to_ptr' '--allow=clippy::too_many_lines' '--allow=clippy::too_long_first_doc_paragraph' '--allow=clippy::struct_field_names' '--allow=clippy::struct_excessive_bools' '--allow=clippy::stable_sort_primitive' '--allow=clippy::single_match_else' '--allow=clippy::similar_names' '--allow=clippy::should_panic_without_expect' '--allow=clippy::return_self_not_must_use' '--allow=clippy::result_large_err' '--allow=clippy::redundant_else' '--allow=clippy::range_plus_one' '--allow=clippy::option_option' '--allow=clippy::no_effect_underscore_binding' '--allow=clippy::needless_raw_string_hashes' '--allow=clippy::needless_pass_by_value' '--allow=clippy::needless_for_each' '--allow=clippy::needless_continue' '--allow=clippy::naive_bytecount' '--allow=clippy::mut_mut' '--allow=clippy::must_use_candidate' '--allow=clippy::module_name_repetitions' '--allow=clippy::missing_panics_doc' '--allow=clippy::missing_errors_doc' '--allow=clippy::match_wildcard_for_single_variants' '--allow=clippy::match_wild_err_arm' '--allow=clippy::match_same_arms' '--allow=clippy::match_bool' '--allow=clippy::many_single_char_names' '--allow=clippy::manual_string_new' '--allow=clippy::manual_let_else' '--allow=clippy::manual_is_variant_and' '--allow=clippy::manual_assert' '--allow=clippy::large_stack_arrays' '--allow=clippy::large_enum_variant' '--allow=clippy::iter_without_into_iter' '--allow=clippy::iter_not_returning_iterator' '--allow=clippy::items_after_statements' '--allow=clippy::inline_always' '--allow=clippy::inefficient_to_string' '--allow=clippy::inconsistent_struct_constructor' '--allow=clippy::implicit_clone' '--allow=clippy::ignored_unit_patterns' '--allow=clippy::if_not_else' '--allow=clippy::from_iter_instead_of_collect' '--allow=clippy::fn_params_excessive_bools' '--allow=clippy::filter_map_next' '--allow=clippy::explicit_iter_loop' '--allow=clippy::explicit_into_iter_loop' '--allow=clippy::explicit_deref_methods' '--allow=clippy::enum_glob_use' '--allow=clippy::empty_docs' '--allow=clippy::doc_markdown' '--allow=clippy::default_trait_access' '--allow=clippy::copy_iterator' '--allow=clippy::checked_conversions' '--allow=clippy::cast_sign_loss' '--allow=clippy::cast_precision_loss' '--allow=clippy::cast_possible_wrap' '--allow=clippy::cast_possible_truncation' '--allow=clippy::cast_lossless' '--allow=clippy::borrow_as_ptr' '--allow=clippy::bool_to_int_with_if' --check-cfg 'cfg(docsrs,test)' --check-cfg 'cfg(feature, values("anyhow", "auto-chain-error", "document-features", "tree-error"))' -C metadata=a886235362e6f5c8 -C extra-filename=-abff1358f93302bd --out-dir /tmp/cargo-mutants-casm-PaMmur.tmp/target/debug/deps -L dependency=/tmp/cargo-mutants-casm-PaMmur.tmp/target/debug/deps --extern bstr=/tmp/cargo-mutants-casm-PaMmur.tmp/target/debug/deps/libbstr-94da861d99843f38.rmeta --cap-lints allow`
   Compiling gix-features v0.49.0
     Running `/home/srinivasan/.rustup/toolchains/nightly-x86_64-unknown-linux-gnu/bin/rustc --crate-name gix_features --edition=2024 /home/srinivasan/.cargo/registry/src/index.crates.io-1949cf8c6b5b557f/gix-features-0.49.0/src/lib.rs --error-format=json --json=diagnostic-rendered-ansi,artifacts,future-incompat --crate-type lib --emit=dep-info,metadata,link -C embed-bitcode=no -C debuginfo=2 '--warn=clippy::pedantic' '--allow=clippy::wildcard_imports' '--allow=clippy::used_underscore_binding' '--allow=clippy::unused_self' '--allow=clippy::unreadable_literal' '--allow=clippy::unnecessary_wraps' '--allow=clippy::unnecessary_join' '--allow=clippy::trivially_copy_pass_by_ref' '--allow=clippy::transmute_ptr_to_ptr' '--allow=clippy::too_many_lines' '--allow=clippy::too_long_first_doc_paragraph' '--allow=clippy::struct_field_names' '--allow=clippy::struct_excessive_bools' '--allow=clippy::stable_sort_primitive' '--allow=clippy::single_match_else' '--allow=clippy::similar_names' '--allow=clippy::should_panic_without_expect' '--allow=clippy::return_self_not_must_use' '--allow=clippy::result_large_err' '--allow=clippy::redundant_else' '--allow=clippy::range_plus_one' '--allow=clippy::option_option' '--allow=clippy::no_effect_underscore_binding' '--allow=clippy::needless_raw_string_hashes' '--allow=clippy::needless_pass_by_value' '--allow=clippy::needless_for_each' '--allow=clippy::needless_continue' '--allow=clippy::naive_bytecount' '--allow=clippy::mut_mut' '--allow=clippy::must_use_candidate' '--allow=clippy::module_name_repetitions' '--allow=clippy::missing_panics_doc' '--allow=clippy::missing_errors_doc' '--allow=clippy::match_wildcard_for_single_variants' '--allow=clippy::match_wild_err_arm' '--allow=clippy::match_same_arms' '--allow=clippy::match_bool' '--allow=clippy::many_single_char_names' '--allow=clippy::manual_string_new' '--allow=clippy::manual_let_else' '--allow=clippy::manual_is_variant_and' '--allow=clippy::manual_assert' '--allow=clippy::large_stack_arrays' '--allow=clippy::large_enum_variant' '--allow=clippy::iter_without_into_iter' '--allow=clippy::iter_not_returning_iterator' '--allow=clippy::items_after_statements' '--allow=clippy::inline_always' '--allow=clippy::inefficient_to_string' '--allow=clippy::inconsistent_struct_constructor' '--allow=clippy::implicit_clone' '--allow=clippy::ignored_unit_patterns' '--allow=clippy::if_not_else' '--allow=clippy::from_iter_instead_of_collect' '--allow=clippy::fn_params_excessive_bools' '--allow=clippy::filter_map_next' '--allow=clippy::explicit_iter_loop' '--allow=clippy::explicit_into_iter_loop' '--allow=clippy::explicit_deref_methods' '--allow=clippy::enum_glob_use' '--allow=clippy::empty_docs' '--allow=clippy::doc_markdown' '--allow=clippy::default_trait_access' '--allow=clippy::copy_iterator' '--allow=clippy::checked_conversions' '--allow=clippy::cast_sign_loss' '--allow=clippy::cast_precision_loss' '--allow=clippy::cast_possible_wrap' '--allow=clippy::cast_possible_truncation' '--allow=clippy::cast_lossless' '--allow=clippy::borrow_as_ptr' '--allow=clippy::bool_to_int_with_if' --cfg 'feature="crc32"' --cfg 'feature="default"' --cfg 'feature="fs-read-dir"' --cfg 'feature="once_cell"' --cfg 'feature="parallel"' --cfg 'feature="prodash"' --cfg 'feature="progress"' --cfg 'feature="walkdir"' --check-cfg 'cfg(docsrs,test)' --check-cfg 'cfg(feature, values("cache-efficiency-debug", "crc32", "default", "document-features", "fs-read-dir", "io-pipe", "once_cell", "parallel", "prodash", "progress", "progress-unit-bytes", "progress-unit-human-numbers", "tracing", "tracing-detail", "walkdir"))' -C metadata=db473b5e1322b8ac -C extra-filename=-2b7337ebc7a64097 --out-dir /tmp/cargo-mutants-casm-PaMmur.tmp/target/debug/deps -L dependency=/tmp/cargo-mutants-casm-PaMmur.tmp/target/debug/deps --extern crc32fast=/tmp/cargo-mutants-casm-PaMmur.tmp/target/debug/deps/libcrc32fast-708b19cc9b243303.rmeta --extern crossbeam_channel=/tmp/cargo-mutants-casm-PaMmur.tmp/target/debug/deps/libcrossbeam_channel-980e142a4b6fb5ca.rmeta --extern gix_path=/tmp/cargo-mutants-casm-PaMmur.tmp/target/debug/deps/libgix_path-ad720a692c9bd585.rmeta --extern gix_trace=/tmp/cargo-mutants-casm-PaMmur.tmp/target/debug/deps/libgix_trace-fe3ae1ba08dc3b9c.rmeta --extern gix_utils=/tmp/cargo-mutants-casm-PaMmur.tmp/target/debug/deps/libgix_utils-be9213fa8d232b57.rmeta --extern libc=/tmp/cargo-mutants-casm-PaMmur.tmp/target/debug/deps/liblibc-65418387ff813146.rmeta --extern once_cell=/tmp/cargo-mutants-casm-PaMmur.tmp/target/debug/deps/libonce_cell-b1fd511a994cb72e.rmeta --extern parking_lot=/tmp/cargo-mutants-casm-PaMmur.tmp/target/debug/deps/libparking_lot-39ddd99db7181d60.rmeta --extern prodash=/tmp/cargo-mutants-casm-PaMmur.tmp/target/debug/deps/libprodash-11e897c2a77e837c.rmeta --extern walkdir=/tmp/cargo-mutants-casm-PaMmur.tmp/target/debug/deps/libwalkdir-3557b61e28119794.rmeta --cap-lints allow`
   Compiling gix-date v0.15.6
     Running `/home/srinivasan/.rustup/toolchains/nightly-x86_64-unknown-linux-gnu/bin/rustc --crate-name gix_date --edition=2024 /home/srinivasan/.cargo/registry/src/index.crates.io-1949cf8c6b5b557f/gix-date-0.15.6/src/lib.rs --error-format=json --json=diagnostic-rendered-ansi,artifacts,future-incompat --crate-type lib --emit=dep-info,metadata,link -C embed-bitcode=no -C debuginfo=2 '--warn=clippy::pedantic' '--allow=clippy::wildcard_imports' '--allow=clippy::used_underscore_binding' '--allow=clippy::unused_self' '--allow=clippy::unreadable_literal' '--allow=clippy::unnecessary_wraps' '--allow=clippy::unnecessary_join' '--allow=clippy::trivially_copy_pass_by_ref' '--allow=clippy::transmute_ptr_to_ptr' '--allow=clippy::too_many_lines' '--allow=clippy::too_long_first_doc_paragraph' '--allow=clippy::struct_field_names' '--allow=clippy::struct_excessive_bools' '--allow=clippy::stable_sort_primitive' '--allow=clippy::single_match_else' '--allow=clippy::similar_names' '--allow=clippy::should_panic_without_expect' '--allow=clippy::return_self_not_must_use' '--allow=clippy::result_large_err' '--allow=clippy::redundant_else' '--allow=clippy::range_plus_one' '--allow=clippy::option_option' '--allow=clippy::no_effect_underscore_binding' '--allow=clippy::needless_raw_string_hashes' '--allow=clippy::needless_pass_by_value' '--allow=clippy::needless_for_each' '--allow=clippy::needless_continue' '--allow=clippy::naive_bytecount' '--allow=clippy::mut_mut' '--allow=clippy::must_use_candidate' '--allow=clippy::module_name_repetitions' '--allow=clippy::missing_panics_doc' '--allow=clippy::missing_errors_doc' '--allow=clippy::match_wildcard_for_single_variants' '--allow=clippy::match_wild_err_arm' '--allow=clippy::match_same_arms' '--allow=clippy::match_bool' '--allow=clippy::many_single_char_names' '--allow=clippy::manual_string_new' '--allow=clippy::manual_let_else' '--allow=clippy::manual_is_variant_and' '--allow=clippy::manual_assert' '--allow=clippy::large_stack_arrays' '--allow=clippy::large_enum_variant' '--allow=clippy::iter_without_into_iter' '--allow=clippy::iter_not_returning_iterator' '--allow=clippy::items_after_statements' '--allow=clippy::inline_always' '--allow=clippy::inefficient_to_string' '--allow=clippy::inconsistent_struct_constructor' '--allow=clippy::implicit_clone' '--allow=clippy::ignored_unit_patterns' '--allow=clippy::if_not_else' '--allow=clippy::from_iter_instead_of_collect' '--allow=clippy::fn_params_excessive_bools' '--allow=clippy::filter_map_next' '--allow=clippy::explicit_iter_loop' '--allow=clippy::explicit_into_iter_loop' '--allow=clippy::explicit_deref_methods' '--allow=clippy::enum_glob_use' '--allow=clippy::empty_docs' '--allow=clippy::doc_markdown' '--allow=clippy::default_trait_access' '--allow=clippy::copy_iterator' '--allow=clippy::checked_conversions' '--allow=clippy::cast_sign_loss' '--allow=clippy::cast_precision_loss' '--allow=clippy::cast_possible_wrap' '--allow=clippy::cast_possible_truncation' '--allow=clippy::cast_lossless' '--allow=clippy::borrow_as_ptr' '--allow=clippy::bool_to_int_with_if' --check-cfg 'cfg(docsrs,test)' --check-cfg 'cfg(feature, values("document-features", "serde"))' -C metadata=547b69385c059712 -C extra-filename=-a99f03dfbebc6bec --out-dir /tmp/cargo-mutants-casm-PaMmur.tmp/target/debug/deps -L dependency=/tmp/cargo-mutants-casm-PaMmur.tmp/target/debug/deps --extern bstr=/tmp/cargo-mutants-casm-PaMmur.tmp/target/debug/deps/libbstr-94da861d99843f38.rmeta --extern gix_error=/tmp/cargo-mutants-casm-PaMmur.tmp/target/debug/deps/libgix_error-abff1358f93302bd.rmeta --extern itoa=/tmp/cargo-mutants-casm-PaMmur.tmp/target/debug/deps/libitoa-6a6d3f3d53caa1d6.rmeta --extern jiff=/tmp/cargo-mutants-casm-PaMmur.tmp/target/debug/deps/libjiff-3299f6ff8dbc1951.rmeta --cap-lints allow`
   Compiling gix-hash v0.26.0
     Running `/home/srinivasan/.rustup/toolchains/nightly-x86_64-unknown-linux-gnu/bin/rustc --crate-name gix_hash --edition=2024 /home/srinivasan/.cargo/registry/src/index.crates.io-1949cf8c6b5b557f/gix-hash-0.26.0/src/lib.rs --error-format=json --json=diagnostic-rendered-ansi,artifacts,future-incompat --crate-type lib --emit=dep-info,metadata,link -C embed-bitcode=no -C debuginfo=2 '--warn=clippy::pedantic' '--allow=clippy::wildcard_imports' '--allow=clippy::used_underscore_binding' '--allow=clippy::unused_self' '--allow=clippy::unreadable_literal' '--allow=clippy::unnecessary_wraps' '--allow=clippy::unnecessary_join' '--allow=clippy::trivially_copy_pass_by_ref' '--allow=clippy::transmute_ptr_to_ptr' '--allow=clippy::too_many_lines' '--allow=clippy::too_long_first_doc_paragraph' '--allow=clippy::struct_field_names' '--allow=clippy::struct_excessive_bools' '--allow=clippy::stable_sort_primitive' '--allow=clippy::single_match_else' '--allow=clippy::similar_names' '--allow=clippy::should_panic_without_expect' '--allow=clippy::return_self_not_must_use' '--allow=clippy::result_large_err' '--allow=clippy::redundant_else' '--allow=clippy::range_plus_one' '--allow=clippy::option_option' '--allow=clippy::no_effect_underscore_binding' '--allow=clippy::needless_raw_string_hashes' '--allow=clippy::needless_pass_by_value' '--allow=clippy::needless_for_each' '--allow=clippy::needless_continue' '--allow=clippy::naive_bytecount' '--allow=clippy::mut_mut' '--allow=clippy::must_use_candidate' '--allow=clippy::module_name_repetitions' '--allow=clippy::missing_panics_doc' '--allow=clippy::missing_errors_doc' '--allow=clippy::match_wildcard_for_single_variants' '--allow=clippy::match_wild_err_arm' '--allow=clippy::match_same_arms' '--allow=clippy::match_bool' '--allow=clippy::many_single_char_names' '--allow=clippy::manual_string_new' '--allow=clippy::manual_let_else' '--allow=clippy::manual_is_variant_and' '--allow=clippy::manual_assert' '--allow=clippy::large_stack_arrays' '--allow=clippy::large_enum_variant' '--allow=clippy::iter_without_into_iter' '--allow=clippy::iter_not_returning_iterator' '--allow=clippy::items_after_statements' '--allow=clippy::inline_always' '--allow=clippy::inefficient_to_string' '--allow=clippy::inconsistent_struct_constructor' '--allow=clippy::implicit_clone' '--allow=clippy::ignored_unit_patterns' '--allow=clippy::if_not_else' '--allow=clippy::from_iter_instead_of_collect' '--allow=clippy::fn_params_excessive_bools' '--allow=clippy::filter_map_next' '--allow=clippy::explicit_iter_loop' '--allow=clippy::explicit_into_iter_loop' '--allow=clippy::explicit_deref_methods' '--allow=clippy::enum_glob_use' '--allow=clippy::empty_docs' '--allow=clippy::doc_markdown' '--allow=clippy::default_trait_access' '--allow=clippy::copy_iterator' '--allow=clippy::checked_conversions' '--allow=clippy::cast_sign_loss' '--allow=clippy::cast_precision_loss' '--allow=clippy::cast_possible_wrap' '--allow=clippy::cast_possible_truncation' '--allow=clippy::cast_lossless' '--allow=clippy::borrow_as_ptr' '--allow=clippy::bool_to_int_with_if' --cfg 'feature="default"' --cfg 'feature="sha1"' --check-cfg 'cfg(docsrs,test)' --check-cfg 'cfg(feature, values("default", "document-features", "serde", "sha1", "sha256"))' -C metadata=514481fa184baaa7 -C extra-filename=-4bf740fa70ef3be8 --out-dir /tmp/cargo-mutants-casm-PaMmur.tmp/target/debug/deps -L dependency=/tmp/cargo-mutants-casm-PaMmur.tmp/target/debug/deps --extern faster_hex=/tmp/cargo-mutants-casm-PaMmur.tmp/target/debug/deps/libfaster_hex-5c80c370e0c410ba.rmeta --extern gix_features=/tmp/cargo-mutants-casm-PaMmur.tmp/target/debug/deps/libgix_features-2b7337ebc7a64097.rmeta --extern sha1_checked=/tmp/cargo-mutants-casm-PaMmur.tmp/target/debug/deps/libsha1_checked-f2ae1a2778d69435.rmeta --extern thiserror=/tmp/cargo-mutants-casm-PaMmur.tmp/target/debug/deps/libthiserror-6c739655cb578a90.rmeta --cap-lints allow`
   Compiling gix-hashtable v0.16.0
     Running `/home/srinivasan/.rustup/toolchains/nightly-x86_64-unknown-linux-gnu/bin/rustc --crate-name gix_hashtable --edition=2024 /home/srinivasan/.cargo/registry/src/index.crates.io-1949cf8c6b5b557f/gix-hashtable-0.16.0/src/lib.rs --error-format=json --json=diagnostic-rendered-ansi,artifacts,future-incompat --crate-type lib --emit=dep-info,metadata,link -C embed-bitcode=no -C debuginfo=2 '--warn=clippy::pedantic' '--allow=clippy::wildcard_imports' '--allow=clippy::used_underscore_binding' '--allow=clippy::unused_self' '--allow=clippy::unreadable_literal' '--allow=clippy::unnecessary_wraps' '--allow=clippy::unnecessary_join' '--allow=clippy::trivially_copy_pass_by_ref' '--allow=clippy::transmute_ptr_to_ptr' '--allow=clippy::too_many_lines' '--allow=clippy::too_long_first_doc_paragraph' '--allow=clippy::struct_field_names' '--allow=clippy::struct_excessive_bools' '--allow=clippy::stable_sort_primitive' '--allow=clippy::single_match_else' '--allow=clippy::similar_names' '--allow=clippy::should_panic_without_expect' '--allow=clippy::return_self_not_must_use' '--allow=clippy::result_large_err' '--allow=clippy::redundant_else' '--allow=clippy::range_plus_one' '--allow=clippy::option_option' '--allow=clippy::no_effect_underscore_binding' '--allow=clippy::needless_raw_string_hashes' '--allow=clippy::needless_pass_by_value' '--allow=clippy::needless_for_each' '--allow=clippy::needless_continue' '--allow=clippy::naive_bytecount' '--allow=clippy::mut_mut' '--allow=clippy::must_use_candidate' '--allow=clippy::module_name_repetitions' '--allow=clippy::missing_panics_doc' '--allow=clippy::missing_errors_doc' '--allow=clippy::match_wildcard_for_single_variants' '--allow=clippy::match_wild_err_arm' '--allow=clippy::match_same_arms' '--allow=clippy::match_bool' '--allow=clippy::many_single_char_names' '--allow=clippy::manual_string_new' '--allow=clippy::manual_let_else' '--allow=clippy::manual_is_variant_and' '--allow=clippy::manual_assert' '--allow=clippy::large_stack_arrays' '--allow=clippy::large_enum_variant' '--allow=clippy::iter_without_into_iter' '--allow=clippy::iter_not_returning_iterator' '--allow=clippy::items_after_statements' '--allow=clippy::inline_always' '--allow=clippy::inefficient_to_string' '--allow=clippy::inconsistent_struct_constructor' '--allow=clippy::implicit_clone' '--allow=clippy::ignored_unit_patterns' '--allow=clippy::if_not_else' '--allow=clippy::from_iter_instead_of_collect' '--allow=clippy::fn_params_excessive_bools' '--allow=clippy::filter_map_next' '--allow=clippy::explicit_iter_loop' '--allow=clippy::explicit_into_iter_loop' '--allow=clippy::explicit_deref_methods' '--allow=clippy::enum_glob_use' '--allow=clippy::empty_docs' '--allow=clippy::doc_markdown' '--allow=clippy::default_trait_access' '--allow=clippy::copy_iterator' '--allow=clippy::checked_conversions' '--allow=clippy::cast_sign_loss' '--allow=clippy::cast_precision_loss' '--allow=clippy::cast_possible_wrap' '--allow=clippy::cast_possible_truncation' '--allow=clippy::cast_lossless' '--allow=clippy::borrow_as_ptr' '--allow=clippy::bool_to_int_with_if' --check-cfg 'cfg(docsrs,test)' --check-cfg 'cfg(feature, values("sha1", "sha256"))' -C metadata=21278228dc309097 -C extra-filename=-504c4f28c5beba6e --out-dir /tmp/cargo-mutants-casm-PaMmur.tmp/target/debug/deps -L dependency=/tmp/cargo-mutants-casm-PaMmur.tmp/target/debug/deps --extern gix_hash=/tmp/cargo-mutants-casm-PaMmur.tmp/target/debug/deps/libgix_hash-4bf740fa70ef3be8.rmeta --extern hashbrown=/tmp/cargo-mutants-casm-PaMmur.tmp/target/debug/deps/libhashbrown-9a41c5781a4c5195.rmeta --extern parking_lot=/tmp/cargo-mutants-casm-PaMmur.tmp/target/debug/deps/libparking_lot-39ddd99db7181d60.rmeta --cap-lints allow`
   Compiling gix-actor v0.41.2
     Running `/home/srinivasan/.rustup/toolchains/nightly-x86_64-unknown-linux-gnu/bin/rustc --crate-name gix_actor --edition=2024 /home/srinivasan/.cargo/registry/src/index.crates.io-1949cf8c6b5b557f/gix-actor-0.41.2/src/lib.rs --error-format=json --json=diagnostic-rendered-ansi,artifacts,future-incompat --crate-type lib --emit=dep-info,metadata,link -C embed-bitcode=no -C debuginfo=2 '--warn=clippy::pedantic' '--allow=clippy::wildcard_imports' '--allow=clippy::used_underscore_binding' '--allow=clippy::unused_self' '--allow=clippy::unreadable_literal' '--allow=clippy::unnecessary_wraps' '--allow=clippy::unnecessary_join' '--allow=clippy::trivially_copy_pass_by_ref' '--allow=clippy::transmute_ptr_to_ptr' '--allow=clippy::too_many_lines' '--allow=clippy::too_long_first_doc_paragraph' '--allow=clippy::struct_field_names' '--allow=clippy::struct_excessive_bools' '--allow=clippy::stable_sort_primitive' '--allow=clippy::single_match_else' '--allow=clippy::similar_names' '--allow=clippy::should_panic_without_expect' '--allow=clippy::return_self_not_must_use' '--allow=clippy::result_large_err' '--allow=clippy::redundant_else' '--allow=clippy::range_plus_one' '--allow=clippy::option_option' '--allow=clippy::no_effect_underscore_binding' '--allow=clippy::needless_raw_string_hashes' '--allow=clippy::needless_pass_by_value' '--allow=clippy::needless_for_each' '--allow=clippy::needless_continue' '--allow=clippy::naive_bytecount' '--allow=clippy::mut_mut' '--allow=clippy::must_use_candidate' '--allow=clippy::module_name_repetitions' '--allow=clippy::missing_panics_doc' '--allow=clippy::missing_errors_doc' '--allow=clippy::match_wildcard_for_single_variants' '--allow=clippy::match_wild_err_arm' '--allow=clippy::match_same_arms' '--allow=clippy::match_bool' '--allow=clippy::many_single_char_names' '--allow=clippy::manual_string_new' '--allow=clippy::manual_let_else' '--allow=clippy::manual_is_variant_and' '--allow=clippy::manual_assert' '--allow=clippy::large_stack_arrays' '--allow=clippy::large_enum_variant' '--allow=clippy::iter_without_into_iter' '--allow=clippy::iter_not_returning_iterator' '--allow=clippy::items_after_statements' '--allow=clippy::inline_always' '--allow=clippy::inefficient_to_string' '--allow=clippy::inconsistent_struct_constructor' '--allow=clippy::implicit_clone' '--allow=clippy::ignored_unit_patterns' '--allow=clippy::if_not_else' '--allow=clippy::from_iter_instead_of_collect' '--allow=clippy::fn_params_excessive_bools' '--allow=clippy::filter_map_next' '--allow=clippy::explicit_iter_loop' '--allow=clippy::explicit_into_iter_loop' '--allow=clippy::explicit_deref_methods' '--allow=clippy::enum_glob_use' '--allow=clippy::empty_docs' '--allow=clippy::doc_markdown' '--allow=clippy::default_trait_access' '--allow=clippy::copy_iterator' '--allow=clippy::checked_conversions' '--allow=clippy::cast_sign_loss' '--allow=clippy::cast_precision_loss' '--allow=clippy::cast_possible_wrap' '--allow=clippy::cast_possible_truncation' '--allow=clippy::cast_lossless' '--allow=clippy::borrow_as_ptr' '--allow=clippy::bool_to_int_with_if' --check-cfg 'cfg(docsrs,test)' --check-cfg 'cfg(feature, values("document-features", "serde"))' -C metadata=eabdc317e6f8c39b -C extra-filename=-5ef37b0181e2cc6b --out-dir /tmp/cargo-mutants-casm-PaMmur.tmp/target/debug/deps -L dependency=/tmp/cargo-mutants-casm-PaMmur.tmp/target/debug/deps --extern bstr=/tmp/cargo-mutants-casm-PaMmur.tmp/target/debug/deps/libbstr-94da861d99843f38.rmeta --extern gix_date=/tmp/cargo-mutants-casm-PaMmur.tmp/target/debug/deps/libgix_date-a99f03dfbebc6bec.rmeta --extern gix_error=/tmp/cargo-mutants-casm-PaMmur.tmp/target/debug/deps/libgix_error-abff1358f93302bd.rmeta --cap-lints allow`
   Compiling gix-fs v0.22.0
     Running `/home/srinivasan/.rustup/toolchains/nightly-x86_64-unknown-linux-gnu/bin/rustc --crate-name gix_fs --edition=2024 /home/srinivasan/.cargo/registry/src/index.crates.io-1949cf8c6b5b557f/gix-fs-0.22.0/src/lib.rs --error-format=json --json=diagnostic-rendered-ansi,artifacts,future-incompat --crate-type lib --emit=dep-info,metadata,link -C embed-bitcode=no -C debuginfo=2 '--warn=clippy::pedantic' '--allow=clippy::wildcard_imports' '--allow=clippy::used_underscore_binding' '--allow=clippy::unused_self' '--allow=clippy::unreadable_literal' '--allow=clippy::unnecessary_wraps' '--allow=clippy::unnecessary_join' '--allow=clippy::trivially_copy_pass_by_ref' '--allow=clippy::transmute_ptr_to_ptr' '--allow=clippy::too_many_lines' '--allow=clippy::too_long_first_doc_paragraph' '--allow=clippy::struct_field_names' '--allow=clippy::struct_excessive_bools' '--allow=clippy::stable_sort_primitive' '--allow=clippy::single_match_else' '--allow=clippy::similar_names' '--allow=clippy::should_panic_without_expect' '--allow=clippy::return_self_not_must_use' '--allow=clippy::result_large_err' '--allow=clippy::redundant_else' '--allow=clippy::range_plus_one' '--allow=clippy::option_option' '--allow=clippy::no_effect_underscore_binding' '--allow=clippy::needless_raw_string_hashes' '--allow=clippy::needless_pass_by_value' '--allow=clippy::needless_for_each' '--allow=clippy::needless_continue' '--allow=clippy::naive_bytecount' '--allow=clippy::mut_mut' '--allow=clippy::must_use_candidate' '--allow=clippy::module_name_repetitions' '--allow=clippy::missing_panics_doc' '--allow=clippy::missing_errors_doc' '--allow=clippy::match_wildcard_for_single_variants' '--allow=clippy::match_wild_err_arm' '--allow=clippy::match_same_arms' '--allow=clippy::match_bool' '--allow=clippy::many_single_char_names' '--allow=clippy::manual_string_new' '--allow=clippy::manual_let_else' '--allow=clippy::manual_is_variant_and' '--allow=clippy::manual_assert' '--allow=clippy::large_stack_arrays' '--allow=clippy::large_enum_variant' '--allow=clippy::iter_without_into_iter' '--allow=clippy::iter_not_returning_iterator' '--allow=clippy::items_after_statements' '--allow=clippy::inline_always' '--allow=clippy::inefficient_to_string' '--allow=clippy::inconsistent_struct_constructor' '--allow=clippy::implicit_clone' '--allow=clippy::ignored_unit_patterns' '--allow=clippy::if_not_else' '--allow=clippy::from_iter_instead_of_collect' '--allow=clippy::fn_params_excessive_bools' '--allow=clippy::filter_map_next' '--allow=clippy::explicit_iter_loop' '--allow=clippy::explicit_into_iter_loop' '--allow=clippy::explicit_deref_methods' '--allow=clippy::enum_glob_use' '--allow=clippy::empty_docs' '--allow=clippy::doc_markdown' '--allow=clippy::default_trait_access' '--allow=clippy::copy_iterator' '--allow=clippy::checked_conversions' '--allow=clippy::cast_sign_loss' '--allow=clippy::cast_precision_loss' '--allow=clippy::cast_possible_wrap' '--allow=clippy::cast_possible_truncation' '--allow=clippy::cast_lossless' '--allow=clippy::borrow_as_ptr' '--allow=clippy::bool_to_int_with_if' --check-cfg 'cfg(docsrs,test)' --check-cfg 'cfg(feature, values("serde"))' -C metadata=2269d320b3655677 -C extra-filename=-8cf05bb8128d6b29 --out-dir /tmp/cargo-mutants-casm-PaMmur.tmp/target/debug/deps -L dependency=/tmp/cargo-mutants-casm-PaMmur.tmp/target/debug/deps --extern bstr=/tmp/cargo-mutants-casm-PaMmur.tmp/target/debug/deps/libbstr-94da861d99843f38.rmeta --extern gix_features=/tmp/cargo-mutants-casm-PaMmur.tmp/target/debug/deps/libgix_features-2b7337ebc7a64097.rmeta --extern gix_path=/tmp/cargo-mutants-casm-PaMmur.tmp/target/debug/deps/libgix_path-ad720a692c9bd585.rmeta --extern gix_utils=/tmp/cargo-mutants-casm-PaMmur.tmp/target/debug/deps/libgix_utils-be9213fa8d232b57.rmeta --extern thiserror=/tmp/cargo-mutants-casm-PaMmur.tmp/target/debug/deps/libthiserror-6c739655cb578a90.rmeta --cap-lints allow`
   Compiling gix-object v0.63.0
     Running `/home/srinivasan/.rustup/toolchains/nightly-x86_64-unknown-linux-gnu/bin/rustc --crate-name gix_object --edition=2024 /home/srinivasan/.cargo/registry/src/index.crates.io-1949cf8c6b5b557f/gix-object-0.63.0/src/lib.rs --error-format=json --json=diagnostic-rendered-ansi,artifacts,future-incompat --crate-type lib --emit=dep-info,metadata,link -C embed-bitcode=no -C debuginfo=2 '--warn=clippy::pedantic' '--allow=clippy::wildcard_imports' '--allow=clippy::used_underscore_binding' '--allow=clippy::unused_self' '--allow=clippy::unreadable_literal' '--allow=clippy::unnecessary_wraps' '--allow=clippy::unnecessary_join' '--allow=clippy::trivially_copy_pass_by_ref' '--allow=clippy::transmute_ptr_to_ptr' '--allow=clippy::too_many_lines' '--allow=clippy::too_long_first_doc_paragraph' '--allow=clippy::struct_field_names' '--allow=clippy::struct_excessive_bools' '--allow=clippy::stable_sort_primitive' '--allow=clippy::single_match_else' '--allow=clippy::similar_names' '--allow=clippy::should_panic_without_expect' '--allow=clippy::return_self_not_must_use' '--allow=clippy::result_large_err' '--allow=clippy::redundant_else' '--allow=clippy::range_plus_one' '--allow=clippy::option_option' '--allow=clippy::no_effect_underscore_binding' '--allow=clippy::needless_raw_string_hashes' '--allow=clippy::needless_pass_by_value' '--allow=clippy::needless_for_each' '--allow=clippy::needless_continue' '--allow=clippy::naive_bytecount' '--allow=clippy::mut_mut' '--allow=clippy::must_use_candidate' '--allow=clippy::module_name_repetitions' '--allow=clippy::missing_panics_doc' '--allow=clippy::missing_errors_doc' '--allow=clippy::match_wildcard_for_single_variants' '--allow=clippy::match_wild_err_arm' '--allow=clippy::match_same_arms' '--allow=clippy::match_bool' '--allow=clippy::many_single_char_names' '--allow=clippy::manual_string_new' '--allow=clippy::manual_let_else' '--allow=clippy::manual_is_variant_and' '--allow=clippy::manual_assert' '--allow=clippy::large_stack_arrays' '--allow=clippy::large_enum_variant' '--allow=clippy::iter_without_into_iter' '--allow=clippy::iter_not_returning_iterator' '--allow=clippy::items_after_statements' '--allow=clippy::inline_always' '--allow=clippy::inefficient_to_string' '--allow=clippy::inconsistent_struct_constructor' '--allow=clippy::implicit_clone' '--allow=clippy::ignored_unit_patterns' '--allow=clippy::if_not_else' '--allow=clippy::from_iter_instead_of_collect' '--allow=clippy::fn_params_excessive_bools' '--allow=clippy::filter_map_next' '--allow=clippy::explicit_iter_loop' '--allow=clippy::explicit_into_iter_loop' '--allow=clippy::explicit_deref_methods' '--allow=clippy::enum_glob_use' '--allow=clippy::empty_docs' '--allow=clippy::doc_markdown' '--allow=clippy::default_trait_access' '--allow=clippy::copy_iterator' '--allow=clippy::checked_conversions' '--allow=clippy::cast_sign_loss' '--allow=clippy::cast_precision_loss' '--allow=clippy::cast_possible_wrap' '--allow=clippy::cast_possible_truncation' '--allow=clippy::cast_lossless' '--allow=clippy::borrow_as_ptr' '--allow=clippy::bool_to_int_with_if' --check-cfg 'cfg(docsrs,test)' --check-cfg 'cfg(feature, values("document-features", "serde", "sha1", "sha256"))' -C metadata=2bf92826d51b030b -C extra-filename=-e1fb726db5135e58 --out-dir /tmp/cargo-mutants-casm-PaMmur.tmp/target/debug/deps -L dependency=/tmp/cargo-mutants-casm-PaMmur.tmp/target/debug/deps --extern bstr=/tmp/cargo-mutants-casm-PaMmur.tmp/target/debug/deps/libbstr-94da861d99843f38.rmeta --extern gix_actor=/tmp/cargo-mutants-casm-PaMmur.tmp/target/debug/deps/libgix_actor-5ef37b0181e2cc6b.rmeta --extern gix_date=/tmp/cargo-mutants-casm-PaMmur.tmp/target/debug/deps/libgix_date-a99f03dfbebc6bec.rmeta --extern gix_features=/tmp/cargo-mutants-casm-PaMmur.tmp/target/debug/deps/libgix_features-2b7337ebc7a64097.rmeta --extern gix_hash=/tmp/cargo-mutants-casm-PaMmur.tmp/target/debug/deps/libgix_hash-4bf740fa70ef3be8.rmeta --extern gix_hashtable=/tmp/cargo-mutants-casm-PaMmur.tmp/target/debug/deps/libgix_hashtable-504c4f28c5beba6e.rmeta --extern gix_utils=/tmp/cargo-mutants-casm-PaMmur.tmp/target/debug/deps/libgix_utils-be9213fa8d232b57.rmeta --extern gix_validate=/tmp/cargo-mutants-casm-PaMmur.tmp/target/debug/deps/libgix_validate-76a43d9cff1fb6ae.rmeta --extern itoa=/tmp/cargo-mutants-casm-PaMmur.tmp/target/debug/deps/libitoa-6a6d3f3d53caa1d6.rmeta --extern smallvec=/tmp/cargo-mutants-casm-PaMmur.tmp/target/debug/deps/libsmallvec-00c65a5ffe2221d3.rmeta --extern thiserror=/tmp/cargo-mutants-casm-PaMmur.tmp/target/debug/deps/libthiserror-6c739655cb578a90.rmeta --cap-lints allow`
   Compiling gix-chunk v0.7.3
     Running `/home/srinivasan/.rustup/toolchains/nightly-x86_64-unknown-linux-gnu/bin/rustc --crate-name gix_chunk --edition=2024 /home/srinivasan/.cargo/registry/src/index.crates.io-1949cf8c6b5b557f/gix-chunk-0.7.3/src/lib.rs --error-format=json --json=diagnostic-rendered-ansi,artifacts,future-incompat --crate-type lib --emit=dep-info,metadata,link -C embed-bitcode=no -C debuginfo=2 '--warn=clippy::pedantic' '--allow=clippy::wildcard_imports' '--allow=clippy::used_underscore_binding' '--allow=clippy::unused_self' '--allow=clippy::unreadable_literal' '--allow=clippy::unnecessary_wraps' '--allow=clippy::unnecessary_join' '--allow=clippy::trivially_copy_pass_by_ref' '--allow=clippy::transmute_ptr_to_ptr' '--allow=clippy::too_many_lines' '--allow=clippy::too_long_first_doc_paragraph' '--allow=clippy::struct_field_names' '--allow=clippy::struct_excessive_bools' '--allow=clippy::stable_sort_primitive' '--allow=clippy::single_match_else' '--allow=clippy::similar_names' '--allow=clippy::should_panic_without_expect' '--allow=clippy::return_self_not_must_use' '--allow=clippy::result_large_err' '--allow=clippy::redundant_else' '--allow=clippy::range_plus_one' '--allow=clippy::option_option' '--allow=clippy::no_effect_underscore_binding' '--allow=clippy::needless_raw_string_hashes' '--allow=clippy::needless_pass_by_value' '--allow=clippy::needless_for_each' '--allow=clippy::needless_continue' '--allow=clippy::naive_bytecount' '--allow=clippy::mut_mut' '--allow=clippy::must_use_candidate' '--allow=clippy::module_name_repetitions' '--allow=clippy::missing_panics_doc' '--allow=clippy::missing_errors_doc' '--allow=clippy::match_wildcard_for_single_variants' '--allow=clippy::match_wild_err_arm' '--allow=clippy::match_same_arms' '--allow=clippy::match_bool' '--allow=clippy::many_single_char_names' '--allow=clippy::manual_string_new' '--allow=clippy::manual_let_else' '--allow=clippy::manual_is_variant_and' '--allow=clippy::manual_assert' '--allow=clippy::large_stack_arrays' '--allow=clippy::large_enum_variant' '--allow=clippy::iter_without_into_iter' '--allow=clippy::iter_not_returning_iterator' '--allow=clippy::items_after_statements' '--allow=clippy::inline_always' '--allow=clippy::inefficient_to_string' '--allow=clippy::inconsistent_struct_constructor' '--allow=clippy::implicit_clone' '--allow=clippy::ignored_unit_patterns' '--allow=clippy::if_not_else' '--allow=clippy::from_iter_instead_of_collect' '--allow=clippy::fn_params_excessive_bools' '--allow=clippy::filter_map_next' '--allow=clippy::explicit_iter_loop' '--allow=clippy::explicit_into_iter_loop' '--allow=clippy::explicit_deref_methods' '--allow=clippy::enum_glob_use' '--allow=clippy::empty_docs' '--allow=clippy::doc_markdown' '--allow=clippy::default_trait_access' '--allow=clippy::copy_iterator' '--allow=clippy::checked_conversions' '--allow=clippy::cast_sign_loss' '--allow=clippy::cast_precision_loss' '--allow=clippy::cast_possible_wrap' '--allow=clippy::cast_possible_truncation' '--allow=clippy::cast_lossless' '--allow=clippy::borrow_as_ptr' '--allow=clippy::bool_to_int_with_if' --check-cfg 'cfg(docsrs,test)' --check-cfg 'cfg(feature, values())' -C metadata=ca80b7a37513648f -C extra-filename=-ce761f9cc44ad443 --out-dir /tmp/cargo-mutants-casm-PaMmur.tmp/target/debug/deps -L dependency=/tmp/cargo-mutants-casm-PaMmur.tmp/target/debug/deps --extern gix_error=/tmp/cargo-mutants-casm-PaMmur.tmp/target/debug/deps/libgix_error-abff1358f93302bd.rmeta --cap-lints allow`
   Compiling gix-tempfile v24.0.0
     Running `/home/srinivasan/.rustup/toolchains/nightly-x86_64-unknown-linux-gnu/bin/rustc --crate-name gix_tempfile --edition=2024 /home/srinivasan/.cargo/registry/src/index.crates.io-1949cf8c6b5b557f/gix-tempfile-24.0.0/src/lib.rs --error-format=json --json=diagnostic-rendered-ansi,artifacts,future-incompat --crate-type lib --emit=dep-info,metadata,link -C embed-bitcode=no -C debuginfo=2 '--warn=clippy::pedantic' '--allow=clippy::wildcard_imports' '--allow=clippy::used_underscore_binding' '--allow=clippy::unused_self' '--allow=clippy::unreadable_literal' '--allow=clippy::unnecessary_wraps' '--allow=clippy::unnecessary_join' '--allow=clippy::trivially_copy_pass_by_ref' '--allow=clippy::transmute_ptr_to_ptr' '--allow=clippy::too_many_lines' '--allow=clippy::too_long_first_doc_paragraph' '--allow=clippy::struct_field_names' '--allow=clippy::struct_excessive_bools' '--allow=clippy::stable_sort_primitive' '--allow=clippy::single_match_else' '--allow=clippy::similar_names' '--allow=clippy::should_panic_without_expect' '--allow=clippy::return_self_not_must_use' '--allow=clippy::result_large_err' '--allow=clippy::redundant_else' '--allow=clippy::range_plus_one' '--allow=clippy::option_option' '--allow=clippy::no_effect_underscore_binding' '--allow=clippy::needless_raw_string_hashes' '--allow=clippy::needless_pass_by_value' '--allow=clippy::needless_for_each' '--allow=clippy::needless_continue' '--allow=clippy::naive_bytecount' '--allow=clippy::mut_mut' '--allow=clippy::must_use_candidate' '--allow=clippy::module_name_repetitions' '--allow=clippy::missing_panics_doc' '--allow=clippy::missing_errors_doc' '--allow=clippy::match_wildcard_for_single_variants' '--allow=clippy::match_wild_err_arm' '--allow=clippy::match_same_arms' '--allow=clippy::match_bool' '--allow=clippy::many_single_char_names' '--allow=clippy::manual_string_new' '--allow=clippy::manual_let_else' '--allow=clippy::manual_is_variant_and' '--allow=clippy::manual_assert' '--allow=clippy::large_stack_arrays' '--allow=clippy::large_enum_variant' '--allow=clippy::iter_without_into_iter' '--allow=clippy::iter_not_returning_iterator' '--allow=clippy::items_after_statements' '--allow=clippy::inline_always' '--allow=clippy::inefficient_to_string' '--allow=clippy::inconsistent_struct_constructor' '--allow=clippy::implicit_clone' '--allow=clippy::ignored_unit_patterns' '--allow=clippy::if_not_else' '--allow=clippy::from_iter_instead_of_collect' '--allow=clippy::fn_params_excessive_bools' '--allow=clippy::filter_map_next' '--allow=clippy::explicit_iter_loop' '--allow=clippy::explicit_into_iter_loop' '--allow=clippy::explicit_deref_methods' '--allow=clippy::enum_glob_use' '--allow=clippy::empty_docs' '--allow=clippy::doc_markdown' '--allow=clippy::default_trait_access' '--allow=clippy::copy_iterator' '--allow=clippy::checked_conversions' '--allow=clippy::cast_sign_loss' '--allow=clippy::cast_precision_loss' '--allow=clippy::cast_possible_wrap' '--allow=clippy::cast_possible_truncation' '--allow=clippy::cast_lossless' '--allow=clippy::borrow_as_ptr' '--allow=clippy::bool_to_int_with_if' --cfg 'feature="default"' --cfg 'feature="hp-hashmap"' --check-cfg 'cfg(docsrs,test)' --check-cfg 'cfg(feature, values("default", "document-features", "hp-hashmap", "signals"))' -C metadata=4b17a80bc10394d7 -C extra-filename=-18883c92c0e1f37e --out-dir /tmp/cargo-mutants-casm-PaMmur.tmp/target/debug/deps -L dependency=/tmp/cargo-mutants-casm-PaMmur.tmp/target/debug/deps --extern dashmap=/tmp/cargo-mutants-casm-PaMmur.tmp/target/debug/deps/libdashmap-dddd7ee1d59fee1c.rmeta --extern gix_fs=/tmp/cargo-mutants-casm-PaMmur.tmp/target/debug/deps/libgix_fs-8cf05bb8128d6b29.rmeta --extern libc=/tmp/cargo-mutants-casm-PaMmur.tmp/target/debug/deps/liblibc-65418387ff813146.rmeta --extern parking_lot=/tmp/cargo-mutants-casm-PaMmur.tmp/target/debug/deps/libparking_lot-39ddd99db7181d60.rmeta --extern tempfile=/tmp/cargo-mutants-casm-PaMmur.tmp/target/debug/deps/libtempfile-662441bb159ee7fb.rmeta --cap-lints allow`
   Compiling gix-quote v0.7.2
     Running `/home/srinivasan/.rustup/toolchains/nightly-x86_64-unknown-linux-gnu/bin/rustc --crate-name gix_quote --edition=2024 /home/srinivasan/.cargo/registry/src/index.crates.io-1949cf8c6b5b557f/gix-quote-0.7.2/src/lib.rs --error-format=json --json=diagnostic-rendered-ansi,artifacts,future-incompat --crate-type lib --emit=dep-info,metadata,link -C embed-bitcode=no -C debuginfo=2 '--warn=clippy::pedantic' '--allow=clippy::wildcard_imports' '--allow=clippy::used_underscore_binding' '--allow=clippy::unused_self' '--allow=clippy::unreadable_literal' '--allow=clippy::unnecessary_wraps' '--allow=clippy::unnecessary_join' '--allow=clippy::trivially_copy_pass_by_ref' '--allow=clippy::transmute_ptr_to_ptr' '--allow=clippy::too_many_lines' '--allow=clippy::too_long_first_doc_paragraph' '--allow=clippy::struct_field_names' '--allow=clippy::struct_excessive_bools' '--allow=clippy::stable_sort_primitive' '--allow=clippy::single_match_else' '--allow=clippy::similar_names' '--allow=clippy::should_panic_without_expect' '--allow=clippy::return_self_not_must_use' '--allow=clippy::result_large_err' '--allow=clippy::redundant_else' '--allow=clippy::range_plus_one' '--allow=clippy::option_option' '--allow=clippy::no_effect_underscore_binding' '--allow=clippy::needless_raw_string_hashes' '--allow=clippy::needless_pass_by_value' '--allow=clippy::needless_for_each' '--allow=clippy::needless_continue' '--allow=clippy::naive_bytecount' '--allow=clippy::mut_mut' '--allow=clippy::must_use_candidate' '--allow=clippy::module_name_repetitions' '--allow=clippy::missing_panics_doc' '--allow=clippy::missing_errors_doc' '--allow=clippy::match_wildcard_for_single_variants' '--allow=clippy::match_wild_err_arm' '--allow=clippy::match_same_arms' '--allow=clippy::match_bool' '--allow=clippy::many_single_char_names' '--allow=clippy::manual_string_new' '--allow=clippy::manual_let_else' '--allow=clippy::manual_is_variant_and' '--allow=clippy::manual_assert' '--allow=clippy::large_stack_arrays' '--allow=clippy::large_enum_variant' '--allow=clippy::iter_without_into_iter' '--allow=clippy::iter_not_returning_iterator' '--allow=clippy::items_after_statements' '--allow=clippy::inline_always' '--allow=clippy::inefficient_to_string' '--allow=clippy::inconsistent_struct_constructor' '--allow=clippy::implicit_clone' '--allow=clippy::ignored_unit_patterns' '--allow=clippy::if_not_else' '--allow=clippy::from_iter_instead_of_collect' '--allow=clippy::fn_params_excessive_bools' '--allow=clippy::filter_map_next' '--allow=clippy::explicit_iter_loop' '--allow=clippy::explicit_into_iter_loop' '--allow=clippy::explicit_deref_methods' '--allow=clippy::enum_glob_use' '--allow=clippy::empty_docs' '--allow=clippy::doc_markdown' '--allow=clippy::default_trait_access' '--allow=clippy::copy_iterator' '--allow=clippy::checked_conversions' '--allow=clippy::cast_sign_loss' '--allow=clippy::cast_precision_loss' '--allow=clippy::cast_possible_wrap' '--allow=clippy::cast_possible_truncation' '--allow=clippy::cast_lossless' '--allow=clippy::borrow_as_ptr' '--allow=clippy::bool_to_int_with_if' --check-cfg 'cfg(docsrs,test)' --check-cfg 'cfg(feature, values())' -C metadata=2e66c7fad09370dc -C extra-filename=-3d7734b486d0dad8 --out-dir /tmp/cargo-mutants-casm-PaMmur.tmp/target/debug/deps -L dependency=/tmp/cargo-mutants-casm-PaMmur.tmp/target/debug/deps --extern bstr=/tmp/cargo-mutants-casm-PaMmur.tmp/target/debug/deps/libbstr-94da861d99843f38.rmeta --extern gix_error=/tmp/cargo-mutants-casm-PaMmur.tmp/target/debug/deps/libgix_error-abff1358f93302bd.rmeta --extern gix_utils=/tmp/cargo-mutants-casm-PaMmur.tmp/target/debug/deps/libgix_utils-be9213fa8d232b57.rmeta --cap-lints allow`
   Compiling gix-lock v24.0.0
     Running `/home/srinivasan/.rustup/toolchains/nightly-x86_64-unknown-linux-gnu/bin/rustc --crate-name gix_lock --edition=2024 /home/srinivasan/.cargo/registry/src/index.crates.io-1949cf8c6b5b557f/gix-lock-24.0.0/src/lib.rs --error-format=json --json=diagnostic-rendered-ansi,artifacts,future-incompat --crate-type lib --emit=dep-info,metadata,link -C embed-bitcode=no -C debuginfo=2 '--warn=clippy::pedantic' '--allow=clippy::wildcard_imports' '--allow=clippy::used_underscore_binding' '--allow=clippy::unused_self' '--allow=clippy::unreadable_literal' '--allow=clippy::unnecessary_wraps' '--allow=clippy::unnecessary_join' '--allow=clippy::trivially_copy_pass_by_ref' '--allow=clippy::transmute_ptr_to_ptr' '--allow=clippy::too_many_lines' '--allow=clippy::too_long_first_doc_paragraph' '--allow=clippy::struct_field_names' '--allow=clippy::struct_excessive_bools' '--allow=clippy::stable_sort_primitive' '--allow=clippy::single_match_else' '--allow=clippy::similar_names' '--allow=clippy::should_panic_without_expect' '--allow=clippy::return_self_not_must_use' '--allow=clippy::result_large_err' '--allow=clippy::redundant_else' '--allow=clippy::range_plus_one' '--allow=clippy::option_option' '--allow=clippy::no_effect_underscore_binding' '--allow=clippy::needless_raw_string_hashes' '--allow=clippy::needless_pass_by_value' '--allow=clippy::needless_for_each' '--allow=clippy::needless_continue' '--allow=clippy::naive_bytecount' '--allow=clippy::mut_mut' '--allow=clippy::must_use_candidate' '--allow=clippy::module_name_repetitions' '--allow=clippy::missing_panics_doc' '--allow=clippy::missing_errors_doc' '--allow=clippy::match_wildcard_for_single_variants' '--allow=clippy::match_wild_err_arm' '--allow=clippy::match_same_arms' '--allow=clippy::match_bool' '--allow=clippy::many_single_char_names' '--allow=clippy::manual_string_new' '--allow=clippy::manual_let_else' '--allow=clippy::manual_is_variant_and' '--allow=clippy::manual_assert' '--allow=clippy::large_stack_arrays' '--allow=clippy::large_enum_variant' '--allow=clippy::iter_without_into_iter' '--allow=clippy::iter_not_returning_iterator' '--allow=clippy::items_after_statements' '--allow=clippy::inline_always' '--allow=clippy::inefficient_to_string' '--allow=clippy::inconsistent_struct_constructor' '--allow=clippy::implicit_clone' '--allow=clippy::ignored_unit_patterns' '--allow=clippy::if_not_else' '--allow=clippy::from_iter_instead_of_collect' '--allow=clippy::fn_params_excessive_bools' '--allow=clippy::filter_map_next' '--allow=clippy::explicit_iter_loop' '--allow=clippy::explicit_into_iter_loop' '--allow=clippy::explicit_deref_methods' '--allow=clippy::enum_glob_use' '--allow=clippy::empty_docs' '--allow=clippy::doc_markdown' '--allow=clippy::default_trait_access' '--allow=clippy::copy_iterator' '--allow=clippy::checked_conversions' '--allow=clippy::cast_sign_loss' '--allow=clippy::cast_precision_loss' '--allow=clippy::cast_possible_wrap' '--allow=clippy::cast_possible_truncation' '--allow=clippy::cast_lossless' '--allow=clippy::borrow_as_ptr' '--allow=clippy::bool_to_int_with_if' --check-cfg 'cfg(docsrs,test)' --check-cfg 'cfg(feature, values())' -C metadata=5d0e5f3319291e0a -C extra-filename=-0897819c5b40e023 --out-dir /tmp/cargo-mutants-casm-PaMmur.tmp/target/debug/deps -L dependency=/tmp/cargo-mutants-casm-PaMmur.tmp/target/debug/deps --extern gix_tempfile=/tmp/cargo-mutants-casm-PaMmur.tmp/target/debug/deps/libgix_tempfile-18883c92c0e1f37e.rmeta --extern gix_utils=/tmp/cargo-mutants-casm-PaMmur.tmp/target/debug/deps/libgix_utils-be9213fa8d232b57.rmeta --extern thiserror=/tmp/cargo-mutants-casm-PaMmur.tmp/target/debug/deps/libthiserror-6c739655cb578a90.rmeta --cap-lints allow`
   Compiling gix-glob v0.27.0
     Running `/home/srinivasan/.rustup/toolchains/nightly-x86_64-unknown-linux-gnu/bin/rustc --crate-name gix_glob --edition=2024 /home/srinivasan/.cargo/registry/src/index.crates.io-1949cf8c6b5b557f/gix-glob-0.27.0/src/lib.rs --error-format=json --json=diagnostic-rendered-ansi,artifacts,future-incompat --crate-type lib --emit=dep-info,metadata,link -C embed-bitcode=no -C debuginfo=2 '--warn=clippy::pedantic' '--allow=clippy::wildcard_imports' '--allow=clippy::used_underscore_binding' '--allow=clippy::unused_self' '--allow=clippy::unreadable_literal' '--allow=clippy::unnecessary_wraps' '--allow=clippy::unnecessary_join' '--allow=clippy::trivially_copy_pass_by_ref' '--allow=clippy::transmute_ptr_to_ptr' '--allow=clippy::too_many_lines' '--allow=clippy::too_long_first_doc_paragraph' '--allow=clippy::struct_field_names' '--allow=clippy::struct_excessive_bools' '--allow=clippy::stable_sort_primitive' '--allow=clippy::single_match_else' '--allow=clippy::similar_names' '--allow=clippy::should_panic_without_expect' '--allow=clippy::return_self_not_must_use' '--allow=clippy::result_large_err' '--allow=clippy::redundant_else' '--allow=clippy::range_plus_one' '--allow=clippy::option_option' '--allow=clippy::no_effect_underscore_binding' '--allow=clippy::needless_raw_string_hashes' '--allow=clippy::needless_pass_by_value' '--allow=clippy::needless_for_each' '--allow=clippy::needless_continue' '--allow=clippy::naive_bytecount' '--allow=clippy::mut_mut' '--allow=clippy::must_use_candidate' '--allow=clippy::module_name_repetitions' '--allow=clippy::missing_panics_doc' '--allow=clippy::missing_errors_doc' '--allow=clippy::match_wildcard_for_single_variants' '--allow=clippy::match_wild_err_arm' '--allow=clippy::match_same_arms' '--allow=clippy::match_bool' '--allow=clippy::many_single_char_names' '--allow=clippy::manual_string_new' '--allow=clippy::manual_let_else' '--allow=clippy::manual_is_variant_and' '--allow=clippy::manual_assert' '--allow=clippy::large_stack_arrays' '--allow=clippy::large_enum_variant' '--allow=clippy::iter_without_into_iter' '--allow=clippy::iter_not_returning_iterator' '--allow=clippy::items_after_statements' '--allow=clippy::inline_always' '--allow=clippy::inefficient_to_string' '--allow=clippy::inconsistent_struct_constructor' '--allow=clippy::implicit_clone' '--allow=clippy::ignored_unit_patterns' '--allow=clippy::if_not_else' '--allow=clippy::from_iter_instead_of_collect' '--allow=clippy::fn_params_excessive_bools' '--allow=clippy::filter_map_next' '--allow=clippy::explicit_iter_loop' '--allow=clippy::explicit_into_iter_loop' '--allow=clippy::explicit_deref_methods' '--allow=clippy::enum_glob_use' '--allow=clippy::empty_docs' '--allow=clippy::doc_markdown' '--allow=clippy::default_trait_access' '--allow=clippy::copy_iterator' '--allow=clippy::checked_conversions' '--allow=clippy::cast_sign_loss' '--allow=clippy::cast_precision_loss' '--allow=clippy::cast_possible_wrap' '--allow=clippy::cast_possible_truncation' '--allow=clippy::cast_lossless' '--allow=clippy::borrow_as_ptr' '--allow=clippy::bool_to_int_with_if' --check-cfg 'cfg(docsrs,test)' --check-cfg 'cfg(feature, values("document-features", "serde"))' -C metadata=62b2aa8d61b491ca -C extra-filename=-d3df6e811d698f3b --out-dir /tmp/cargo-mutants-casm-PaMmur.tmp/target/debug/deps -L dependency=/tmp/cargo-mutants-casm-PaMmur.tmp/target/debug/deps --extern bitflags=/tmp/cargo-mutants-casm-PaMmur.tmp/target/debug/deps/libbitflags-9af264abf64e7262.rmeta --extern bstr=/tmp/cargo-mutants-casm-PaMmur.tmp/target/debug/deps/libbstr-94da861d99843f38.rmeta --extern gix_features=/tmp/cargo-mutants-casm-PaMmur.tmp/target/debug/deps/libgix_features-2b7337ebc7a64097.rmeta --extern gix_path=/tmp/cargo-mutants-casm-PaMmur.tmp/target/debug/deps/libgix_path-ad720a692c9bd585.rmeta --cap-lints allow`
   Compiling gix-commitgraph v0.38.0
     Running `/home/srinivasan/.rustup/toolchains/nightly-x86_64-unknown-linux-gnu/bin/rustc --crate-name gix_commitgraph --edition=2024 /home/srinivasan/.cargo/registry/src/index.crates.io-1949cf8c6b5b557f/gix-commitgraph-0.38.0/src/lib.rs --error-format=json --json=diagnostic-rendered-ansi,artifacts,future-incompat --crate-type lib --emit=dep-info,metadata,link -C embed-bitcode=no -C debuginfo=2 '--warn=clippy::pedantic' '--allow=clippy::wildcard_imports' '--allow=clippy::used_underscore_binding' '--allow=clippy::unused_self' '--allow=clippy::unreadable_literal' '--allow=clippy::unnecessary_wraps' '--allow=clippy::unnecessary_join' '--allow=clippy::trivially_copy_pass_by_ref' '--allow=clippy::transmute_ptr_to_ptr' '--allow=clippy::too_many_lines' '--allow=clippy::too_long_first_doc_paragraph' '--allow=clippy::struct_field_names' '--allow=clippy::struct_excessive_bools' '--allow=clippy::stable_sort_primitive' '--allow=clippy::single_match_else' '--allow=clippy::similar_names' '--allow=clippy::should_panic_without_expect' '--allow=clippy::return_self_not_must_use' '--allow=clippy::result_large_err' '--allow=clippy::redundant_else' '--allow=clippy::range_plus_one' '--allow=clippy::option_option' '--allow=clippy::no_effect_underscore_binding' '--allow=clippy::needless_raw_string_hashes' '--allow=clippy::needless_pass_by_value' '--allow=clippy::needless_for_each' '--allow=clippy::needless_continue' '--allow=clippy::naive_bytecount' '--allow=clippy::mut_mut' '--allow=clippy::must_use_candidate' '--allow=clippy::module_name_repetitions' '--allow=clippy::missing_panics_doc' '--allow=clippy::missing_errors_doc' '--allow=clippy::match_wildcard_for_single_variants' '--allow=clippy::match_wild_err_arm' '--allow=clippy::match_same_arms' '--allow=clippy::match_bool' '--allow=clippy::many_single_char_names' '--allow=clippy::manual_string_new' '--allow=clippy::manual_let_else' '--allow=clippy::manual_is_variant_and' '--allow=clippy::manual_assert' '--allow=clippy::large_stack_arrays' '--allow=clippy::large_enum_variant' '--allow=clippy::iter_without_into_iter' '--allow=clippy::iter_not_returning_iterator' '--allow=clippy::items_after_statements' '--allow=clippy::inline_always' '--allow=clippy::inefficient_to_string' '--allow=clippy::inconsistent_struct_constructor' '--allow=clippy::implicit_clone' '--allow=clippy::ignored_unit_patterns' '--allow=clippy::if_not_else' '--allow=clippy::from_iter_instead_of_collect' '--allow=clippy::fn_params_excessive_bools' '--allow=clippy::filter_map_next' '--allow=clippy::explicit_iter_loop' '--allow=clippy::explicit_into_iter_loop' '--allow=clippy::explicit_deref_methods' '--allow=clippy::enum_glob_use' '--allow=clippy::empty_docs' '--allow=clippy::doc_markdown' '--allow=clippy::default_trait_access' '--allow=clippy::copy_iterator' '--allow=clippy::checked_conversions' '--allow=clippy::cast_sign_loss' '--allow=clippy::cast_precision_loss' '--allow=clippy::cast_possible_wrap' '--allow=clippy::cast_possible_truncation' '--allow=clippy::cast_lossless' '--allow=clippy::borrow_as_ptr' '--allow=clippy::bool_to_int_with_if' --check-cfg 'cfg(docsrs,test)' --check-cfg 'cfg(feature, values("document-features", "serde", "sha1", "sha256"))' -C metadata=c810f25afb82856c -C extra-filename=-9e29a3a29bd0f3cf --out-dir /tmp/cargo-mutants-casm-PaMmur.tmp/target/debug/deps -L dependency=/tmp/cargo-mutants-casm-PaMmur.tmp/target/debug/deps --extern bstr=/tmp/cargo-mutants-casm-PaMmur.tmp/target/debug/deps/libbstr-94da861d99843f38.rmeta --extern gix_chunk=/tmp/cargo-mutants-casm-PaMmur.tmp/target/debug/deps/libgix_chunk-ce761f9cc44ad443.rmeta --extern gix_error=/tmp/cargo-mutants-casm-PaMmur.tmp/target/debug/deps/libgix_error-abff1358f93302bd.rmeta --extern gix_hash=/tmp/cargo-mutants-casm-PaMmur.tmp/target/debug/deps/libgix_hash-4bf740fa70ef3be8.rmeta --extern memmap2=/tmp/cargo-mutants-casm-PaMmur.tmp/target/debug/deps/libmemmap2-d07795cb874754f5.rmeta --extern nonempty=/tmp/cargo-mutants-casm-PaMmur.tmp/target/debug/deps/libnonempty-2f9693126db11f85.rmeta --cap-lints allow`
   Compiling gix-revwalk v0.34.0
     Running `/home/srinivasan/.rustup/toolchains/nightly-x86_64-unknown-linux-gnu/bin/rustc --crate-name gix_revwalk --edition=2024 /home/srinivasan/.cargo/registry/src/index.crates.io-1949cf8c6b5b557f/gix-revwalk-0.34.0/src/lib.rs --error-format=json --json=diagnostic-rendered-ansi,artifacts,future-incompat --crate-type lib --emit=dep-info,metadata,link -C embed-bitcode=no -C debuginfo=2 '--warn=clippy::pedantic' '--allow=clippy::wildcard_imports' '--allow=clippy::used_underscore_binding' '--allow=clippy::unused_self' '--allow=clippy::unreadable_literal' '--allow=clippy::unnecessary_wraps' '--allow=clippy::unnecessary_join' '--allow=clippy::trivially_copy_pass_by_ref' '--allow=clippy::transmute_ptr_to_ptr' '--allow=clippy::too_many_lines' '--allow=clippy::too_long_first_doc_paragraph' '--allow=clippy::struct_field_names' '--allow=clippy::struct_excessive_bools' '--allow=clippy::stable_sort_primitive' '--allow=clippy::single_match_else' '--allow=clippy::similar_names' '--allow=clippy::should_panic_without_expect' '--allow=clippy::return_self_not_must_use' '--allow=clippy::result_large_err' '--allow=clippy::redundant_else' '--allow=clippy::range_plus_one' '--allow=clippy::option_option' '--allow=clippy::no_effect_underscore_binding' '--allow=clippy::needless_raw_string_hashes' '--allow=clippy::needless_pass_by_value' '--allow=clippy::needless_for_each' '--allow=clippy::needless_continue' '--allow=clippy::naive_bytecount' '--allow=clippy::mut_mut' '--allow=clippy::must_use_candidate' '--allow=clippy::module_name_repetitions' '--allow=clippy::missing_panics_doc' '--allow=clippy::missing_errors_doc' '--allow=clippy::match_wildcard_for_single_variants' '--allow=clippy::match_wild_err_arm' '--allow=clippy::match_same_arms' '--allow=clippy::match_bool' '--allow=clippy::many_single_char_names' '--allow=clippy::manual_string_new' '--allow=clippy::manual_let_else' '--allow=clippy::manual_is_variant_and' '--allow=clippy::manual_assert' '--allow=clippy::large_stack_arrays' '--allow=clippy::large_enum_variant' '--allow=clippy::iter_without_into_iter' '--allow=clippy::iter_not_returning_iterator' '--allow=clippy::items_after_statements' '--allow=clippy::inline_always' '--allow=clippy::inefficient_to_string' '--allow=clippy::inconsistent_struct_constructor' '--allow=clippy::implicit_clone' '--allow=clippy::ignored_unit_patterns' '--allow=clippy::if_not_else' '--allow=clippy::from_iter_instead_of_collect' '--allow=clippy::fn_params_excessive_bools' '--allow=clippy::filter_map_next' '--allow=clippy::explicit_iter_loop' '--allow=clippy::explicit_into_iter_loop' '--allow=clippy::explicit_deref_methods' '--allow=clippy::enum_glob_use' '--allow=clippy::empty_docs' '--allow=clippy::doc_markdown' '--allow=clippy::default_trait_access' '--allow=clippy::copy_iterator' '--allow=clippy::checked_conversions' '--allow=clippy::cast_sign_loss' '--allow=clippy::cast_precision_loss' '--allow=clippy::cast_possible_wrap' '--allow=clippy::cast_possible_truncation' '--allow=clippy::cast_lossless' '--allow=clippy::borrow_as_ptr' '--allow=clippy::bool_to_int_with_if' --check-cfg 'cfg(docsrs,test)' --check-cfg 'cfg(feature, values("sha1", "sha256"))' -C metadata=47bbc700c08148a5 -C extra-filename=-7470dba017a94ca6 --out-dir /tmp/cargo-mutants-casm-PaMmur.tmp/target/debug/deps -L dependency=/tmp/cargo-mutants-casm-PaMmur.tmp/target/debug/deps --extern gix_commitgraph=/tmp/cargo-mutants-casm-PaMmur.tmp/target/debug/deps/libgix_commitgraph-9e29a3a29bd0f3cf.rmeta --extern gix_date=/tmp/cargo-mutants-casm-PaMmur.tmp/target/debug/deps/libgix_date-a99f03dfbebc6bec.rmeta --extern gix_error=/tmp/cargo-mutants-casm-PaMmur.tmp/target/debug/deps/libgix_error-abff1358f93302bd.rmeta --extern gix_hash=/tmp/cargo-mutants-casm-PaMmur.tmp/target/debug/deps/libgix_hash-4bf740fa70ef3be8.rmeta --extern gix_hashtable=/tmp/cargo-mutants-casm-PaMmur.tmp/target/debug/deps/libgix_hashtable-504c4f28c5beba6e.rmeta --extern gix_object=/tmp/cargo-mutants-casm-PaMmur.tmp/target/debug/deps/libgix_object-e1fb726db5135e58.rmeta --extern smallvec=/tmp/cargo-mutants-casm-PaMmur.tmp/target/debug/deps/libsmallvec-00c65a5ffe2221d3.rmeta --extern thiserror=/tmp/cargo-mutants-casm-PaMmur.tmp/target/debug/deps/libthiserror-6c739655cb578a90.rmeta --cap-lints allow`
   Compiling gix-attributes v0.34.0
     Running `/home/srinivasan/.rustup/toolchains/nightly-x86_64-unknown-linux-gnu/bin/rustc --crate-name gix_attributes --edition=2024 /home/srinivasan/.cargo/registry/src/index.crates.io-1949cf8c6b5b557f/gix-attributes-0.34.0/src/lib.rs --error-format=json --json=diagnostic-rendered-ansi,artifacts,future-incompat --crate-type lib --emit=dep-info,metadata,link -C embed-bitcode=no -C debuginfo=2 '--warn=clippy::pedantic' '--allow=clippy::wildcard_imports' '--allow=clippy::used_underscore_binding' '--allow=clippy::unused_self' '--allow=clippy::unreadable_literal' '--allow=clippy::unnecessary_wraps' '--allow=clippy::unnecessary_join' '--allow=clippy::trivially_copy_pass_by_ref' '--allow=clippy::transmute_ptr_to_ptr' '--allow=clippy::too_many_lines' '--allow=clippy::too_long_first_doc_paragraph' '--allow=clippy::struct_field_names' '--allow=clippy::struct_excessive_bools' '--allow=clippy::stable_sort_primitive' '--allow=clippy::single_match_else' '--allow=clippy::similar_names' '--allow=clippy::should_panic_without_expect' '--allow=clippy::return_self_not_must_use' '--allow=clippy::result_large_err' '--allow=clippy::redundant_else' '--allow=clippy::range_plus_one' '--allow=clippy::option_option' '--allow=clippy::no_effect_underscore_binding' '--allow=clippy::needless_raw_string_hashes' '--allow=clippy::needless_pass_by_value' '--allow=clippy::needless_for_each' '--allow=clippy::needless_continue' '--allow=clippy::naive_bytecount' '--allow=clippy::mut_mut' '--allow=clippy::must_use_candidate' '--allow=clippy::module_name_repetitions' '--allow=clippy::missing_panics_doc' '--allow=clippy::missing_errors_doc' '--allow=clippy::match_wildcard_for_single_variants' '--allow=clippy::match_wild_err_arm' '--allow=clippy::match_same_arms' '--allow=clippy::match_bool' '--allow=clippy::many_single_char_names' '--allow=clippy::manual_string_new' '--allow=clippy::manual_let_else' '--allow=clippy::manual_is_variant_and' '--allow=clippy::manual_assert' '--allow=clippy::large_stack_arrays' '--allow=clippy::large_enum_variant' '--allow=clippy::iter_without_into_iter' '--allow=clippy::iter_not_returning_iterator' '--allow=clippy::items_after_statements' '--allow=clippy::inline_always' '--allow=clippy::inefficient_to_string' '--allow=clippy::inconsistent_struct_constructor' '--allow=clippy::implicit_clone' '--allow=clippy::ignored_unit_patterns' '--allow=clippy::if_not_else' '--allow=clippy::from_iter_instead_of_collect' '--allow=clippy::fn_params_excessive_bools' '--allow=clippy::filter_map_next' '--allow=clippy::explicit_iter_loop' '--allow=clippy::explicit_into_iter_loop' '--allow=clippy::explicit_deref_methods' '--allow=clippy::enum_glob_use' '--allow=clippy::empty_docs' '--allow=clippy::doc_markdown' '--allow=clippy::default_trait_access' '--allow=clippy::copy_iterator' '--allow=clippy::checked_conversions' '--allow=clippy::cast_sign_loss' '--allow=clippy::cast_precision_loss' '--allow=clippy::cast_possible_wrap' '--allow=clippy::cast_possible_truncation' '--allow=clippy::cast_lossless' '--allow=clippy::borrow_as_ptr' '--allow=clippy::bool_to_int_with_if' --cfg 'feature="parallel"' --check-cfg 'cfg(docsrs,test)' --check-cfg 'cfg(feature, values("document-features", "parallel", "serde"))' -C metadata=4025e8261a1bb1eb -C extra-filename=-e64c44d2376f9d3c --out-dir /tmp/cargo-mutants-casm-PaMmur.tmp/target/debug/deps -L dependency=/tmp/cargo-mutants-casm-PaMmur.tmp/target/debug/deps --extern bstr=/tmp/cargo-mutants-casm-PaMmur.tmp/target/debug/deps/libbstr-94da861d99843f38.rmeta --extern gix_features=/tmp/cargo-mutants-casm-PaMmur.tmp/target/debug/deps/libgix_features-2b7337ebc7a64097.rmeta --extern gix_glob=/tmp/cargo-mutants-casm-PaMmur.tmp/target/debug/deps/libgix_glob-d3df6e811d698f3b.rmeta --extern gix_path=/tmp/cargo-mutants-casm-PaMmur.tmp/target/debug/deps/libgix_path-ad720a692c9bd585.rmeta --extern gix_quote=/tmp/cargo-mutants-casm-PaMmur.tmp/target/debug/deps/libgix_quote-3d7734b486d0dad8.rmeta --extern gix_trace=/tmp/cargo-mutants-casm-PaMmur.tmp/target/debug/deps/libgix_trace-fe3ae1ba08dc3b9c.rmeta --extern smallvec=/tmp/cargo-mutants-casm-PaMmur.tmp/target/debug/deps/libsmallvec-00c65a5ffe2221d3.rmeta --extern thiserror=/tmp/cargo-mutants-casm-PaMmur.tmp/target/debug/deps/libthiserror-6c739655cb578a90.rmeta --extern unicode_bom=/tmp/cargo-mutants-casm-PaMmur.tmp/target/debug/deps/libunicode_bom-624cad395bebc465.rmeta --cap-lints allow`
   Compiling gix-ref v0.66.0
     Running `/home/srinivasan/.rustup/toolchains/nightly-x86_64-unknown-linux-gnu/bin/rustc --crate-name gix_ref --edition=2024 /home/srinivasan/.cargo/registry/src/index.crates.io-1949cf8c6b5b557f/gix-ref-0.66.0/src/lib.rs --error-format=json --json=diagnostic-rendered-ansi,artifacts,future-incompat --crate-type lib --emit=dep-info,metadata,link -C embed-bitcode=no -C debuginfo=2 '--warn=clippy::pedantic' '--allow=clippy::wildcard_imports' '--allow=clippy::used_underscore_binding' '--allow=clippy::unused_self' '--allow=clippy::unreadable_literal' '--allow=clippy::unnecessary_wraps' '--allow=clippy::unnecessary_join' '--allow=clippy::trivially_copy_pass_by_ref' '--allow=clippy::transmute_ptr_to_ptr' '--allow=clippy::too_many_lines' '--allow=clippy::too_long_first_doc_paragraph' '--allow=clippy::struct_field_names' '--allow=clippy::struct_excessive_bools' '--allow=clippy::stable_sort_primitive' '--allow=clippy::single_match_else' '--allow=clippy::similar_names' '--allow=clippy::should_panic_without_expect' '--allow=clippy::return_self_not_must_use' '--allow=clippy::result_large_err' '--allow=clippy::redundant_else' '--allow=clippy::range_plus_one' '--allow=clippy::option_option' '--allow=clippy::no_effect_underscore_binding' '--allow=clippy::needless_raw_string_hashes' '--allow=clippy::needless_pass_by_value' '--allow=clippy::needless_for_each' '--allow=clippy::needless_continue' '--allow=clippy::naive_bytecount' '--allow=clippy::mut_mut' '--allow=clippy::must_use_candidate' '--allow=clippy::module_name_repetitions' '--allow=clippy::missing_panics_doc' '--allow=clippy::missing_errors_doc' '--allow=clippy::match_wildcard_for_single_variants' '--allow=clippy::match_wild_err_arm' '--allow=clippy::match_same_arms' '--allow=clippy::match_bool' '--allow=clippy::many_single_char_names' '--allow=clippy::manual_string_new' '--allow=clippy::manual_let_else' '--allow=clippy::manual_is_variant_and' '--allow=clippy::manual_assert' '--allow=clippy::large_stack_arrays' '--allow=clippy::large_enum_variant' '--allow=clippy::iter_without_into_iter' '--allow=clippy::iter_not_returning_iterator' '--allow=clippy::items_after_statements' '--allow=clippy::inline_always' '--allow=clippy::inefficient_to_string' '--allow=clippy::inconsistent_struct_constructor' '--allow=clippy::implicit_clone' '--allow=clippy::ignored_unit_patterns' '--allow=clippy::if_not_else' '--allow=clippy::from_iter_instead_of_collect' '--allow=clippy::fn_params_excessive_bools' '--allow=clippy::filter_map_next' '--allow=clippy::explicit_iter_loop' '--allow=clippy::explicit_into_iter_loop' '--allow=clippy::explicit_deref_methods' '--allow=clippy::enum_glob_use' '--allow=clippy::empty_docs' '--allow=clippy::doc_markdown' '--allow=clippy::default_trait_access' '--allow=clippy::copy_iterator' '--allow=clippy::checked_conversions' '--allow=clippy::cast_sign_loss' '--allow=clippy::cast_precision_loss' '--allow=clippy::cast_possible_wrap' '--allow=clippy::cast_possible_truncation' '--allow=clippy::cast_lossless' '--allow=clippy::borrow_as_ptr' '--allow=clippy::bool_to_int_with_if' --check-cfg 'cfg(docsrs,test)' --check-cfg 'cfg(feature, values("document-features", "parallel", "serde", "sha1", "sha256"))' -C metadata=0f7001103e579911 -C extra-filename=-595a4dd7ea734bd0 --out-dir /tmp/cargo-mutants-casm-PaMmur.tmp/target/debug/deps -L dependency=/tmp/cargo-mutants-casm-PaMmur.tmp/target/debug/deps --extern gix_actor=/tmp/cargo-mutants-casm-PaMmur.tmp/target/debug/deps/libgix_actor-5ef37b0181e2cc6b.rmeta --extern gix_features=/tmp/cargo-mutants-casm-PaMmur.tmp/target/debug/deps/libgix_features-2b7337ebc7a64097.rmeta --extern gix_fs=/tmp/cargo-mutants-casm-PaMmur.tmp/target/debug/deps/libgix_fs-8cf05bb8128d6b29.rmeta --extern gix_hash=/tmp/cargo-mutants-casm-PaMmur.tmp/target/debug/deps/libgix_hash-4bf740fa70ef3be8.rmeta --extern gix_lock=/tmp/cargo-mutants-casm-PaMmur.tmp/target/debug/deps/libgix_lock-0897819c5b40e023.rmeta --extern gix_object=/tmp/cargo-mutants-casm-PaMmur.tmp/target/debug/deps/libgix_object-e1fb726db5135e58.rmeta --extern gix_path=/tmp/cargo-mutants-casm-PaMmur.tmp/target/debug/deps/libgix_path-ad720a692c9bd585.rmeta --extern gix_tempfile=/tmp/cargo-mutants-casm-PaMmur.tmp/target/debug/deps/libgix_tempfile-18883c92c0e1f37e.rmeta --extern gix_utils=/tmp/cargo-mutants-casm-PaMmur.tmp/target/debug/deps/libgix_utils-be9213fa8d232b57.rmeta --extern gix_validate=/tmp/cargo-mutants-casm-PaMmur.tmp/target/debug/deps/libgix_validate-76a43d9cff1fb6ae.rmeta --extern memmap2=/tmp/cargo-mutants-casm-PaMmur.tmp/target/debug/deps/libmemmap2-d07795cb874754f5.rmeta --extern thiserror=/tmp/cargo-mutants-casm-PaMmur.tmp/target/debug/deps/libthiserror-6c739655cb578a90.rmeta --cap-lints allow`
   Compiling gix-command v0.9.1
     Running `/home/srinivasan/.rustup/toolchains/nightly-x86_64-unknown-linux-gnu/bin/rustc --crate-name gix_command --edition=2024 /home/srinivasan/.cargo/registry/src/index.crates.io-1949cf8c6b5b557f/gix-command-0.9.1/src/lib.rs --error-format=json --json=diagnostic-rendered-ansi,artifacts,future-incompat --crate-type lib --emit=dep-info,metadata,link -C embed-bitcode=no -C debuginfo=2 '--warn=clippy::pedantic' '--allow=clippy::wildcard_imports' '--allow=clippy::used_underscore_binding' '--allow=clippy::unused_self' '--allow=clippy::unreadable_literal' '--allow=clippy::unnecessary_wraps' '--allow=clippy::unnecessary_join' '--allow=clippy::trivially_copy_pass_by_ref' '--allow=clippy::transmute_ptr_to_ptr' '--allow=clippy::too_many_lines' '--allow=clippy::too_long_first_doc_paragraph' '--allow=clippy::struct_field_names' '--allow=clippy::struct_excessive_bools' '--allow=clippy::stable_sort_primitive' '--allow=clippy::single_match_else' '--allow=clippy::similar_names' '--allow=clippy::should_panic_without_expect' '--allow=clippy::return_self_not_must_use' '--allow=clippy::result_large_err' '--allow=clippy::redundant_else' '--allow=clippy::range_plus_one' '--allow=clippy::option_option' '--allow=clippy::no_effect_underscore_binding' '--allow=clippy::needless_raw_string_hashes' '--allow=clippy::needless_pass_by_value' '--allow=clippy::needless_for_each' '--allow=clippy::needless_continue' '--allow=clippy::naive_bytecount' '--allow=clippy::mut_mut' '--allow=clippy::must_use_candidate' '--allow=clippy::module_name_repetitions' '--allow=clippy::missing_panics_doc' '--allow=clippy::missing_errors_doc' '--allow=clippy::match_wildcard_for_single_variants' '--allow=clippy::match_wild_err_arm' '--allow=clippy::match_same_arms' '--allow=clippy::match_bool' '--allow=clippy::many_single_char_names' '--allow=clippy::manual_string_new' '--allow=clippy::manual_let_else' '--allow=clippy::manual_is_variant_and' '--allow=clippy::manual_assert' '--allow=clippy::large_stack_arrays' '--allow=clippy::large_enum_variant' '--allow=clippy::iter_without_into_iter' '--allow=clippy::iter_not_returning_iterator' '--allow=clippy::items_after_statements' '--allow=clippy::inline_always' '--allow=clippy::inefficient_to_string' '--allow=clippy::inconsistent_struct_constructor' '--allow=clippy::implicit_clone' '--allow=clippy::ignored_unit_patterns' '--allow=clippy::if_not_else' '--allow=clippy::from_iter_instead_of_collect' '--allow=clippy::fn_params_excessive_bools' '--allow=clippy::filter_map_next' '--allow=clippy::explicit_iter_loop' '--allow=clippy::explicit_into_iter_loop' '--allow=clippy::explicit_deref_methods' '--allow=clippy::enum_glob_use' '--allow=clippy::empty_docs' '--allow=clippy::doc_markdown' '--allow=clippy::default_trait_access' '--allow=clippy::copy_iterator' '--allow=clippy::checked_conversions' '--allow=clippy::cast_sign_loss' '--allow=clippy::cast_precision_loss' '--allow=clippy::cast_possible_wrap' '--allow=clippy::cast_possible_truncation' '--allow=clippy::cast_lossless' '--allow=clippy::borrow_as_ptr' '--allow=clippy::bool_to_int_with_if' --check-cfg 'cfg(docsrs,test)' --check-cfg 'cfg(feature, values())' -C metadata=453f410c9bc685b8 -C extra-filename=-872acdad32d70856 --out-dir /tmp/cargo-mutants-casm-PaMmur.tmp/target/debug/deps -L dependency=/tmp/cargo-mutants-casm-PaMmur.tmp/target/debug/deps --extern bstr=/tmp/cargo-mutants-casm-PaMmur.tmp/target/debug/deps/libbstr-94da861d99843f38.rmeta --extern gix_path=/tmp/cargo-mutants-casm-PaMmur.tmp/target/debug/deps/libgix_path-ad720a692c9bd585.rmeta --extern gix_quote=/tmp/cargo-mutants-casm-PaMmur.tmp/target/debug/deps/libgix_quote-3d7734b486d0dad8.rmeta --extern gix_trace=/tmp/cargo-mutants-casm-PaMmur.tmp/target/debug/deps/libgix_trace-fe3ae1ba08dc3b9c.rmeta --extern shell_words=/tmp/cargo-mutants-casm-PaMmur.tmp/target/debug/deps/libshell_words-d334e0283a06b23a.rmeta --cap-lints allow`
   Compiling gix-packetline v0.22.0
     Running `/home/srinivasan/.rustup/toolchains/nightly-x86_64-unknown-linux-gnu/bin/rustc --crate-name gix_packetline --edition=2024 /home/srinivasan/.cargo/registry/src/index.crates.io-1949cf8c6b5b557f/gix-packetline-0.22.0/src/lib.rs --error-format=json --json=diagnostic-rendered-ansi,artifacts,future-incompat --crate-type lib --emit=dep-info,metadata,link -C embed-bitcode=no -C debuginfo=2 '--warn=clippy::pedantic' '--allow=clippy::wildcard_imports' '--allow=clippy::used_underscore_binding' '--allow=clippy::unused_self' '--allow=clippy::unreadable_literal' '--allow=clippy::unnecessary_wraps' '--allow=clippy::unnecessary_join' '--allow=clippy::trivially_copy_pass_by_ref' '--allow=clippy::transmute_ptr_to_ptr' '--allow=clippy::too_many_lines' '--allow=clippy::too_long_first_doc_paragraph' '--allow=clippy::struct_field_names' '--allow=clippy::struct_excessive_bools' '--allow=clippy::stable_sort_primitive' '--allow=clippy::single_match_else' '--allow=clippy::similar_names' '--allow=clippy::should_panic_without_expect' '--allow=clippy::return_self_not_must_use' '--allow=clippy::result_large_err' '--allow=clippy::redundant_else' '--allow=clippy::range_plus_one' '--allow=clippy::option_option' '--allow=clippy::no_effect_underscore_binding' '--allow=clippy::needless_raw_string_hashes' '--allow=clippy::needless_pass_by_value' '--allow=clippy::needless_for_each' '--allow=clippy::needless_continue' '--allow=clippy::naive_bytecount' '--allow=clippy::mut_mut' '--allow=clippy::must_use_candidate' '--allow=clippy::module_name_repetitions' '--allow=clippy::missing_panics_doc' '--allow=clippy::missing_errors_doc' '--allow=clippy::match_wildcard_for_single_variants' '--allow=clippy::match_wild_err_arm' '--allow=clippy::match_same_arms' '--allow=clippy::match_bool' '--allow=clippy::many_single_char_names' '--allow=clippy::manual_string_new' '--allow=clippy::manual_let_else' '--allow=clippy::manual_is_variant_and' '--allow=clippy::manual_assert' '--allow=clippy::large_stack_arrays' '--allow=clippy::large_enum_variant' '--allow=clippy::iter_without_into_iter' '--allow=clippy::iter_not_returning_iterator' '--allow=clippy::items_after_statements' '--allow=clippy::inline_always' '--allow=clippy::inefficient_to_string' '--allow=clippy::inconsistent_struct_constructor' '--allow=clippy::implicit_clone' '--allow=clippy::ignored_unit_patterns' '--allow=clippy::if_not_else' '--allow=clippy::from_iter_instead_of_collect' '--allow=clippy::fn_params_excessive_bools' '--allow=clippy::filter_map_next' '--allow=clippy::explicit_iter_loop' '--allow=clippy::explicit_into_iter_loop' '--allow=clippy::explicit_deref_methods' '--allow=clippy::enum_glob_use' '--allow=clippy::empty_docs' '--allow=clippy::doc_markdown' '--allow=clippy::default_trait_access' '--allow=clippy::copy_iterator' '--allow=clippy::checked_conversions' '--allow=clippy::cast_sign_loss' '--allow=clippy::cast_precision_loss' '--allow=clippy::cast_possible_wrap' '--allow=clippy::cast_possible_truncation' '--allow=clippy::cast_lossless' '--allow=clippy::borrow_as_ptr' '--allow=clippy::bool_to_int_with_if' --cfg 'feature="blocking-io"' --cfg 'feature="default"' --check-cfg 'cfg(docsrs,test)' --check-cfg 'cfg(feature, values("async-io", "blocking-io", "default", "document-features", "futures-lite", "serde"))' -C metadata=61a78c23f3cf11a1 -C extra-filename=-e7e861098ff6dc81 --out-dir /tmp/cargo-mutants-casm-PaMmur.tmp/target/debug/deps -L dependency=/tmp/cargo-mutants-casm-PaMmur.tmp/target/debug/deps --extern bstr=/tmp/cargo-mutants-casm-PaMmur.tmp/target/debug/deps/libbstr-94da861d99843f38.rmeta --extern faster_hex=/tmp/cargo-mutants-casm-PaMmur.tmp/target/debug/deps/libfaster_hex-5c80c370e0c410ba.rmeta --extern gix_trace=/tmp/cargo-mutants-casm-PaMmur.tmp/target/debug/deps/libgix_trace-fe3ae1ba08dc3b9c.rmeta --extern thiserror=/tmp/cargo-mutants-casm-PaMmur.tmp/target/debug/deps/libthiserror-6c739655cb578a90.rmeta --cap-lints allow`
   Compiling gix-traverse v0.60.0
     Running `/home/srinivasan/.rustup/toolchains/nightly-x86_64-unknown-linux-gnu/bin/rustc --crate-name gix_traverse --edition=2024 /home/srinivasan/.cargo/registry/src/index.crates.io-1949cf8c6b5b557f/gix-traverse-0.60.0/src/lib.rs --error-format=json --json=diagnostic-rendered-ansi,artifacts,future-incompat --crate-type lib --emit=dep-info,metadata,link -C embed-bitcode=no -C debuginfo=2 '--warn=clippy::pedantic' '--allow=clippy::wildcard_imports' '--allow=clippy::used_underscore_binding' '--allow=clippy::unused_self' '--allow=clippy::unreadable_literal' '--allow=clippy::unnecessary_wraps' '--allow=clippy::unnecessary_join' '--allow=clippy::trivially_copy_pass_by_ref' '--allow=clippy::transmute_ptr_to_ptr' '--allow=clippy::too_many_lines' '--allow=clippy::too_long_first_doc_paragraph' '--allow=clippy::struct_field_names' '--allow=clippy::struct_excessive_bools' '--allow=clippy::stable_sort_primitive' '--allow=clippy::single_match_else' '--allow=clippy::similar_names' '--allow=clippy::should_panic_without_expect' '--allow=clippy::return_self_not_must_use' '--allow=clippy::result_large_err' '--allow=clippy::redundant_else' '--allow=clippy::range_plus_one' '--allow=clippy::option_option' '--allow=clippy::no_effect_underscore_binding' '--allow=clippy::needless_raw_string_hashes' '--allow=clippy::needless_pass_by_value' '--allow=clippy::needless_for_each' '--allow=clippy::needless_continue' '--allow=clippy::naive_bytecount' '--allow=clippy::mut_mut' '--allow=clippy::must_use_candidate' '--allow=clippy::module_name_repetitions' '--allow=clippy::missing_panics_doc' '--allow=clippy::missing_errors_doc' '--allow=clippy::match_wildcard_for_single_variants' '--allow=clippy::match_wild_err_arm' '--allow=clippy::match_same_arms' '--allow=clippy::match_bool' '--allow=clippy::many_single_char_names' '--allow=clippy::manual_string_new' '--allow=clippy::manual_let_else' '--allow=clippy::manual_is_variant_and' '--allow=clippy::manual_assert' '--allow=clippy::large_stack_arrays' '--allow=clippy::large_enum_variant' '--allow=clippy::iter_without_into_iter' '--allow=clippy::iter_not_returning_iterator' '--allow=clippy::items_after_statements' '--allow=clippy::inline_always' '--allow=clippy::inefficient_to_string' '--allow=clippy::inconsistent_struct_constructor' '--allow=clippy::implicit_clone' '--allow=clippy::ignored_unit_patterns' '--allow=clippy::if_not_else' '--allow=clippy::from_iter_instead_of_collect' '--allow=clippy::fn_params_excessive_bools' '--allow=clippy::filter_map_next' '--allow=clippy::explicit_iter_loop' '--allow=clippy::explicit_into_iter_loop' '--allow=clippy::explicit_deref_methods' '--allow=clippy::enum_glob_use' '--allow=clippy::empty_docs' '--allow=clippy::doc_markdown' '--allow=clippy::default_trait_access' '--allow=clippy::copy_iterator' '--allow=clippy::checked_conversions' '--allow=clippy::cast_sign_loss' '--allow=clippy::cast_precision_loss' '--allow=clippy::cast_possible_wrap' '--allow=clippy::cast_possible_truncation' '--allow=clippy::cast_lossless' '--allow=clippy::borrow_as_ptr' '--allow=clippy::bool_to_int_with_if' --check-cfg 'cfg(docsrs,test)' --check-cfg 'cfg(feature, values("sha1", "sha256"))' -C metadata=da7cdb6de9957298 -C extra-filename=-4b078eedc4919d5a --out-dir /tmp/cargo-mutants-casm-PaMmur.tmp/target/debug/deps -L dependency=/tmp/cargo-mutants-casm-PaMmur.tmp/target/debug/deps --extern bitflags=/tmp/cargo-mutants-casm-PaMmur.tmp/target/debug/deps/libbitflags-9af264abf64e7262.rmeta --extern gix_commitgraph=/tmp/cargo-mutants-casm-PaMmur.tmp/target/debug/deps/libgix_commitgraph-9e29a3a29bd0f3cf.rmeta --extern gix_date=/tmp/cargo-mutants-casm-PaMmur.tmp/target/debug/deps/libgix_date-a99f03dfbebc6bec.rmeta --extern gix_hash=/tmp/cargo-mutants-casm-PaMmur.tmp/target/debug/deps/libgix_hash-4bf740fa70ef3be8.rmeta --extern gix_hashtable=/tmp/cargo-mutants-casm-PaMmur.tmp/target/debug/deps/libgix_hashtable-504c4f28c5beba6e.rmeta --extern gix_object=/tmp/cargo-mutants-casm-PaMmur.tmp/target/debug/deps/libgix_object-e1fb726db5135e58.rmeta --extern gix_revwalk=/tmp/cargo-mutants-casm-PaMmur.tmp/target/debug/deps/libgix_revwalk-7470dba017a94ca6.rmeta --extern smallvec=/tmp/cargo-mutants-casm-PaMmur.tmp/target/debug/deps/libsmallvec-00c65a5ffe2221d3.rmeta --extern thiserror=/tmp/cargo-mutants-casm-PaMmur.tmp/target/debug/deps/libthiserror-6c739655cb578a90.rmeta --cap-lints allow`
   Compiling gix-bitmap v0.3.3
     Running `/home/srinivasan/.rustup/toolchains/nightly-x86_64-unknown-linux-gnu/bin/rustc --crate-name gix_bitmap --edition=2024 /home/srinivasan/.cargo/registry/src/index.crates.io-1949cf8c6b5b557f/gix-bitmap-0.3.3/src/lib.rs --error-format=json --json=diagnostic-rendered-ansi,artifacts,future-incompat --crate-type lib --emit=dep-info,metadata,link -C embed-bitcode=no -C debuginfo=2 '--warn=clippy::pedantic' '--allow=clippy::wildcard_imports' '--allow=clippy::used_underscore_binding' '--allow=clippy::unused_self' '--allow=clippy::unreadable_literal' '--allow=clippy::unnecessary_wraps' '--allow=clippy::unnecessary_join' '--allow=clippy::trivially_copy_pass_by_ref' '--allow=clippy::transmute_ptr_to_ptr' '--allow=clippy::too_many_lines' '--allow=clippy::too_long_first_doc_paragraph' '--allow=clippy::struct_field_names' '--allow=clippy::struct_excessive_bools' '--allow=clippy::stable_sort_primitive' '--allow=clippy::single_match_else' '--allow=clippy::similar_names' '--allow=clippy::should_panic_without_expect' '--allow=clippy::return_self_not_must_use' '--allow=clippy::result_large_err' '--allow=clippy::redundant_else' '--allow=clippy::range_plus_one' '--allow=clippy::option_option' '--allow=clippy::no_effect_underscore_binding' '--allow=clippy::needless_raw_string_hashes' '--allow=clippy::needless_pass_by_value' '--allow=clippy::needless_for_each' '--allow=clippy::needless_continue' '--allow=clippy::naive_bytecount' '--allow=clippy::mut_mut' '--allow=clippy::must_use_candidate' '--allow=clippy::module_name_repetitions' '--allow=clippy::missing_panics_doc' '--allow=clippy::missing_errors_doc' '--allow=clippy::match_wildcard_for_single_variants' '--allow=clippy::match_wild_err_arm' '--allow=clippy::match_same_arms' '--allow=clippy::match_bool' '--allow=clippy::many_single_char_names' '--allow=clippy::manual_string_new' '--allow=clippy::manual_let_else' '--allow=clippy::manual_is_variant_and' '--allow=clippy::manual_assert' '--allow=clippy::large_stack_arrays' '--allow=clippy::large_enum_variant' '--allow=clippy::iter_without_into_iter' '--allow=clippy::iter_not_returning_iterator' '--allow=clippy::items_after_statements' '--allow=clippy::inline_always' '--allow=clippy::inefficient_to_string' '--allow=clippy::inconsistent_struct_constructor' '--allow=clippy::implicit_clone' '--allow=clippy::ignored_unit_patterns' '--allow=clippy::if_not_else' '--allow=clippy::from_iter_instead_of_collect' '--allow=clippy::fn_params_excessive_bools' '--allow=clippy::filter_map_next' '--allow=clippy::explicit_iter_loop' '--allow=clippy::explicit_into_iter_loop' '--allow=clippy::explicit_deref_methods' '--allow=clippy::enum_glob_use' '--allow=clippy::empty_docs' '--allow=clippy::doc_markdown' '--allow=clippy::default_trait_access' '--allow=clippy::copy_iterator' '--allow=clippy::checked_conversions' '--allow=clippy::cast_sign_loss' '--allow=clippy::cast_precision_loss' '--allow=clippy::cast_possible_wrap' '--allow=clippy::cast_possible_truncation' '--allow=clippy::cast_lossless' '--allow=clippy::borrow_as_ptr' '--allow=clippy::bool_to_int_with_if' --check-cfg 'cfg(docsrs,test)' --check-cfg 'cfg(feature, values())' -C metadata=4c1f94808bdcf8ae -C extra-filename=-04dc3fab2f13e70b --out-dir /tmp/cargo-mutants-casm-PaMmur.tmp/target/debug/deps -L dependency=/tmp/cargo-mutants-casm-PaMmur.tmp/target/debug/deps --extern gix_error=/tmp/cargo-mutants-casm-PaMmur.tmp/target/debug/deps/libgix_error-abff1358f93302bd.rmeta --cap-lints allow`
   Compiling gix-url v0.37.0
     Running `/home/srinivasan/.rustup/toolchains/nightly-x86_64-unknown-linux-gnu/bin/rustc --crate-name gix_url --edition=2024 /home/srinivasan/.cargo/registry/src/index.crates.io-1949cf8c6b5b557f/gix-url-0.37.0/src/lib.rs --error-format=json --json=diagnostic-rendered-ansi,artifacts,future-incompat --crate-type lib --emit=dep-info,metadata,link -C embed-bitcode=no -C debuginfo=2 '--warn=clippy::pedantic' '--allow=clippy::wildcard_imports' '--allow=clippy::used_underscore_binding' '--allow=clippy::unused_self' '--allow=clippy::unreadable_literal' '--allow=clippy::unnecessary_wraps' '--allow=clippy::unnecessary_join' '--allow=clippy::trivially_copy_pass_by_ref' '--allow=clippy::transmute_ptr_to_ptr' '--allow=clippy::too_many_lines' '--allow=clippy::too_long_first_doc_paragraph' '--allow=clippy::struct_field_names' '--allow=clippy::struct_excessive_bools' '--allow=clippy::stable_sort_primitive' '--allow=clippy::single_match_else' '--allow=clippy::similar_names' '--allow=clippy::should_panic_without_expect' '--allow=clippy::return_self_not_must_use' '--allow=clippy::result_large_err' '--allow=clippy::redundant_else' '--allow=clippy::range_plus_one' '--allow=clippy::option_option' '--allow=clippy::no_effect_underscore_binding' '--allow=clippy::needless_raw_string_hashes' '--allow=clippy::needless_pass_by_value' '--allow=clippy::needless_for_each' '--allow=clippy::needless_continue' '--allow=clippy::naive_bytecount' '--allow=clippy::mut_mut' '--allow=clippy::must_use_candidate' '--allow=clippy::module_name_repetitions' '--allow=clippy::missing_panics_doc' '--allow=clippy::missing_errors_doc' '--allow=clippy::match_wildcard_for_single_variants' '--allow=clippy::match_wild_err_arm' '--allow=clippy::match_same_arms' '--allow=clippy::match_bool' '--allow=clippy::many_single_char_names' '--allow=clippy::manual_string_new' '--allow=clippy::manual_let_else' '--allow=clippy::manual_is_variant_and' '--allow=clippy::manual_assert' '--allow=clippy::large_stack_arrays' '--allow=clippy::large_enum_variant' '--allow=clippy::iter_without_into_iter' '--allow=clippy::iter_not_returning_iterator' '--allow=clippy::items_after_statements' '--allow=clippy::inline_always' '--allow=clippy::inefficient_to_string' '--allow=clippy::inconsistent_struct_constructor' '--allow=clippy::implicit_clone' '--allow=clippy::ignored_unit_patterns' '--allow=clippy::if_not_else' '--allow=clippy::from_iter_instead_of_collect' '--allow=clippy::fn_params_excessive_bools' '--allow=clippy::filter_map_next' '--allow=clippy::explicit_iter_loop' '--allow=clippy::explicit_into_iter_loop' '--allow=clippy::explicit_deref_methods' '--allow=clippy::enum_glob_use' '--allow=clippy::empty_docs' '--allow=clippy::doc_markdown' '--allow=clippy::default_trait_access' '--allow=clippy::copy_iterator' '--allow=clippy::checked_conversions' '--allow=clippy::cast_sign_loss' '--allow=clippy::cast_precision_loss' '--allow=clippy::cast_possible_wrap' '--allow=clippy::cast_possible_truncation' '--allow=clippy::cast_lossless' '--allow=clippy::borrow_as_ptr' '--allow=clippy::bool_to_int_with_if' --check-cfg 'cfg(docsrs,test)' --check-cfg 'cfg(feature, values("document-features", "serde"))' -C metadata=4d48d7c2b40b09c5 -C extra-filename=-bca8aa9f30d47cfd --out-dir /tmp/cargo-mutants-casm-PaMmur.tmp/target/debug/deps -L dependency=/tmp/cargo-mutants-casm-PaMmur.tmp/target/debug/deps --extern bstr=/tmp/cargo-mutants-casm-PaMmur.tmp/target/debug/deps/libbstr-94da861d99843f38.rmeta --extern gix_path=/tmp/cargo-mutants-casm-PaMmur.tmp/target/debug/deps/libgix_path-ad720a692c9bd585.rmeta --extern gix_utils=/tmp/cargo-mutants-casm-PaMmur.tmp/target/debug/deps/libgix_utils-be9213fa8d232b57.rmeta --extern percent_encoding=/tmp/cargo-mutants-casm-PaMmur.tmp/target/debug/deps/libpercent_encoding-fdb8b4bcafcb590c.rmeta --extern thiserror=/tmp/cargo-mutants-casm-PaMmur.tmp/target/debug/deps/libthiserror-6c739655cb578a90.rmeta --cap-lints allow`
   Compiling gix-config-value v0.19.0
     Running `/home/srinivasan/.rustup/toolchains/nightly-x86_64-unknown-linux-gnu/bin/rustc --crate-name gix_config_value --edition=2024 /home/srinivasan/.cargo/registry/src/index.crates.io-1949cf8c6b5b557f/gix-config-value-0.19.0/src/lib.rs --error-format=json --json=diagnostic-rendered-ansi,artifacts,future-incompat --crate-type lib --emit=dep-info,metadata,link -C embed-bitcode=no -C debuginfo=2 '--warn=clippy::pedantic' '--allow=clippy::wildcard_imports' '--allow=clippy::used_underscore_binding' '--allow=clippy::unused_self' '--allow=clippy::unreadable_literal' '--allow=clippy::unnecessary_wraps' '--allow=clippy::unnecessary_join' '--allow=clippy::trivially_copy_pass_by_ref' '--allow=clippy::transmute_ptr_to_ptr' '--allow=clippy::too_many_lines' '--allow=clippy::too_long_first_doc_paragraph' '--allow=clippy::struct_field_names' '--allow=clippy::struct_excessive_bools' '--allow=clippy::stable_sort_primitive' '--allow=clippy::single_match_else' '--allow=clippy::similar_names' '--allow=clippy::should_panic_without_expect' '--allow=clippy::return_self_not_must_use' '--allow=clippy::result_large_err' '--allow=clippy::redundant_else' '--allow=clippy::range_plus_one' '--allow=clippy::option_option' '--allow=clippy::no_effect_underscore_binding' '--allow=clippy::needless_raw_string_hashes' '--allow=clippy::needless_pass_by_value' '--allow=clippy::needless_for_each' '--allow=clippy::needless_continue' '--allow=clippy::naive_bytecount' '--allow=clippy::mut_mut' '--allow=clippy::must_use_candidate' '--allow=clippy::module_name_repetitions' '--allow=clippy::missing_panics_doc' '--allow=clippy::missing_errors_doc' '--allow=clippy::match_wildcard_for_single_variants' '--allow=clippy::match_wild_err_arm' '--allow=clippy::match_same_arms' '--allow=clippy::match_bool' '--allow=clippy::many_single_char_names' '--allow=clippy::manual_string_new' '--allow=clippy::manual_let_else' '--allow=clippy::manual_is_variant_and' '--allow=clippy::manual_assert' '--allow=clippy::large_stack_arrays' '--allow=clippy::large_enum_variant' '--allow=clippy::iter_without_into_iter' '--allow=clippy::iter_not_returning_iterator' '--allow=clippy::items_after_statements' '--allow=clippy::inline_always' '--allow=clippy::inefficient_to_string' '--allow=clippy::inconsistent_struct_constructor' '--allow=clippy::implicit_clone' '--allow=clippy::ignored_unit_patterns' '--allow=clippy::if_not_else' '--allow=clippy::from_iter_instead_of_collect' '--allow=clippy::fn_params_excessive_bools' '--allow=clippy::filter_map_next' '--allow=clippy::explicit_iter_loop' '--allow=clippy::explicit_into_iter_loop' '--allow=clippy::explicit_deref_methods' '--allow=clippy::enum_glob_use' '--allow=clippy::empty_docs' '--allow=clippy::doc_markdown' '--allow=clippy::default_trait_access' '--allow=clippy::copy_iterator' '--allow=clippy::checked_conversions' '--allow=clippy::cast_sign_loss' '--allow=clippy::cast_precision_loss' '--allow=clippy::cast_possible_wrap' '--allow=clippy::cast_possible_truncation' '--allow=clippy::cast_lossless' '--allow=clippy::borrow_as_ptr' '--allow=clippy::bool_to_int_with_if' --check-cfg 'cfg(docsrs,test)' --check-cfg 'cfg(feature, values("document-features", "serde"))' -C metadata=5c14395baf4a74be -C extra-filename=-2133c92c614b6871 --out-dir /tmp/cargo-mutants-casm-PaMmur.tmp/target/debug/deps -L dependency=/tmp/cargo-mutants-casm-PaMmur.tmp/target/debug/deps --extern bitflags=/tmp/cargo-mutants-casm-PaMmur.tmp/target/debug/deps/libbitflags-9af264abf64e7262.rmeta --extern bstr=/tmp/cargo-mutants-casm-PaMmur.tmp/target/debug/deps/libbstr-94da861d99843f38.rmeta --extern gix_path=/tmp/cargo-mutants-casm-PaMmur.tmp/target/debug/deps/libgix_path-ad720a692c9bd585.rmeta --extern libc=/tmp/cargo-mutants-casm-PaMmur.tmp/target/debug/deps/liblibc-65418387ff813146.rmeta --extern thiserror=/tmp/cargo-mutants-casm-PaMmur.tmp/target/debug/deps/libthiserror-6c739655cb578a90.rmeta --cap-lints allow`
   Compiling gix-index v0.54.0
     Running `/home/srinivasan/.rustup/toolchains/nightly-x86_64-unknown-linux-gnu/bin/rustc --crate-name gix_index --edition=2024 /home/srinivasan/.cargo/registry/src/index.crates.io-1949cf8c6b5b557f/gix-index-0.54.0/src/lib.rs --error-format=json --json=diagnostic-rendered-ansi,artifacts,future-incompat --crate-type lib --emit=dep-info,metadata,link -C embed-bitcode=no -C debuginfo=2 '--warn=clippy::pedantic' '--allow=clippy::wildcard_imports' '--allow=clippy::used_underscore_binding' '--allow=clippy::unused_self' '--allow=clippy::unreadable_literal' '--allow=clippy::unnecessary_wraps' '--allow=clippy::unnecessary_join' '--allow=clippy::trivially_copy_pass_by_ref' '--allow=clippy::transmute_ptr_to_ptr' '--allow=clippy::too_many_lines' '--allow=clippy::too_long_first_doc_paragraph' '--allow=clippy::struct_field_names' '--allow=clippy::struct_excessive_bools' '--allow=clippy::stable_sort_primitive' '--allow=clippy::single_match_else' '--allow=clippy::similar_names' '--allow=clippy::should_panic_without_expect' '--allow=clippy::return_self_not_must_use' '--allow=clippy::result_large_err' '--allow=clippy::redundant_else' '--allow=clippy::range_plus_one' '--allow=clippy::option_option' '--allow=clippy::no_effect_underscore_binding' '--allow=clippy::needless_raw_string_hashes' '--allow=clippy::needless_pass_by_value' '--allow=clippy::needless_for_each' '--allow=clippy::needless_continue' '--allow=clippy::naive_bytecount' '--allow=clippy::mut_mut' '--allow=clippy::must_use_candidate' '--allow=clippy::module_name_repetitions' '--allow=clippy::missing_panics_doc' '--allow=clippy::missing_errors_doc' '--allow=clippy::match_wildcard_for_single_variants' '--allow=clippy::match_wild_err_arm' '--allow=clippy::match_same_arms' '--allow=clippy::match_bool' '--allow=clippy::many_single_char_names' '--allow=clippy::manual_string_new' '--allow=clippy::manual_let_else' '--allow=clippy::manual_is_variant_and' '--allow=clippy::manual_assert' '--allow=clippy::large_stack_arrays' '--allow=clippy::large_enum_variant' '--allow=clippy::iter_without_into_iter' '--allow=clippy::iter_not_returning_iterator' '--allow=clippy::items_after_statements' '--allow=clippy::inline_always' '--allow=clippy::inefficient_to_string' '--allow=clippy::inconsistent_struct_constructor' '--allow=clippy::implicit_clone' '--allow=clippy::ignored_unit_patterns' '--allow=clippy::if_not_else' '--allow=clippy::from_iter_instead_of_collect' '--allow=clippy::fn_params_excessive_bools' '--allow=clippy::filter_map_next' '--allow=clippy::explicit_iter_loop' '--allow=clippy::explicit_into_iter_loop' '--allow=clippy::explicit_deref_methods' '--allow=clippy::enum_glob_use' '--allow=clippy::empty_docs' '--allow=clippy::doc_markdown' '--allow=clippy::default_trait_access' '--allow=clippy::copy_iterator' '--allow=clippy::checked_conversions' '--allow=clippy::cast_sign_loss' '--allow=clippy::cast_precision_loss' '--allow=clippy::cast_possible_wrap' '--allow=clippy::cast_possible_truncation' '--allow=clippy::cast_lossless' '--allow=clippy::borrow_as_ptr' '--allow=clippy::bool_to_int_with_if' --check-cfg 'cfg(docsrs,test)' --check-cfg 'cfg(feature, values("document-features", "parallel", "serde", "sha1", "sha256"))' -C metadata=38332302f458c9ee -C extra-filename=-2856e88550c79bfd --out-dir /tmp/cargo-mutants-casm-PaMmur.tmp/target/debug/deps -L dependency=/tmp/cargo-mutants-casm-PaMmur.tmp/target/debug/deps --extern bitflags=/tmp/cargo-mutants-casm-PaMmur.tmp/target/debug/deps/libbitflags-9af264abf64e7262.rmeta --extern bstr=/tmp/cargo-mutants-casm-PaMmur.tmp/target/debug/deps/libbstr-94da861d99843f38.rmeta --extern filetime=/tmp/cargo-mutants-casm-PaMmur.tmp/target/debug/deps/libfiletime-c725a761cb4ac8fd.rmeta --extern fnv=/tmp/cargo-mutants-casm-PaMmur.tmp/target/debug/deps/libfnv-b4193684a965a7e4.rmeta --extern gix_bitmap=/tmp/cargo-mutants-casm-PaMmur.tmp/target/debug/deps/libgix_bitmap-04dc3fab2f13e70b.rmeta --extern gix_features=/tmp/cargo-mutants-casm-PaMmur.tmp/target/debug/deps/libgix_features-2b7337ebc7a64097.rmeta --extern gix_fs=/tmp/cargo-mutants-casm-PaMmur.tmp/target/debug/deps/libgix_fs-8cf05bb8128d6b29.rmeta --extern gix_hash=/tmp/cargo-mutants-casm-PaMmur.tmp/target/debug/deps/libgix_hash-4bf740fa70ef3be8.rmeta --extern gix_lock=/tmp/cargo-mutants-casm-PaMmur.tmp/target/debug/deps/libgix_lock-0897819c5b40e023.rmeta --extern gix_object=/tmp/cargo-mutants-casm-PaMmur.tmp/target/debug/deps/libgix_object-e1fb726db5135e58.rmeta --extern gix_traverse=/tmp/cargo-mutants-casm-PaMmur.tmp/target/debug/deps/libgix_traverse-4b078eedc4919d5a.rmeta --extern gix_utils=/tmp/cargo-mutants-casm-PaMmur.tmp/target/debug/deps/libgix_utils-be9213fa8d232b57.rmeta --extern gix_validate=/tmp/cargo-mutants-casm-PaMmur.tmp/target/debug/deps/libgix_validate-76a43d9cff1fb6ae.rmeta --extern hashbrown=/tmp/cargo-mutants-casm-PaMmur.tmp/target/debug/deps/libhashbrown-9a41c5781a4c5195.rmeta --extern itoa=/tmp/cargo-mutants-casm-PaMmur.tmp/target/debug/deps/libitoa-6a6d3f3d53caa1d6.rmeta --extern libc=/tmp/cargo-mutants-casm-PaMmur.tmp/target/debug/deps/liblibc-65418387ff813146.rmeta --extern memmap2=/tmp/cargo-mutants-casm-PaMmur.tmp/target/debug/deps/libmemmap2-d07795cb874754f5.rmeta --extern rustix=/tmp/cargo-mutants-casm-PaMmur.tmp/target/debug/deps/librustix-b296580cf7dc1e91.rmeta --extern smallvec=/tmp/cargo-mutants-casm-PaMmur.tmp/target/debug/deps/libsmallvec-00c65a5ffe2221d3.rmeta --extern thiserror=/tmp/cargo-mutants-casm-PaMmur.tmp/target/debug/deps/libthiserror-6c739655cb578a90.rmeta --cap-lints allow`
   Compiling gix-revision v0.48.0
     Running `/home/srinivasan/.rustup/toolchains/nightly-x86_64-unknown-linux-gnu/bin/rustc --crate-name gix_revision --edition=2024 /home/srinivasan/.cargo/registry/src/index.crates.io-1949cf8c6b5b557f/gix-revision-0.48.0/src/lib.rs --error-format=json --json=diagnostic-rendered-ansi,artifacts,future-incompat --crate-type lib --emit=dep-info,metadata,link -C embed-bitcode=no -C debuginfo=2 '--warn=clippy::pedantic' '--allow=clippy::wildcard_imports' '--allow=clippy::used_underscore_binding' '--allow=clippy::unused_self' '--allow=clippy::unreadable_literal' '--allow=clippy::unnecessary_wraps' '--allow=clippy::unnecessary_join' '--allow=clippy::trivially_copy_pass_by_ref' '--allow=clippy::transmute_ptr_to_ptr' '--allow=clippy::too_many_lines' '--allow=clippy::too_long_first_doc_paragraph' '--allow=clippy::struct_field_names' '--allow=clippy::struct_excessive_bools' '--allow=clippy::stable_sort_primitive' '--allow=clippy::single_match_else' '--allow=clippy::similar_names' '--allow=clippy::should_panic_without_expect' '--allow=clippy::return_self_not_must_use' '--allow=clippy::result_large_err' '--allow=clippy::redundant_else' '--allow=clippy::range_plus_one' '--allow=clippy::option_option' '--allow=clippy::no_effect_underscore_binding' '--allow=clippy::needless_raw_string_hashes' '--allow=clippy::needless_pass_by_value' '--allow=clippy::needless_for_each' '--allow=clippy::needless_continue' '--allow=clippy::naive_bytecount' '--allow=clippy::mut_mut' '--allow=clippy::must_use_candidate' '--allow=clippy::module_name_repetitions' '--allow=clippy::missing_panics_doc' '--allow=clippy::missing_errors_doc' '--allow=clippy::match_wildcard_for_single_variants' '--allow=clippy::match_wild_err_arm' '--allow=clippy::match_same_arms' '--allow=clippy::match_bool' '--allow=clippy::many_single_char_names' '--allow=clippy::manual_string_new' '--allow=clippy::manual_let_else' '--allow=clippy::manual_is_variant_and' '--allow=clippy::manual_assert' '--allow=clippy::large_stack_arrays' '--allow=clippy::large_enum_variant' '--allow=clippy::iter_without_into_iter' '--allow=clippy::iter_not_returning_iterator' '--allow=clippy::items_after_statements' '--allow=clippy::inline_always' '--allow=clippy::inefficient_to_string' '--allow=clippy::inconsistent_struct_constructor' '--allow=clippy::implicit_clone' '--allow=clippy::ignored_unit_patterns' '--allow=clippy::if_not_else' '--allow=clippy::from_iter_instead_of_collect' '--allow=clippy::fn_params_excessive_bools' '--allow=clippy::filter_map_next' '--allow=clippy::explicit_iter_loop' '--allow=clippy::explicit_into_iter_loop' '--allow=clippy::explicit_deref_methods' '--allow=clippy::enum_glob_use' '--allow=clippy::empty_docs' '--allow=clippy::doc_markdown' '--allow=clippy::default_trait_access' '--allow=clippy::copy_iterator' '--allow=clippy::checked_conversions' '--allow=clippy::cast_sign_loss' '--allow=clippy::cast_precision_loss' '--allow=clippy::cast_possible_wrap' '--allow=clippy::cast_possible_truncation' '--allow=clippy::cast_lossless' '--allow=clippy::borrow_as_ptr' '--allow=clippy::bool_to_int_with_if' --cfg 'feature="describe"' --cfg 'feature="merge_base"' --check-cfg 'cfg(docsrs,test)' --check-cfg 'cfg(feature, values("default", "describe", "document-features", "merge_base", "serde", "sha1", "sha256"))' -C metadata=50915fc47fd54ad4 -C extra-filename=-023fc48b1d668184 --out-dir /tmp/cargo-mutants-casm-PaMmur.tmp/target/debug/deps -L dependency=/tmp/cargo-mutants-casm-PaMmur.tmp/target/debug/deps --extern bitflags=/tmp/cargo-mutants-casm-PaMmur.tmp/target/debug/deps/libbitflags-9af264abf64e7262.rmeta --extern bstr=/tmp/cargo-mutants-casm-PaMmur.tmp/target/debug/deps/libbstr-94da861d99843f38.rmeta --extern gix_commitgraph=/tmp/cargo-mutants-casm-PaMmur.tmp/target/debug/deps/libgix_commitgraph-9e29a3a29bd0f3cf.rmeta --extern gix_date=/tmp/cargo-mutants-casm-PaMmur.tmp/target/debug/deps/libgix_date-a99f03dfbebc6bec.rmeta --extern gix_error=/tmp/cargo-mutants-casm-PaMmur.tmp/target/debug/deps/libgix_error-abff1358f93302bd.rmeta --extern gix_hash=/tmp/cargo-mutants-casm-PaMmur.tmp/target/debug/deps/libgix_hash-4bf740fa70ef3be8.rmeta --extern gix_hashtable=/tmp/cargo-mutants-casm-PaMmur.tmp/target/debug/deps/libgix_hashtable-504c4f28c5beba6e.rmeta --extern gix_object=/tmp/cargo-mutants-casm-PaMmur.tmp/target/debug/deps/libgix_object-e1fb726db5135e58.rmeta --extern gix_revwalk=/tmp/cargo-mutants-casm-PaMmur.tmp/target/debug/deps/libgix_revwalk-7470dba017a94ca6.rmeta --extern gix_trace=/tmp/cargo-mutants-casm-PaMmur.tmp/target/debug/deps/libgix_trace-fe3ae1ba08dc3b9c.rmeta --extern nonempty=/tmp/cargo-mutants-casm-PaMmur.tmp/target/debug/deps/libnonempty-2f9693126db11f85.rmeta --cap-lints allow`
   Compiling gix-ignore v0.22.0
     Running `/home/srinivasan/.rustup/toolchains/nightly-x86_64-unknown-linux-gnu/bin/rustc --crate-name gix_ignore --edition=2024 /home/srinivasan/.cargo/registry/src/index.crates.io-1949cf8c6b5b557f/gix-ignore-0.22.0/src/lib.rs --error-format=json --json=diagnostic-rendered-ansi,artifacts,future-incompat --crate-type lib --emit=dep-info,metadata,link -C embed-bitcode=no -C debuginfo=2 '--warn=clippy::pedantic' '--allow=clippy::wildcard_imports' '--allow=clippy::used_underscore_binding' '--allow=clippy::unused_self' '--allow=clippy::unreadable_literal' '--allow=clippy::unnecessary_wraps' '--allow=clippy::unnecessary_join' '--allow=clippy::trivially_copy_pass_by_ref' '--allow=clippy::transmute_ptr_to_ptr' '--allow=clippy::too_many_lines' '--allow=clippy::too_long_first_doc_paragraph' '--allow=clippy::struct_field_names' '--allow=clippy::struct_excessive_bools' '--allow=clippy::stable_sort_primitive' '--allow=clippy::single_match_else' '--allow=clippy::similar_names' '--allow=clippy::should_panic_without_expect' '--allow=clippy::return_self_not_must_use' '--allow=clippy::result_large_err' '--allow=clippy::redundant_else' '--allow=clippy::range_plus_one' '--allow=clippy::option_option' '--allow=clippy::no_effect_underscore_binding' '--allow=clippy::needless_raw_string_hashes' '--allow=clippy::needless_pass_by_value' '--allow=clippy::needless_for_each' '--allow=clippy::needless_continue' '--allow=clippy::naive_bytecount' '--allow=clippy::mut_mut' '--allow=clippy::must_use_candidate' '--allow=clippy::module_name_repetitions' '--allow=clippy::missing_panics_doc' '--allow=clippy::missing_errors_doc' '--allow=clippy::match_wildcard_for_single_variants' '--allow=clippy::match_wild_err_arm' '--allow=clippy::match_same_arms' '--allow=clippy::match_bool' '--allow=clippy::many_single_char_names' '--allow=clippy::manual_string_new' '--allow=clippy::manual_let_else' '--allow=clippy::manual_is_variant_and' '--allow=clippy::manual_assert' '--allow=clippy::large_stack_arrays' '--allow=clippy::large_enum_variant' '--allow=clippy::iter_without_into_iter' '--allow=clippy::iter_not_returning_iterator' '--allow=clippy::items_after_statements' '--allow=clippy::inline_always' '--allow=clippy::inefficient_to_string' '--allow=clippy::inconsistent_struct_constructor' '--allow=clippy::implicit_clone' '--allow=clippy::ignored_unit_patterns' '--allow=clippy::if_not_else' '--allow=clippy::from_iter_instead_of_collect' '--allow=clippy::fn_params_excessive_bools' '--allow=clippy::filter_map_next' '--allow=clippy::explicit_iter_loop' '--allow=clippy::explicit_into_iter_loop' '--allow=clippy::explicit_deref_methods' '--allow=clippy::enum_glob_use' '--allow=clippy::empty_docs' '--allow=clippy::doc_markdown' '--allow=clippy::default_trait_access' '--allow=clippy::copy_iterator' '--allow=clippy::checked_conversions' '--allow=clippy::cast_sign_loss' '--allow=clippy::cast_precision_loss' '--allow=clippy::cast_possible_wrap' '--allow=clippy::cast_possible_truncation' '--allow=clippy::cast_lossless' '--allow=clippy::borrow_as_ptr' '--allow=clippy::bool_to_int_with_if' --check-cfg 'cfg(docsrs,test)' --check-cfg 'cfg(feature, values("document-features", "serde"))' -C metadata=1ade3a828512c510 -C extra-filename=-b4eae04b4744cfdc --out-dir /tmp/cargo-mutants-casm-PaMmur.tmp/target/debug/deps -L dependency=/tmp/cargo-mutants-casm-PaMmur.tmp/target/debug/deps --extern bstr=/tmp/cargo-mutants-casm-PaMmur.tmp/target/debug/deps/libbstr-94da861d99843f38.rmeta --extern gix_glob=/tmp/cargo-mutants-casm-PaMmur.tmp/target/debug/deps/libgix_glob-d3df6e811d698f3b.rmeta --extern gix_path=/tmp/cargo-mutants-casm-PaMmur.tmp/target/debug/deps/libgix_path-ad720a692c9bd585.rmeta --extern gix_trace=/tmp/cargo-mutants-casm-PaMmur.tmp/target/debug/deps/libgix_trace-fe3ae1ba08dc3b9c.rmeta --extern unicode_bom=/tmp/cargo-mutants-casm-PaMmur.tmp/target/debug/deps/libunicode_bom-624cad395bebc465.rmeta --cap-lints allow`
   Compiling gix-config v0.59.0
     Running `/home/srinivasan/.rustup/toolchains/nightly-x86_64-unknown-linux-gnu/bin/rustc --crate-name gix_config --edition=2024 /home/srinivasan/.cargo/registry/src/index.crates.io-1949cf8c6b5b557f/gix-config-0.59.0/src/lib.rs --error-format=json --json=diagnostic-rendered-ansi,artifacts,future-incompat --crate-type lib --emit=dep-info,metadata,link -C embed-bitcode=no -C debuginfo=2 '--warn=clippy::pedantic' '--allow=clippy::wildcard_imports' '--allow=clippy::used_underscore_binding' '--allow=clippy::unused_self' '--allow=clippy::unreadable_literal' '--allow=clippy::unnecessary_wraps' '--allow=clippy::unnecessary_join' '--allow=clippy::trivially_copy_pass_by_ref' '--allow=clippy::transmute_ptr_to_ptr' '--allow=clippy::too_many_lines' '--allow=clippy::too_long_first_doc_paragraph' '--allow=clippy::struct_field_names' '--allow=clippy::struct_excessive_bools' '--allow=clippy::stable_sort_primitive' '--allow=clippy::single_match_else' '--allow=clippy::similar_names' '--allow=clippy::should_panic_without_expect' '--allow=clippy::return_self_not_must_use' '--allow=clippy::result_large_err' '--allow=clippy::redundant_else' '--allow=clippy::range_plus_one' '--allow=clippy::option_option' '--allow=clippy::no_effect_underscore_binding' '--allow=clippy::needless_raw_string_hashes' '--allow=clippy::needless_pass_by_value' '--allow=clippy::needless_for_each' '--allow=clippy::needless_continue' '--allow=clippy::naive_bytecount' '--allow=clippy::mut_mut' '--allow=clippy::must_use_candidate' '--allow=clippy::module_name_repetitions' '--allow=clippy::missing_panics_doc' '--allow=clippy::missing_errors_doc' '--allow=clippy::match_wildcard_for_single_variants' '--allow=clippy::match_wild_err_arm' '--allow=clippy::match_same_arms' '--allow=clippy::match_bool' '--allow=clippy::many_single_char_names' '--allow=clippy::manual_string_new' '--allow=clippy::manual_let_else' '--allow=clippy::manual_is_variant_and' '--allow=clippy::manual_assert' '--allow=clippy::large_stack_arrays' '--allow=clippy::large_enum_variant' '--allow=clippy::iter_without_into_iter' '--allow=clippy::iter_not_returning_iterator' '--allow=clippy::items_after_statements' '--allow=clippy::inline_always' '--allow=clippy::inefficient_to_string' '--allow=clippy::inconsistent_struct_constructor' '--allow=clippy::implicit_clone' '--allow=clippy::ignored_unit_patterns' '--allow=clippy::if_not_else' '--allow=clippy::from_iter_instead_of_collect' '--allow=clippy::fn_params_excessive_bools' '--allow=clippy::filter_map_next' '--allow=clippy::explicit_iter_loop' '--allow=clippy::explicit_into_iter_loop' '--allow=clippy::explicit_deref_methods' '--allow=clippy::enum_glob_use' '--allow=clippy::empty_docs' '--allow=clippy::doc_markdown' '--allow=clippy::default_trait_access' '--allow=clippy::copy_iterator' '--allow=clippy::checked_conversions' '--allow=clippy::cast_sign_loss' '--allow=clippy::cast_precision_loss' '--allow=clippy::cast_possible_wrap' '--allow=clippy::cast_possible_truncation' '--allow=clippy::cast_lossless' '--allow=clippy::borrow_as_ptr' '--allow=clippy::bool_to_int_with_if' --check-cfg 'cfg(docsrs,test)' --check-cfg 'cfg(feature, values("document-features", "serde", "sha1", "sha256"))' -C metadata=59fba5cd09846912 -C extra-filename=-07e4468fb77227d0 --out-dir /tmp/cargo-mutants-casm-PaMmur.tmp/target/debug/deps -L dependency=/tmp/cargo-mutants-casm-PaMmur.tmp/target/debug/deps --extern bstr=/tmp/cargo-mutants-casm-PaMmur.tmp/target/debug/deps/libbstr-94da861d99843f38.rmeta --extern gix_config_value=/tmp/cargo-mutants-casm-PaMmur.tmp/target/debug/deps/libgix_config_value-2133c92c614b6871.rmeta --extern gix_features=/tmp/cargo-mutants-casm-PaMmur.tmp/target/debug/deps/libgix_features-2b7337ebc7a64097.rmeta --extern gix_glob=/tmp/cargo-mutants-casm-PaMmur.tmp/target/debug/deps/libgix_glob-d3df6e811d698f3b.rmeta --extern gix_path=/tmp/cargo-mutants-casm-PaMmur.tmp/target/debug/deps/libgix_path-ad720a692c9bd585.rmeta --extern gix_ref=/tmp/cargo-mutants-casm-PaMmur.tmp/target/debug/deps/libgix_ref-595a4dd7ea734bd0.rmeta --extern gix_sec=/tmp/cargo-mutants-casm-PaMmur.tmp/target/debug/deps/libgix_sec-41142498b26f5730.rmeta --extern gix_utils=/tmp/cargo-mutants-casm-PaMmur.tmp/target/debug/deps/libgix_utils-be9213fa8d232b57.rmeta --extern smallvec=/tmp/cargo-mutants-casm-PaMmur.tmp/target/debug/deps/libsmallvec-00c65a5ffe2221d3.rmeta --extern thiserror=/tmp/cargo-mutants-casm-PaMmur.tmp/target/debug/deps/libthiserror-6c739655cb578a90.rmeta --extern unicode_bom=/tmp/cargo-mutants-casm-PaMmur.tmp/target/debug/deps/libunicode_bom-624cad395bebc465.rmeta --cap-lints allow`
   Compiling gix-worktree v0.55.0
     Running `/home/srinivasan/.rustup/toolchains/nightly-x86_64-unknown-linux-gnu/bin/rustc --crate-name gix_worktree --edition=2024 /home/srinivasan/.cargo/registry/src/index.crates.io-1949cf8c6b5b557f/gix-worktree-0.55.0/src/lib.rs --error-format=json --json=diagnostic-rendered-ansi,artifacts,future-incompat --crate-type lib --emit=dep-info,metadata,link -C embed-bitcode=no -C debuginfo=2 '--warn=clippy::pedantic' '--allow=clippy::wildcard_imports' '--allow=clippy::used_underscore_binding' '--allow=clippy::unused_self' '--allow=clippy::unreadable_literal' '--allow=clippy::unnecessary_wraps' '--allow=clippy::unnecessary_join' '--allow=clippy::trivially_copy_pass_by_ref' '--allow=clippy::transmute_ptr_to_ptr' '--allow=clippy::too_many_lines' '--allow=clippy::too_long_first_doc_paragraph' '--allow=clippy::struct_field_names' '--allow=clippy::struct_excessive_bools' '--allow=clippy::stable_sort_primitive' '--allow=clippy::single_match_else' '--allow=clippy::similar_names' '--allow=clippy::should_panic_without_expect' '--allow=clippy::return_self_not_must_use' '--allow=clippy::result_large_err' '--allow=clippy::redundant_else' '--allow=clippy::range_plus_one' '--allow=clippy::option_option' '--allow=clippy::no_effect_underscore_binding' '--allow=clippy::needless_raw_string_hashes' '--allow=clippy::needless_pass_by_value' '--allow=clippy::needless_for_each' '--allow=clippy::needless_continue' '--allow=clippy::naive_bytecount' '--allow=clippy::mut_mut' '--allow=clippy::must_use_candidate' '--allow=clippy::module_name_repetitions' '--allow=clippy::missing_panics_doc' '--allow=clippy::missing_errors_doc' '--allow=clippy::match_wildcard_for_single_variants' '--allow=clippy::match_wild_err_arm' '--allow=clippy::match_same_arms' '--allow=clippy::match_bool' '--allow=clippy::many_single_char_names' '--allow=clippy::manual_string_new' '--allow=clippy::manual_let_else' '--allow=clippy::manual_is_variant_and' '--allow=clippy::manual_assert' '--allow=clippy::large_stack_arrays' '--allow=clippy::large_enum_variant' '--allow=clippy::iter_without_into_iter' '--allow=clippy::iter_not_returning_iterator' '--allow=clippy::items_after_statements' '--allow=clippy::inline_always' '--allow=clippy::inefficient_to_string' '--allow=clippy::inconsistent_struct_constructor' '--allow=clippy::implicit_clone' '--allow=clippy::ignored_unit_patterns' '--allow=clippy::if_not_else' '--allow=clippy::from_iter_instead_of_collect' '--allow=clippy::fn_params_excessive_bools' '--allow=clippy::filter_map_next' '--allow=clippy::explicit_iter_loop' '--allow=clippy::explicit_into_iter_loop' '--allow=clippy::explicit_deref_methods' '--allow=clippy::enum_glob_use' '--allow=clippy::empty_docs' '--allow=clippy::doc_markdown' '--allow=clippy::default_trait_access' '--allow=clippy::copy_iterator' '--allow=clippy::checked_conversions' '--allow=clippy::cast_sign_loss' '--allow=clippy::cast_precision_loss' '--allow=clippy::cast_possible_wrap' '--allow=clippy::cast_possible_truncation' '--allow=clippy::cast_lossless' '--allow=clippy::borrow_as_ptr' '--allow=clippy::bool_to_int_with_if' --cfg 'feature="attributes"' --cfg 'feature="gix-features"' --cfg 'feature="parallel"' --check-cfg 'cfg(docsrs,test)' --check-cfg 'cfg(feature, values("attributes", "default", "document-features", "gix-features", "parallel", "serde", "sha1", "sha256"))' -C metadata=8a132af14e775bbb -C extra-filename=-d9a00650b08ab71f --out-dir /tmp/cargo-mutants-casm-PaMmur.tmp/target/debug/deps -L dependency=/tmp/cargo-mutants-casm-PaMmur.tmp/target/debug/deps --extern bstr=/tmp/cargo-mutants-casm-PaMmur.tmp/target/debug/deps/libbstr-94da861d99843f38.rmeta --extern gix_attributes=/tmp/cargo-mutants-casm-PaMmur.tmp/target/debug/deps/libgix_attributes-e64c44d2376f9d3c.rmeta --extern gix_features=/tmp/cargo-mutants-casm-PaMmur.tmp/target/debug/deps/libgix_features-2b7337ebc7a64097.rmeta --extern gix_fs=/tmp/cargo-mutants-casm-PaMmur.tmp/target/debug/deps/libgix_fs-8cf05bb8128d6b29.rmeta --extern gix_glob=/tmp/cargo-mutants-casm-PaMmur.tmp/target/debug/deps/libgix_glob-d3df6e811d698f3b.rmeta --extern gix_hash=/tmp/cargo-mutants-casm-PaMmur.tmp/target/debug/deps/libgix_hash-4bf740fa70ef3be8.rmeta --extern gix_ignore=/tmp/cargo-mutants-casm-PaMmur.tmp/target/debug/deps/libgix_ignore-b4eae04b4744cfdc.rmeta --extern gix_index=/tmp/cargo-mutants-casm-PaMmur.tmp/target/debug/deps/libgix_index-2856e88550c79bfd.rmeta --extern gix_object=/tmp/cargo-mutants-casm-PaMmur.tmp/target/debug/deps/libgix_object-e1fb726db5135e58.rmeta --extern gix_path=/tmp/cargo-mutants-casm-PaMmur.tmp/target/debug/deps/libgix_path-ad720a692c9bd585.rmeta --extern gix_validate=/tmp/cargo-mutants-casm-PaMmur.tmp/target/debug/deps/libgix_validate-76a43d9cff1fb6ae.rmeta --cap-lints allow`
   Compiling gix-refspec v0.44.0
     Running `/home/srinivasan/.rustup/toolchains/nightly-x86_64-unknown-linux-gnu/bin/rustc --crate-name gix_refspec --edition=2024 /home/srinivasan/.cargo/registry/src/index.crates.io-1949cf8c6b5b557f/gix-refspec-0.44.0/src/lib.rs --error-format=json --json=diagnostic-rendered-ansi,artifacts,future-incompat --crate-type lib --emit=dep-info,metadata,link -C embed-bitcode=no -C debuginfo=2 '--warn=clippy::pedantic' '--allow=clippy::wildcard_imports' '--allow=clippy::used_underscore_binding' '--allow=clippy::unused_self' '--allow=clippy::unreadable_literal' '--allow=clippy::unnecessary_wraps' '--allow=clippy::unnecessary_join' '--allow=clippy::trivially_copy_pass_by_ref' '--allow=clippy::transmute_ptr_to_ptr' '--allow=clippy::too_many_lines' '--allow=clippy::too_long_first_doc_paragraph' '--allow=clippy::struct_field_names' '--allow=clippy::struct_excessive_bools' '--allow=clippy::stable_sort_primitive' '--allow=clippy::single_match_else' '--allow=clippy::similar_names' '--allow=clippy::should_panic_without_expect' '--allow=clippy::return_self_not_must_use' '--allow=clippy::result_large_err' '--allow=clippy::redundant_else' '--allow=clippy::range_plus_one' '--allow=clippy::option_option' '--allow=clippy::no_effect_underscore_binding' '--allow=clippy::needless_raw_string_hashes' '--allow=clippy::needless_pass_by_value' '--allow=clippy::needless_for_each' '--allow=clippy::needless_continue' '--allow=clippy::naive_bytecount' '--allow=clippy::mut_mut' '--allow=clippy::must_use_candidate' '--allow=clippy::module_name_repetitions' '--allow=clippy::missing_panics_doc' '--allow=clippy::missing_errors_doc' '--allow=clippy::match_wildcard_for_single_variants' '--allow=clippy::match_wild_err_arm' '--allow=clippy::match_same_arms' '--allow=clippy::match_bool' '--allow=clippy::many_single_char_names' '--allow=clippy::manual_string_new' '--allow=clippy::manual_let_else' '--allow=clippy::manual_is_variant_and' '--allow=clippy::manual_assert' '--allow=clippy::large_stack_arrays' '--allow=clippy::large_enum_variant' '--allow=clippy::iter_without_into_iter' '--allow=clippy::iter_not_returning_iterator' '--allow=clippy::items_after_statements' '--allow=clippy::inline_always' '--allow=clippy::inefficient_to_string' '--allow=clippy::inconsistent_struct_constructor' '--allow=clippy::implicit_clone' '--allow=clippy::ignored_unit_patterns' '--allow=clippy::if_not_else' '--allow=clippy::from_iter_instead_of_collect' '--allow=clippy::fn_params_excessive_bools' '--allow=clippy::filter_map_next' '--allow=clippy::explicit_iter_loop' '--allow=clippy::explicit_into_iter_loop' '--allow=clippy::explicit_deref_methods' '--allow=clippy::enum_glob_use' '--allow=clippy::empty_docs' '--allow=clippy::doc_markdown' '--allow=clippy::default_trait_access' '--allow=clippy::copy_iterator' '--allow=clippy::checked_conversions' '--allow=clippy::cast_sign_loss' '--allow=clippy::cast_precision_loss' '--allow=clippy::cast_possible_wrap' '--allow=clippy::cast_possible_truncation' '--allow=clippy::cast_lossless' '--allow=clippy::borrow_as_ptr' '--allow=clippy::bool_to_int_with_if' --check-cfg 'cfg(docsrs,test)' --check-cfg 'cfg(feature, values("sha1", "sha256"))' -C metadata=7b457a96b2802621 -C extra-filename=-66b8667795d6cf4c --out-dir /tmp/cargo-mutants-casm-PaMmur.tmp/target/debug/deps -L dependency=/tmp/cargo-mutants-casm-PaMmur.tmp/target/debug/deps --extern bstr=/tmp/cargo-mutants-casm-PaMmur.tmp/target/debug/deps/libbstr-94da861d99843f38.rmeta --extern gix_error=/tmp/cargo-mutants-casm-PaMmur.tmp/target/debug/deps/libgix_error-abff1358f93302bd.rmeta --extern gix_glob=/tmp/cargo-mutants-casm-PaMmur.tmp/target/debug/deps/libgix_glob-d3df6e811d698f3b.rmeta --extern gix_hash=/tmp/cargo-mutants-casm-PaMmur.tmp/target/debug/deps/libgix_hash-4bf740fa70ef3be8.rmeta --extern gix_revision=/tmp/cargo-mutants-casm-PaMmur.tmp/target/debug/deps/libgix_revision-023fc48b1d668184.rmeta --extern gix_validate=/tmp/cargo-mutants-casm-PaMmur.tmp/target/debug/deps/libgix_validate-76a43d9cff1fb6ae.rmeta --extern smallvec=/tmp/cargo-mutants-casm-PaMmur.tmp/target/debug/deps/libsmallvec-00c65a5ffe2221d3.rmeta --extern thiserror=/tmp/cargo-mutants-casm-PaMmur.tmp/target/debug/deps/libthiserror-6c739655cb578a90.rmeta --cap-lints allow`
   Compiling gix-pathspec v0.19.0
     Running `/home/srinivasan/.rustup/toolchains/nightly-x86_64-unknown-linux-gnu/bin/rustc --crate-name gix_pathspec --edition=2024 /home/srinivasan/.cargo/registry/src/index.crates.io-1949cf8c6b5b557f/gix-pathspec-0.19.0/src/lib.rs --error-format=json --json=diagnostic-rendered-ansi,artifacts,future-incompat --crate-type lib --emit=dep-info,metadata,link -C embed-bitcode=no -C debuginfo=2 '--warn=clippy::pedantic' '--allow=clippy::wildcard_imports' '--allow=clippy::used_underscore_binding' '--allow=clippy::unused_self' '--allow=clippy::unreadable_literal' '--allow=clippy::unnecessary_wraps' '--allow=clippy::unnecessary_join' '--allow=clippy::trivially_copy_pass_by_ref' '--allow=clippy::transmute_ptr_to_ptr' '--allow=clippy::too_many_lines' '--allow=clippy::too_long_first_doc_paragraph' '--allow=clippy::struct_field_names' '--allow=clippy::struct_excessive_bools' '--allow=clippy::stable_sort_primitive' '--allow=clippy::single_match_else' '--allow=clippy::similar_names' '--allow=clippy::should_panic_without_expect' '--allow=clippy::return_self_not_must_use' '--allow=clippy::result_large_err' '--allow=clippy::redundant_else' '--allow=clippy::range_plus_one' '--allow=clippy::option_option' '--allow=clippy::no_effect_underscore_binding' '--allow=clippy::needless_raw_string_hashes' '--allow=clippy::needless_pass_by_value' '--allow=clippy::needless_for_each' '--allow=clippy::needless_continue' '--allow=clippy::naive_bytecount' '--allow=clippy::mut_mut' '--allow=clippy::must_use_candidate' '--allow=clippy::module_name_repetitions' '--allow=clippy::missing_panics_doc' '--allow=clippy::missing_errors_doc' '--allow=clippy::match_wildcard_for_single_variants' '--allow=clippy::match_wild_err_arm' '--allow=clippy::match_same_arms' '--allow=clippy::match_bool' '--allow=clippy::many_single_char_names' '--allow=clippy::manual_string_new' '--allow=clippy::manual_let_else' '--allow=clippy::manual_is_variant_and' '--allow=clippy::manual_assert' '--allow=clippy::large_stack_arrays' '--allow=clippy::large_enum_variant' '--allow=clippy::iter_without_into_iter' '--allow=clippy::iter_not_returning_iterator' '--allow=clippy::items_after_statements' '--allow=clippy::inline_always' '--allow=clippy::inefficient_to_string' '--allow=clippy::inconsistent_struct_constructor' '--allow=clippy::implicit_clone' '--allow=clippy::ignored_unit_patterns' '--allow=clippy::if_not_else' '--allow=clippy::from_iter_instead_of_collect' '--allow=clippy::fn_params_excessive_bools' '--allow=clippy::filter_map_next' '--allow=clippy::explicit_iter_loop' '--allow=clippy::explicit_into_iter_loop' '--allow=clippy::explicit_deref_methods' '--allow=clippy::enum_glob_use' '--allow=clippy::empty_docs' '--allow=clippy::doc_markdown' '--allow=clippy::default_trait_access' '--allow=clippy::copy_iterator' '--allow=clippy::checked_conversions' '--allow=clippy::cast_sign_loss' '--allow=clippy::cast_precision_loss' '--allow=clippy::cast_possible_wrap' '--allow=clippy::cast_possible_truncation' '--allow=clippy::cast_lossless' '--allow=clippy::borrow_as_ptr' '--allow=clippy::bool_to_int_with_if' --cfg 'feature="parallel"' --check-cfg 'cfg(docsrs,test)' --check-cfg 'cfg(feature, values("parallel"))' -C metadata=1c85ce5bb5229d10 -C extra-filename=-bbc37426f047a59d --out-dir /tmp/cargo-mutants-casm-PaMmur.tmp/target/debug/deps -L dependency=/tmp/cargo-mutants-casm-PaMmur.tmp/target/debug/deps --extern bitflags=/tmp/cargo-mutants-casm-PaMmur.tmp/target/debug/deps/libbitflags-9af264abf64e7262.rmeta --extern bstr=/tmp/cargo-mutants-casm-PaMmur.tmp/target/debug/deps/libbstr-94da861d99843f38.rmeta --extern gix_attributes=/tmp/cargo-mutants-casm-PaMmur.tmp/target/debug/deps/libgix_attributes-e64c44d2376f9d3c.rmeta --extern gix_config_value=/tmp/cargo-mutants-casm-PaMmur.tmp/target/debug/deps/libgix_config_value-2133c92c614b6871.rmeta --extern gix_glob=/tmp/cargo-mutants-casm-PaMmur.tmp/target/debug/deps/libgix_glob-d3df6e811d698f3b.rmeta --extern gix_path=/tmp/cargo-mutants-casm-PaMmur.tmp/target/debug/deps/libgix_path-ad720a692c9bd585.rmeta --extern thiserror=/tmp/cargo-mutants-casm-PaMmur.tmp/target/debug/deps/libthiserror-6c739655cb578a90.rmeta --cap-lints allow`
   Compiling gix-transport v0.58.0
   Compiling gix-filter v0.33.0
     Running `/home/srinivasan/.rustup/toolchains/nightly-x86_64-unknown-linux-gnu/bin/rustc --crate-name gix_transport --edition=2024 /home/srinivasan/.cargo/registry/src/index.crates.io-1949cf8c6b5b557f/gix-transport-0.58.0/src/lib.rs --error-format=json --json=diagnostic-rendered-ansi,artifacts,future-incompat --crate-type lib --emit=dep-info,metadata,link -C embed-bitcode=no -C debuginfo=2 '--warn=clippy::pedantic' '--allow=clippy::wildcard_imports' '--allow=clippy::used_underscore_binding' '--allow=clippy::unused_self' '--allow=clippy::unreadable_literal' '--allow=clippy::unnecessary_wraps' '--allow=clippy::unnecessary_join' '--allow=clippy::trivially_copy_pass_by_ref' '--allow=clippy::transmute_ptr_to_ptr' '--allow=clippy::too_many_lines' '--allow=clippy::too_long_first_doc_paragraph' '--allow=clippy::struct_field_names' '--allow=clippy::struct_excessive_bools' '--allow=clippy::stable_sort_primitive' '--allow=clippy::single_match_else' '--allow=clippy::similar_names' '--allow=clippy::should_panic_without_expect' '--allow=clippy::return_self_not_must_use' '--allow=clippy::result_large_err' '--allow=clippy::redundant_else' '--allow=clippy::range_plus_one' '--allow=clippy::option_option' '--allow=clippy::no_effect_underscore_binding' '--allow=clippy::needless_raw_string_hashes' '--allow=clippy::needless_pass_by_value' '--allow=clippy::needless_for_each' '--allow=clippy::needless_continue' '--allow=clippy::naive_bytecount' '--allow=clippy::mut_mut' '--allow=clippy::must_use_candidate' '--allow=clippy::module_name_repetitions' '--allow=clippy::missing_panics_doc' '--allow=clippy::missing_errors_doc' '--allow=clippy::match_wildcard_for_single_variants' '--allow=clippy::match_wild_err_arm' '--allow=clippy::match_same_arms' '--allow=clippy::match_bool' '--allow=clippy::many_single_char_names' '--allow=clippy::manual_string_new' '--allow=clippy::manual_let_else' '--allow=clippy::manual_is_variant_and' '--allow=clippy::manual_assert' '--allow=clippy::large_stack_arrays' '--allow=clippy::large_enum_variant' '--allow=clippy::iter_without_into_iter' '--allow=clippy::iter_not_returning_iterator' '--allow=clippy::items_after_statements' '--allow=clippy::inline_always' '--allow=clippy::inefficient_to_string' '--allow=clippy::inconsistent_struct_constructor' '--allow=clippy::implicit_clone' '--allow=clippy::ignored_unit_patterns' '--allow=clippy::if_not_else' '--allow=clippy::from_iter_instead_of_collect' '--allow=clippy::fn_params_excessive_bools' '--allow=clippy::filter_map_next' '--allow=clippy::explicit_iter_loop' '--allow=clippy::explicit_into_iter_loop' '--allow=clippy::explicit_deref_methods' '--allow=clippy::enum_glob_use' '--allow=clippy::empty_docs' '--allow=clippy::doc_markdown' '--allow=clippy::default_trait_access' '--allow=clippy::copy_iterator' '--allow=clippy::checked_conversions' '--allow=clippy::cast_sign_loss' '--allow=clippy::cast_precision_loss' '--allow=clippy::cast_possible_wrap' '--allow=clippy::cast_possible_truncation' '--allow=clippy::cast_lossless' '--allow=clippy::borrow_as_ptr' '--allow=clippy::bool_to_int_with_if' --cfg 'feature="default"' --check-cfg 'cfg(docsrs,test)' --check-cfg 'cfg(feature, values("async-client", "async-std", "async-trait", "base64", "blocking-client", "curl", "default", "document-features", "futures-io", "futures-lite", "gix-credentials", "http-client", "http-client-curl", "http-client-curl-openssl", "http-client-curl-rust-tls", "http-client-insecure-credentials", "http-client-reqwest", "http-client-reqwest-native-tls", "http-client-reqwest-rust-tls", "http-client-reqwest-rust-tls-trust-dns", "parking_lot", "pin-project-lite", "reqwest", "serde"))' -C metadata=07d0946894a9c64d -C extra-filename=-ec2cdc9f0310d438 --out-dir /tmp/cargo-mutants-casm-PaMmur.tmp/target/debug/deps -L dependency=/tmp/cargo-mutants-casm-PaMmur.tmp/target/debug/deps --extern bstr=/tmp/cargo-mutants-casm-PaMmur.tmp/target/debug/deps/libbstr-94da861d99843f38.rmeta --extern gix_command=/tmp/cargo-mutants-casm-PaMmur.tmp/target/debug/deps/libgix_command-872acdad32d70856.rmeta --extern gix_features=/tmp/cargo-mutants-casm-PaMmur.tmp/target/debug/deps/libgix_features-2b7337ebc7a64097.rmeta --extern gix_packetline=/tmp/cargo-mutants-casm-PaMmur.tmp/target/debug/deps/libgix_packetline-e7e861098ff6dc81.rmeta --extern gix_path=/tmp/cargo-mutants-casm-PaMmur.tmp/target/debug/deps/libgix_path-ad720a692c9bd585.rmeta --extern gix_quote=/tmp/cargo-mutants-casm-PaMmur.tmp/target/debug/deps/libgix_quote-3d7734b486d0dad8.rmeta --extern gix_sec=/tmp/cargo-mutants-casm-PaMmur.tmp/target/debug/deps/libgix_sec-41142498b26f5730.rmeta --extern gix_url=/tmp/cargo-mutants-casm-PaMmur.tmp/target/debug/deps/libgix_url-bca8aa9f30d47cfd.rmeta --extern thiserror=/tmp/cargo-mutants-casm-PaMmur.tmp/target/debug/deps/libthiserror-6c739655cb578a90.rmeta --cap-lints allow`
     Running `/home/srinivasan/.rustup/toolchains/nightly-x86_64-unknown-linux-gnu/bin/rustc --crate-name gix_filter --edition=2024 /home/srinivasan/.cargo/registry/src/index.crates.io-1949cf8c6b5b557f/gix-filter-0.33.0/src/lib.rs --error-format=json --json=diagnostic-rendered-ansi,artifacts,future-incompat --crate-type lib --emit=dep-info,metadata,link -C embed-bitcode=no -C debuginfo=2 '--warn=clippy::pedantic' '--allow=clippy::wildcard_imports' '--allow=clippy::used_underscore_binding' '--allow=clippy::unused_self' '--allow=clippy::unreadable_literal' '--allow=clippy::unnecessary_wraps' '--allow=clippy::unnecessary_join' '--allow=clippy::trivially_copy_pass_by_ref' '--allow=clippy::transmute_ptr_to_ptr' '--allow=clippy::too_many_lines' '--allow=clippy::too_long_first_doc_paragraph' '--allow=clippy::struct_field_names' '--allow=clippy::struct_excessive_bools' '--allow=clippy::stable_sort_primitive' '--allow=clippy::single_match_else' '--allow=clippy::similar_names' '--allow=clippy::should_panic_without_expect' '--allow=clippy::return_self_not_must_use' '--allow=clippy::result_large_err' '--allow=clippy::redundant_else' '--allow=clippy::range_plus_one' '--allow=clippy::option_option' '--allow=clippy::no_effect_underscore_binding' '--allow=clippy::needless_raw_string_hashes' '--allow=clippy::needless_pass_by_value' '--allow=clippy::needless_for_each' '--allow=clippy::needless_continue' '--allow=clippy::naive_bytecount' '--allow=clippy::mut_mut' '--allow=clippy::must_use_candidate' '--allow=clippy::module_name_repetitions' '--allow=clippy::missing_panics_doc' '--allow=clippy::missing_errors_doc' '--allow=clippy::match_wildcard_for_single_variants' '--allow=clippy::match_wild_err_arm' '--allow=clippy::match_same_arms' '--allow=clippy::match_bool' '--allow=clippy::many_single_char_names' '--allow=clippy::manual_string_new' '--allow=clippy::manual_let_else' '--allow=clippy::manual_is_variant_and' '--allow=clippy::manual_assert' '--allow=clippy::large_stack_arrays' '--allow=clippy::large_enum_variant' '--allow=clippy::iter_without_into_iter' '--allow=clippy::iter_not_returning_iterator' '--allow=clippy::items_after_statements' '--allow=clippy::inline_always' '--allow=clippy::inefficient_to_string' '--allow=clippy::inconsistent_struct_constructor' '--allow=clippy::implicit_clone' '--allow=clippy::ignored_unit_patterns' '--allow=clippy::if_not_else' '--allow=clippy::from_iter_instead_of_collect' '--allow=clippy::fn_params_excessive_bools' '--allow=clippy::filter_map_next' '--allow=clippy::explicit_iter_loop' '--allow=clippy::explicit_into_iter_loop' '--allow=clippy::explicit_deref_methods' '--allow=clippy::enum_glob_use' '--allow=clippy::empty_docs' '--allow=clippy::doc_markdown' '--allow=clippy::default_trait_access' '--allow=clippy::copy_iterator' '--allow=clippy::checked_conversions' '--allow=clippy::cast_sign_loss' '--allow=clippy::cast_precision_loss' '--allow=clippy::cast_possible_wrap' '--allow=clippy::cast_possible_truncation' '--allow=clippy::cast_lossless' '--allow=clippy::borrow_as_ptr' '--allow=clippy::bool_to_int_with_if' --cfg 'feature="parallel"' --check-cfg 'cfg(docsrs,test)' --check-cfg 'cfg(feature, values("parallel", "sha1", "sha256", "test-helper"))' -C metadata=8bf2dc57240511f3 -C extra-filename=-f265df0c7ade7baa --out-dir /tmp/cargo-mutants-casm-PaMmur.tmp/target/debug/deps -L dependency=/tmp/cargo-mutants-casm-PaMmur.tmp/target/debug/deps --extern bstr=/tmp/cargo-mutants-casm-PaMmur.tmp/target/debug/deps/libbstr-94da861d99843f38.rmeta --extern encoding_rs=/tmp/cargo-mutants-casm-PaMmur.tmp/target/debug/deps/libencoding_rs-7c28a6128c26a3cd.rmeta --extern gix_attributes=/tmp/cargo-mutants-casm-PaMmur.tmp/target/debug/deps/libgix_attributes-e64c44d2376f9d3c.rmeta --extern gix_command=/tmp/cargo-mutants-casm-PaMmur.tmp/target/debug/deps/libgix_command-872acdad32d70856.rmeta --extern gix_hash=/tmp/cargo-mutants-casm-PaMmur.tmp/target/debug/deps/libgix_hash-4bf740fa70ef3be8.rmeta --extern gix_object=/tmp/cargo-mutants-casm-PaMmur.tmp/target/debug/deps/libgix_object-e1fb726db5135e58.rmeta --extern gix_packetline=/tmp/cargo-mutants-casm-PaMmur.tmp/target/debug/deps/libgix_packetline-e7e861098ff6dc81.rmeta --extern gix_path=/tmp/cargo-mutants-casm-PaMmur.tmp/target/debug/deps/libgix_path-ad720a692c9bd585.rmeta --extern gix_quote=/tmp/cargo-mutants-casm-PaMmur.tmp/target/debug/deps/libgix_quote-3d7734b486d0dad8.rmeta --extern gix_trace=/tmp/cargo-mutants-casm-PaMmur.tmp/target/debug/deps/libgix_trace-fe3ae1ba08dc3b9c.rmeta --extern gix_utils=/tmp/cargo-mutants-casm-PaMmur.tmp/target/debug/deps/libgix_utils-be9213fa8d232b57.rmeta --extern smallvec=/tmp/cargo-mutants-casm-PaMmur.tmp/target/debug/deps/libsmallvec-00c65a5ffe2221d3.rmeta --extern thiserror=/tmp/cargo-mutants-casm-PaMmur.tmp/target/debug/deps/libthiserror-6c739655cb578a90.rmeta --cap-lints allow`
   Compiling gix-pack v0.73.0
     Running `/home/srinivasan/.rustup/toolchains/nightly-x86_64-unknown-linux-gnu/bin/rustc --crate-name gix_pack --edition=2024 /home/srinivasan/.cargo/registry/src/index.crates.io-1949cf8c6b5b557f/gix-pack-0.73.0/src/lib.rs --error-format=json --json=diagnostic-rendered-ansi,artifacts,future-incompat --crate-type lib --emit=dep-info,metadata,link -C embed-bitcode=no -C debuginfo=2 '--warn=clippy::pedantic' '--allow=clippy::wildcard_imports' '--allow=clippy::used_underscore_binding' '--allow=clippy::unused_self' '--allow=clippy::unreadable_literal' '--allow=clippy::unnecessary_wraps' '--allow=clippy::unnecessary_join' '--allow=clippy::trivially_copy_pass_by_ref' '--allow=clippy::transmute_ptr_to_ptr' '--allow=clippy::too_many_lines' '--allow=clippy::too_long_first_doc_paragraph' '--allow=clippy::struct_field_names' '--allow=clippy::struct_excessive_bools' '--allow=clippy::stable_sort_primitive' '--allow=clippy::single_match_else' '--allow=clippy::similar_names' '--allow=clippy::should_panic_without_expect' '--allow=clippy::return_self_not_must_use' '--allow=clippy::result_large_err' '--allow=clippy::redundant_else' '--allow=clippy::range_plus_one' '--allow=clippy::option_option' '--allow=clippy::no_effect_underscore_binding' '--allow=clippy::needless_raw_string_hashes' '--allow=clippy::needless_pass_by_value' '--allow=clippy::needless_for_each' '--allow=clippy::needless_continue' '--allow=clippy::naive_bytecount' '--allow=clippy::mut_mut' '--allow=clippy::must_use_candidate' '--allow=clippy::module_name_repetitions' '--allow=clippy::missing_panics_doc' '--allow=clippy::missing_errors_doc' '--allow=clippy::match_wildcard_for_single_variants' '--allow=clippy::match_wild_err_arm' '--allow=clippy::match_same_arms' '--allow=clippy::match_bool' '--allow=clippy::many_single_char_names' '--allow=clippy::manual_string_new' '--allow=clippy::manual_let_else' '--allow=clippy::manual_is_variant_and' '--allow=clippy::manual_assert' '--allow=clippy::large_stack_arrays' '--allow=clippy::large_enum_variant' '--allow=clippy::iter_without_into_iter' '--allow=clippy::iter_not_returning_iterator' '--allow=clippy::items_after_statements' '--allow=clippy::inline_always' '--allow=clippy::inefficient_to_string' '--allow=clippy::inconsistent_struct_constructor' '--allow=clippy::implicit_clone' '--allow=clippy::ignored_unit_patterns' '--allow=clippy::if_not_else' '--allow=clippy::from_iter_instead_of_collect' '--allow=clippy::fn_params_excessive_bools' '--allow=clippy::filter_map_next' '--allow=clippy::explicit_iter_loop' '--allow=clippy::explicit_into_iter_loop' '--allow=clippy::explicit_deref_methods' '--allow=clippy::enum_glob_use' '--allow=clippy::empty_docs' '--allow=clippy::doc_markdown' '--allow=clippy::default_trait_access' '--allow=clippy::copy_iterator' '--allow=clippy::checked_conversions' '--allow=clippy::cast_sign_loss' '--allow=clippy::cast_precision_loss' '--allow=clippy::cast_possible_wrap' '--allow=clippy::cast_possible_truncation' '--allow=clippy::cast_lossless' '--allow=clippy::borrow_as_ptr' '--allow=clippy::bool_to_int_with_if' --cfg 'feature="object-cache-dynamic"' --cfg 'feature="pack-cache-lru-dynamic"' --cfg 'feature="pack-cache-lru-static"' --cfg 'feature="sha1"' --check-cfg 'cfg(docsrs,test)' --check-cfg 'cfg(feature, values("default", "document-features", "generate", "object-cache-dynamic", "pack-cache-lru-dynamic", "pack-cache-lru-static", "parallel", "serde", "sha1", "sha256", "streaming-input", "wasm"))' -C metadata=6fdaeae7b355d61f -C extra-filename=-24952fd80adc8298 --out-dir /tmp/cargo-mutants-casm-PaMmur.tmp/target/debug/deps -L dependency=/tmp/cargo-mutants-casm-PaMmur.tmp/target/debug/deps --extern clru=/tmp/cargo-mutants-casm-PaMmur.tmp/target/debug/deps/libclru-cdc3b6085d00905e.rmeta --extern gix_chunk=/tmp/cargo-mutants-casm-PaMmur.tmp/target/debug/deps/libgix_chunk-ce761f9cc44ad443.rmeta --extern gix_error=/tmp/cargo-mutants-casm-PaMmur.tmp/target/debug/deps/libgix_error-abff1358f93302bd.rmeta --extern gix_features=/tmp/cargo-mutants-casm-PaMmur.tmp/target/debug/deps/libgix_features-2b7337ebc7a64097.rmeta --extern gix_hash=/tmp/cargo-mutants-casm-PaMmur.tmp/target/debug/deps/libgix_hash-4bf740fa70ef3be8.rmeta --extern gix_hashtable=/tmp/cargo-mutants-casm-PaMmur.tmp/target/debug/deps/libgix_hashtable-504c4f28c5beba6e.rmeta --extern gix_object=/tmp/cargo-mutants-casm-PaMmur.tmp/target/debug/deps/libgix_object-e1fb726db5135e58.rmeta --extern gix_path=/tmp/cargo-mutants-casm-PaMmur.tmp/target/debug/deps/libgix_path-ad720a692c9bd585.rmeta --extern gix_zlib=/tmp/cargo-mutants-casm-PaMmur.tmp/target/debug/deps/libgix_zlib-e343f8f9a19043ff.rmeta --extern memmap2=/tmp/cargo-mutants-casm-PaMmur.tmp/target/debug/deps/libmemmap2-d07795cb874754f5.rmeta --extern smallvec=/tmp/cargo-mutants-casm-PaMmur.tmp/target/debug/deps/libsmallvec-00c65a5ffe2221d3.rmeta --extern thiserror=/tmp/cargo-mutants-casm-PaMmur.tmp/target/debug/deps/libthiserror-6c739655cb578a90.rmeta --extern uluru=/tmp/cargo-mutants-casm-PaMmur.tmp/target/debug/deps/libuluru-0b67ff250a89b4f9.rmeta --cap-lints allow`
   Compiling gix-shallow v0.13.0
     Running `/home/srinivasan/.rustup/toolchains/nightly-x86_64-unknown-linux-gnu/bin/rustc --crate-name gix_shallow --edition=2024 /home/srinivasan/.cargo/registry/src/index.crates.io-1949cf8c6b5b557f/gix-shallow-0.13.0/src/lib.rs --error-format=json --json=diagnostic-rendered-ansi,artifacts,future-incompat --crate-type lib --emit=dep-info,metadata,link -C embed-bitcode=no -C debuginfo=2 '--warn=clippy::pedantic' '--allow=clippy::wildcard_imports' '--allow=clippy::used_underscore_binding' '--allow=clippy::unused_self' '--allow=clippy::unreadable_literal' '--allow=clippy::unnecessary_wraps' '--allow=clippy::unnecessary_join' '--allow=clippy::trivially_copy_pass_by_ref' '--allow=clippy::transmute_ptr_to_ptr' '--allow=clippy::too_many_lines' '--allow=clippy::too_long_first_doc_paragraph' '--allow=clippy::struct_field_names' '--allow=clippy::struct_excessive_bools' '--allow=clippy::stable_sort_primitive' '--allow=clippy::single_match_else' '--allow=clippy::similar_names' '--allow=clippy::should_panic_without_expect' '--allow=clippy::return_self_not_must_use' '--allow=clippy::result_large_err' '--allow=clippy::redundant_else' '--allow=clippy::range_plus_one' '--allow=clippy::option_option' '--allow=clippy::no_effect_underscore_binding' '--allow=clippy::needless_raw_string_hashes' '--allow=clippy::needless_pass_by_value' '--allow=clippy::needless_for_each' '--allow=clippy::needless_continue' '--allow=clippy::naive_bytecount' '--allow=clippy::mut_mut' '--allow=clippy::must_use_candidate' '--allow=clippy::module_name_repetitions' '--allow=clippy::missing_panics_doc' '--allow=clippy::missing_errors_doc' '--allow=clippy::match_wildcard_for_single_variants' '--allow=clippy::match_wild_err_arm' '--allow=clippy::match_same_arms' '--allow=clippy::match_bool' '--allow=clippy::many_single_char_names' '--allow=clippy::manual_string_new' '--allow=clippy::manual_let_else' '--allow=clippy::manual_is_variant_and' '--allow=clippy::manual_assert' '--allow=clippy::large_stack_arrays' '--allow=clippy::large_enum_variant' '--allow=clippy::iter_without_into_iter' '--allow=clippy::iter_not_returning_iterator' '--allow=clippy::items_after_statements' '--allow=clippy::inline_always' '--allow=clippy::inefficient_to_string' '--allow=clippy::inconsistent_struct_constructor' '--allow=clippy::implicit_clone' '--allow=clippy::ignored_unit_patterns' '--allow=clippy::if_not_else' '--allow=clippy::from_iter_instead_of_collect' '--allow=clippy::fn_params_excessive_bools' '--allow=clippy::filter_map_next' '--allow=clippy::explicit_iter_loop' '--allow=clippy::explicit_into_iter_loop' '--allow=clippy::explicit_deref_methods' '--allow=clippy::enum_glob_use' '--allow=clippy::empty_docs' '--allow=clippy::doc_markdown' '--allow=clippy::default_trait_access' '--allow=clippy::copy_iterator' '--allow=clippy::checked_conversions' '--allow=clippy::cast_sign_loss' '--allow=clippy::cast_precision_loss' '--allow=clippy::cast_possible_wrap' '--allow=clippy::cast_possible_truncation' '--allow=clippy::cast_lossless' '--allow=clippy::borrow_as_ptr' '--allow=clippy::bool_to_int_with_if' --check-cfg 'cfg(docsrs,test)' --check-cfg 'cfg(feature, values("serde", "sha1", "sha256"))' -C metadata=431a1421f8197b46 -C extra-filename=-c994d05469994cdd --out-dir /tmp/cargo-mutants-casm-PaMmur.tmp/target/debug/deps -L dependency=/tmp/cargo-mutants-casm-PaMmur.tmp/target/debug/deps --extern bstr=/tmp/cargo-mutants-casm-PaMmur.tmp/target/debug/deps/libbstr-94da861d99843f38.rmeta --extern gix_hash=/tmp/cargo-mutants-casm-PaMmur.tmp/target/debug/deps/libgix_hash-4bf740fa70ef3be8.rmeta --extern gix_lock=/tmp/cargo-mutants-casm-PaMmur.tmp/target/debug/deps/libgix_lock-0897819c5b40e023.rmeta --extern nonempty=/tmp/cargo-mutants-casm-PaMmur.tmp/target/debug/deps/libnonempty-2f9693126db11f85.rmeta --extern thiserror=/tmp/cargo-mutants-casm-PaMmur.tmp/target/debug/deps/libthiserror-6c739655cb578a90.rmeta --cap-lints allow`
   Compiling gix-imara-diff v0.2.4
     Running `/home/srinivasan/.rustup/toolchains/nightly-x86_64-unknown-linux-gnu/bin/rustc --crate-name gix_imara_diff --edition=2024 /home/srinivasan/.cargo/registry/src/index.crates.io-1949cf8c6b5b557f/gix-imara-diff-0.2.4/src/lib.rs --error-format=json --json=diagnostic-rendered-ansi,artifacts,future-incompat --crate-type lib --emit=dep-info,metadata,link -C embed-bitcode=no -C debuginfo=2 --cfg 'feature="default"' --check-cfg 'cfg(docsrs,test)' --check-cfg 'cfg(feature, values("default", "unified_diff"))' -C metadata=8fb15d93fe9e7001 -C extra-filename=-831838d29a6ac105 --out-dir /tmp/cargo-mutants-casm-PaMmur.tmp/target/debug/deps -L dependency=/tmp/cargo-mutants-casm-PaMmur.tmp/target/debug/deps --extern bstr=/tmp/cargo-mutants-casm-PaMmur.tmp/target/debug/deps/libbstr-94da861d99843f38.rmeta --extern hashbrown=/tmp/cargo-mutants-casm-PaMmur.tmp/target/debug/deps/libhashbrown-9a41c5781a4c5195.rmeta --cap-lints allow`
   Compiling gix-odb v0.83.0
     Running `/home/srinivasan/.rustup/toolchains/nightly-x86_64-unknown-linux-gnu/bin/rustc --crate-name gix_odb --edition=2024 /home/srinivasan/.cargo/registry/src/index.crates.io-1949cf8c6b5b557f/gix-odb-0.83.0/src/lib.rs --error-format=json --json=diagnostic-rendered-ansi,artifacts,future-incompat --crate-type lib --emit=dep-info,metadata,link -C embed-bitcode=no -C debuginfo=2 '--warn=clippy::pedantic' '--allow=clippy::wildcard_imports' '--allow=clippy::used_underscore_binding' '--allow=clippy::unused_self' '--allow=clippy::unreadable_literal' '--allow=clippy::unnecessary_wraps' '--allow=clippy::unnecessary_join' '--allow=clippy::trivially_copy_pass_by_ref' '--allow=clippy::transmute_ptr_to_ptr' '--allow=clippy::too_many_lines' '--allow=clippy::too_long_first_doc_paragraph' '--allow=clippy::struct_field_names' '--allow=clippy::struct_excessive_bools' '--allow=clippy::stable_sort_primitive' '--allow=clippy::single_match_else' '--allow=clippy::similar_names' '--allow=clippy::should_panic_without_expect' '--allow=clippy::return_self_not_must_use' '--allow=clippy::result_large_err' '--allow=clippy::redundant_else' '--allow=clippy::range_plus_one' '--allow=clippy::option_option' '--allow=clippy::no_effect_underscore_binding' '--allow=clippy::needless_raw_string_hashes' '--allow=clippy::needless_pass_by_value' '--allow=clippy::needless_for_each' '--allow=clippy::needless_continue' '--allow=clippy::naive_bytecount' '--allow=clippy::mut_mut' '--allow=clippy::must_use_candidate' '--allow=clippy::module_name_repetitions' '--allow=clippy::missing_panics_doc' '--allow=clippy::missing_errors_doc' '--allow=clippy::match_wildcard_for_single_variants' '--allow=clippy::match_wild_err_arm' '--allow=clippy::match_same_arms' '--allow=clippy::match_bool' '--allow=clippy::many_single_char_names' '--allow=clippy::manual_string_new' '--allow=clippy::manual_let_else' '--allow=clippy::manual_is_variant_and' '--allow=clippy::manual_assert' '--allow=clippy::large_stack_arrays' '--allow=clippy::large_enum_variant' '--allow=clippy::iter_without_into_iter' '--allow=clippy::iter_not_returning_iterator' '--allow=clippy::items_after_statements' '--allow=clippy::inline_always' '--allow=clippy::inefficient_to_string' '--allow=clippy::inconsistent_struct_constructor' '--allow=clippy::implicit_clone' '--allow=clippy::ignored_unit_patterns' '--allow=clippy::if_not_else' '--allow=clippy::from_iter_instead_of_collect' '--allow=clippy::fn_params_excessive_bools' '--allow=clippy::filter_map_next' '--allow=clippy::explicit_iter_loop' '--allow=clippy::explicit_into_iter_loop' '--allow=clippy::explicit_deref_methods' '--allow=clippy::enum_glob_use' '--allow=clippy::empty_docs' '--allow=clippy::doc_markdown' '--allow=clippy::default_trait_access' '--allow=clippy::copy_iterator' '--allow=clippy::checked_conversions' '--allow=clippy::cast_sign_loss' '--allow=clippy::cast_precision_loss' '--allow=clippy::cast_possible_wrap' '--allow=clippy::cast_possible_truncation' '--allow=clippy::cast_lossless' '--allow=clippy::borrow_as_ptr' '--allow=clippy::bool_to_int_with_if' --check-cfg 'cfg(docsrs,test)' --check-cfg 'cfg(feature, values("document-features", "parallel", "serde", "sha1", "sha256"))' -C metadata=6a325b6e3d9179f6 -C extra-filename=-203c09d9d9d7f695 --out-dir /tmp/cargo-mutants-casm-PaMmur.tmp/target/debug/deps -L dependency=/tmp/cargo-mutants-casm-PaMmur.tmp/target/debug/deps --extern arc_swap=/tmp/cargo-mutants-casm-PaMmur.tmp/target/debug/deps/libarc_swap-50905191fd0bd993.rmeta --extern gix_features=/tmp/cargo-mutants-casm-PaMmur.tmp/target/debug/deps/libgix_features-2b7337ebc7a64097.rmeta --extern gix_fs=/tmp/cargo-mutants-casm-PaMmur.tmp/target/debug/deps/libgix_fs-8cf05bb8128d6b29.rmeta --extern gix_hash=/tmp/cargo-mutants-casm-PaMmur.tmp/target/debug/deps/libgix_hash-4bf740fa70ef3be8.rmeta --extern gix_hashtable=/tmp/cargo-mutants-casm-PaMmur.tmp/target/debug/deps/libgix_hashtable-504c4f28c5beba6e.rmeta --extern gix_object=/tmp/cargo-mutants-casm-PaMmur.tmp/target/debug/deps/libgix_object-e1fb726db5135e58.rmeta --extern gix_pack=/tmp/cargo-mutants-casm-PaMmur.tmp/target/debug/deps/libgix_pack-24952fd80adc8298.rmeta --extern gix_path=/tmp/cargo-mutants-casm-PaMmur.tmp/target/debug/deps/libgix_path-ad720a692c9bd585.rmeta --extern gix_quote=/tmp/cargo-mutants-casm-PaMmur.tmp/target/debug/deps/libgix_quote-3d7734b486d0dad8.rmeta --extern gix_zlib=/tmp/cargo-mutants-casm-PaMmur.tmp/target/debug/deps/libgix_zlib-e343f8f9a19043ff.rmeta --extern memmap2=/tmp/cargo-mutants-casm-PaMmur.tmp/target/debug/deps/libmemmap2-d07795cb874754f5.rmeta --extern parking_lot=/tmp/cargo-mutants-casm-PaMmur.tmp/target/debug/deps/libparking_lot-39ddd99db7181d60.rmeta --extern tempfile=/tmp/cargo-mutants-casm-PaMmur.tmp/target/debug/deps/libtempfile-662441bb159ee7fb.rmeta --extern thiserror=/tmp/cargo-mutants-casm-PaMmur.tmp/target/debug/deps/libthiserror-6c739655cb578a90.rmeta --cap-lints allow`
   Compiling gix-diff v0.66.0
     Running `/home/srinivasan/.rustup/toolchains/nightly-x86_64-unknown-linux-gnu/bin/rustc --crate-name gix_diff --edition=2024 /home/srinivasan/.cargo/registry/src/index.crates.io-1949cf8c6b5b557f/gix-diff-0.66.0/src/lib.rs --error-format=json --json=diagnostic-rendered-ansi,artifacts,future-incompat --crate-type lib --emit=dep-info,metadata,link -C embed-bitcode=no -C debuginfo=2 '--warn=clippy::pedantic' '--allow=clippy::wildcard_imports' '--allow=clippy::used_underscore_binding' '--allow=clippy::unused_self' '--allow=clippy::unreadable_literal' '--allow=clippy::unnecessary_wraps' '--allow=clippy::unnecessary_join' '--allow=clippy::trivially_copy_pass_by_ref' '--allow=clippy::transmute_ptr_to_ptr' '--allow=clippy::too_many_lines' '--allow=clippy::too_long_first_doc_paragraph' '--allow=clippy::struct_field_names' '--allow=clippy::struct_excessive_bools' '--allow=clippy::stable_sort_primitive' '--allow=clippy::single_match_else' '--allow=clippy::similar_names' '--allow=clippy::should_panic_without_expect' '--allow=clippy::return_self_not_must_use' '--allow=clippy::result_large_err' '--allow=clippy::redundant_else' '--allow=clippy::range_plus_one' '--allow=clippy::option_option' '--allow=clippy::no_effect_underscore_binding' '--allow=clippy::needless_raw_string_hashes' '--allow=clippy::needless_pass_by_value' '--allow=clippy::needless_for_each' '--allow=clippy::needless_continue' '--allow=clippy::naive_bytecount' '--allow=clippy::mut_mut' '--allow=clippy::must_use_candidate' '--allow=clippy::module_name_repetitions' '--allow=clippy::missing_panics_doc' '--allow=clippy::missing_errors_doc' '--allow=clippy::match_wildcard_for_single_variants' '--allow=clippy::match_wild_err_arm' '--allow=clippy::match_same_arms' '--allow=clippy::match_bool' '--allow=clippy::many_single_char_names' '--allow=clippy::manual_string_new' '--allow=clippy::manual_let_else' '--allow=clippy::manual_is_variant_and' '--allow=clippy::manual_assert' '--allow=clippy::large_stack_arrays' '--allow=clippy::large_enum_variant' '--allow=clippy::iter_without_into_iter' '--allow=clippy::iter_not_returning_iterator' '--allow=clippy::items_after_statements' '--allow=clippy::inline_always' '--allow=clippy::inefficient_to_string' '--allow=clippy::inconsistent_struct_constructor' '--allow=clippy::implicit_clone' '--allow=clippy::ignored_unit_patterns' '--allow=clippy::if_not_else' '--allow=clippy::from_iter_instead_of_collect' '--allow=clippy::fn_params_excessive_bools' '--allow=clippy::filter_map_next' '--allow=clippy::explicit_iter_loop' '--allow=clippy::explicit_into_iter_loop' '--allow=clippy::explicit_deref_methods' '--allow=clippy::enum_glob_use' '--allow=clippy::empty_docs' '--allow=clippy::doc_markdown' '--allow=clippy::default_trait_access' '--allow=clippy::copy_iterator' '--allow=clippy::checked_conversions' '--allow=clippy::cast_sign_loss' '--allow=clippy::cast_precision_loss' '--allow=clippy::cast_possible_wrap' '--allow=clippy::cast_possible_truncation' '--allow=clippy::cast_lossless' '--allow=clippy::borrow_as_ptr' '--allow=clippy::bool_to_int_with_if' --cfg 'feature="blob"' --check-cfg 'cfg(docsrs,test)' --check-cfg 'cfg(feature, values("blob", "default", "document-features", "index", "serde", "sha1", "sha256", "wasm"))' -C metadata=94e4df9aaf8e3a8f -C extra-filename=-f76fdd1e6e70a8fa --out-dir /tmp/cargo-mutants-casm-PaMmur.tmp/target/debug/deps -L dependency=/tmp/cargo-mutants-casm-PaMmur.tmp/target/debug/deps --extern bstr=/tmp/cargo-mutants-casm-PaMmur.tmp/target/debug/deps/libbstr-94da861d99843f38.rmeta --extern gix_command=/tmp/cargo-mutants-casm-PaMmur.tmp/target/debug/deps/libgix_command-872acdad32d70856.rmeta --extern gix_filter=/tmp/cargo-mutants-casm-PaMmur.tmp/target/debug/deps/libgix_filter-f265df0c7ade7baa.rmeta --extern gix_fs=/tmp/cargo-mutants-casm-PaMmur.tmp/target/debug/deps/libgix_fs-8cf05bb8128d6b29.rmeta --extern gix_hash=/tmp/cargo-mutants-casm-PaMmur.tmp/target/debug/deps/libgix_hash-4bf740fa70ef3be8.rmeta --extern imara_diff=/tmp/cargo-mutants-casm-PaMmur.tmp/target/debug/deps/libgix_imara_diff-831838d29a6ac105.rmeta --extern gix_object=/tmp/cargo-mutants-casm-PaMmur.tmp/target/debug/deps/libgix_object-e1fb726db5135e58.rmeta --extern gix_path=/tmp/cargo-mutants-casm-PaMmur.tmp/target/debug/deps/libgix_path-ad720a692c9bd585.rmeta --extern gix_tempfile=/tmp/cargo-mutants-casm-PaMmur.tmp/target/debug/deps/libgix_tempfile-18883c92c0e1f37e.rmeta --extern gix_trace=/tmp/cargo-mutants-casm-PaMmur.tmp/target/debug/deps/libgix_trace-fe3ae1ba08dc3b9c.rmeta --extern gix_traverse=/tmp/cargo-mutants-casm-PaMmur.tmp/target/debug/deps/libgix_traverse-4b078eedc4919d5a.rmeta --extern gix_worktree=/tmp/cargo-mutants-casm-PaMmur.tmp/target/debug/deps/libgix_worktree-d9a00650b08ab71f.rmeta --extern thiserror=/tmp/cargo-mutants-casm-PaMmur.tmp/target/debug/deps/libthiserror-6c739655cb578a90.rmeta --cap-lints allow`
   Compiling gix-protocol v0.64.0
     Running `/home/srinivasan/.rustup/toolchains/nightly-x86_64-unknown-linux-gnu/bin/rustc --crate-name gix_protocol --edition=2024 /home/srinivasan/.cargo/registry/src/index.crates.io-1949cf8c6b5b557f/gix-protocol-0.64.0/src/lib.rs --error-format=json --json=diagnostic-rendered-ansi,artifacts,future-incompat --crate-type lib --emit=dep-info,metadata,link -C embed-bitcode=no -C debuginfo=2 '--warn=clippy::pedantic' '--allow=clippy::wildcard_imports' '--allow=clippy::used_underscore_binding' '--allow=clippy::unused_self' '--allow=clippy::unreadable_literal' '--allow=clippy::unnecessary_wraps' '--allow=clippy::unnecessary_join' '--allow=clippy::trivially_copy_pass_by_ref' '--allow=clippy::transmute_ptr_to_ptr' '--allow=clippy::too_many_lines' '--allow=clippy::too_long_first_doc_paragraph' '--allow=clippy::struct_field_names' '--allow=clippy::struct_excessive_bools' '--allow=clippy::stable_sort_primitive' '--allow=clippy::single_match_else' '--allow=clippy::similar_names' '--allow=clippy::should_panic_without_expect' '--allow=clippy::return_self_not_must_use' '--allow=clippy::result_large_err' '--allow=clippy::redundant_else' '--allow=clippy::range_plus_one' '--allow=clippy::option_option' '--allow=clippy::no_effect_underscore_binding' '--allow=clippy::needless_raw_string_hashes' '--allow=clippy::needless_pass_by_value' '--allow=clippy::needless_for_each' '--allow=clippy::needless_continue' '--allow=clippy::naive_bytecount' '--allow=clippy::mut_mut' '--allow=clippy::must_use_candidate' '--allow=clippy::module_name_repetitions' '--allow=clippy::missing_panics_doc' '--allow=clippy::missing_errors_doc' '--allow=clippy::match_wildcard_for_single_variants' '--allow=clippy::match_wild_err_arm' '--allow=clippy::match_same_arms' '--allow=clippy::match_bool' '--allow=clippy::many_single_char_names' '--allow=clippy::manual_string_new' '--allow=clippy::manual_let_else' '--allow=clippy::manual_is_variant_and' '--allow=clippy::manual_assert' '--allow=clippy::large_stack_arrays' '--allow=clippy::large_enum_variant' '--allow=clippy::iter_without_into_iter' '--allow=clippy::iter_not_returning_iterator' '--allow=clippy::items_after_statements' '--allow=clippy::inline_always' '--allow=clippy::inefficient_to_string' '--allow=clippy::inconsistent_struct_constructor' '--allow=clippy::implicit_clone' '--allow=clippy::ignored_unit_patterns' '--allow=clippy::if_not_else' '--allow=clippy::from_iter_instead_of_collect' '--allow=clippy::fn_params_excessive_bools' '--allow=clippy::filter_map_next' '--allow=clippy::explicit_iter_loop' '--allow=clippy::explicit_into_iter_loop' '--allow=clippy::explicit_deref_methods' '--allow=clippy::enum_glob_use' '--allow=clippy::empty_docs' '--allow=clippy::doc_markdown' '--allow=clippy::default_trait_access' '--allow=clippy::copy_iterator' '--allow=clippy::checked_conversions' '--allow=clippy::cast_sign_loss' '--allow=clippy::cast_precision_loss' '--allow=clippy::cast_possible_wrap' '--allow=clippy::cast_possible_truncation' '--allow=clippy::cast_lossless' '--allow=clippy::borrow_as_ptr' '--allow=clippy::bool_to_int_with_if' --check-cfg 'cfg(docsrs,test)' --check-cfg 'cfg(feature, values("async-client", "blocking-client", "document-features", "fetch", "futures-lite", "handshake", "serde", "sha1", "sha256"))' -C metadata=28a5076125bb3f42 -C extra-filename=-e2596a86ae0547ab --out-dir /tmp/cargo-mutants-casm-PaMmur.tmp/target/debug/deps -L dependency=/tmp/cargo-mutants-casm-PaMmur.tmp/target/debug/deps --extern bisync=/tmp/cargo-mutants-casm-PaMmur.tmp/target/debug/deps/libbisync-463b5f4f6ce191e8.rmeta --extern bstr=/tmp/cargo-mutants-casm-PaMmur.tmp/target/debug/deps/libbstr-94da861d99843f38.rmeta --extern gix_date=/tmp/cargo-mutants-casm-PaMmur.tmp/target/debug/deps/libgix_date-a99f03dfbebc6bec.rmeta --extern gix_features=/tmp/cargo-mutants-casm-PaMmur.tmp/target/debug/deps/libgix_features-2b7337ebc7a64097.rmeta --extern gix_hash=/tmp/cargo-mutants-casm-PaMmur.tmp/target/debug/deps/libgix_hash-4bf740fa70ef3be8.rmeta --extern gix_ref=/tmp/cargo-mutants-casm-PaMmur.tmp/target/debug/deps/libgix_ref-595a4dd7ea734bd0.rmeta --extern gix_shallow=/tmp/cargo-mutants-casm-PaMmur.tmp/target/debug/deps/libgix_shallow-c994d05469994cdd.rmeta --extern gix_transport=/tmp/cargo-mutants-casm-PaMmur.tmp/target/debug/deps/libgix_transport-ec2cdc9f0310d438.rmeta --extern gix_utils=/tmp/cargo-mutants-casm-PaMmur.tmp/target/debug/deps/libgix_utils-be9213fa8d232b57.rmeta --extern nonempty=/tmp/cargo-mutants-casm-PaMmur.tmp/target/debug/deps/libnonempty-2f9693126db11f85.rmeta --extern thiserror=/tmp/cargo-mutants-casm-PaMmur.tmp/target/debug/deps/libthiserror-6c739655cb578a90.rmeta --cap-lints allow`
   Compiling gix-submodule v0.33.0
     Running `/home/srinivasan/.rustup/toolchains/nightly-x86_64-unknown-linux-gnu/bin/rustc --crate-name gix_submodule --edition=2024 /home/srinivasan/.cargo/registry/src/index.crates.io-1949cf8c6b5b557f/gix-submodule-0.33.0/src/lib.rs --error-format=json --json=diagnostic-rendered-ansi,artifacts,future-incompat --crate-type lib --emit=dep-info,metadata,link -C embed-bitcode=no -C debuginfo=2 '--warn=clippy::pedantic' '--allow=clippy::wildcard_imports' '--allow=clippy::used_underscore_binding' '--allow=clippy::unused_self' '--allow=clippy::unreadable_literal' '--allow=clippy::unnecessary_wraps' '--allow=clippy::unnecessary_join' '--allow=clippy::trivially_copy_pass_by_ref' '--allow=clippy::transmute_ptr_to_ptr' '--allow=clippy::too_many_lines' '--allow=clippy::too_long_first_doc_paragraph' '--allow=clippy::struct_field_names' '--allow=clippy::struct_excessive_bools' '--allow=clippy::stable_sort_primitive' '--allow=clippy::single_match_else' '--allow=clippy::similar_names' '--allow=clippy::should_panic_without_expect' '--allow=clippy::return_self_not_must_use' '--allow=clippy::result_large_err' '--allow=clippy::redundant_else' '--allow=clippy::range_plus_one' '--allow=clippy::option_option' '--allow=clippy::no_effect_underscore_binding' '--allow=clippy::needless_raw_string_hashes' '--allow=clippy::needless_pass_by_value' '--allow=clippy::needless_for_each' '--allow=clippy::needless_continue' '--allow=clippy::naive_bytecount' '--allow=clippy::mut_mut' '--allow=clippy::must_use_candidate' '--allow=clippy::module_name_repetitions' '--allow=clippy::missing_panics_doc' '--allow=clippy::missing_errors_doc' '--allow=clippy::match_wildcard_for_single_variants' '--allow=clippy::match_wild_err_arm' '--allow=clippy::match_same_arms' '--allow=clippy::match_bool' '--allow=clippy::many_single_char_names' '--allow=clippy::manual_string_new' '--allow=clippy::manual_let_else' '--allow=clippy::manual_is_variant_and' '--allow=clippy::manual_assert' '--allow=clippy::large_stack_arrays' '--allow=clippy::large_enum_variant' '--allow=clippy::iter_without_into_iter' '--allow=clippy::iter_not_returning_iterator' '--allow=clippy::items_after_statements' '--allow=clippy::inline_always' '--allow=clippy::inefficient_to_string' '--allow=clippy::inconsistent_struct_constructor' '--allow=clippy::implicit_clone' '--allow=clippy::ignored_unit_patterns' '--allow=clippy::if_not_else' '--allow=clippy::from_iter_instead_of_collect' '--allow=clippy::fn_params_excessive_bools' '--allow=clippy::filter_map_next' '--allow=clippy::explicit_iter_loop' '--allow=clippy::explicit_into_iter_loop' '--allow=clippy::explicit_deref_methods' '--allow=clippy::enum_glob_use' '--allow=clippy::empty_docs' '--allow=clippy::doc_markdown' '--allow=clippy::default_trait_access' '--allow=clippy::copy_iterator' '--allow=clippy::checked_conversions' '--allow=clippy::cast_sign_loss' '--allow=clippy::cast_precision_loss' '--allow=clippy::cast_possible_wrap' '--allow=clippy::cast_possible_truncation' '--allow=clippy::cast_lossless' '--allow=clippy::borrow_as_ptr' '--allow=clippy::bool_to_int_with_if' --check-cfg 'cfg(docsrs,test)' --check-cfg 'cfg(feature, values("sha1", "sha256"))' -C metadata=d2bbcd37722b4e2e -C extra-filename=-4fd0a7d864e82a7a --out-dir /tmp/cargo-mutants-casm-PaMmur.tmp/target/debug/deps -L dependency=/tmp/cargo-mutants-casm-PaMmur.tmp/target/debug/deps --extern bstr=/tmp/cargo-mutants-casm-PaMmur.tmp/target/debug/deps/libbstr-94da861d99843f38.rmeta --extern gix_config=/tmp/cargo-mutants-casm-PaMmur.tmp/target/debug/deps/libgix_config-07e4468fb77227d0.rmeta --extern gix_path=/tmp/cargo-mutants-casm-PaMmur.tmp/target/debug/deps/libgix_path-ad720a692c9bd585.rmeta --extern gix_pathspec=/tmp/cargo-mutants-casm-PaMmur.tmp/target/debug/deps/libgix_pathspec-bbc37426f047a59d.rmeta --extern gix_refspec=/tmp/cargo-mutants-casm-PaMmur.tmp/target/debug/deps/libgix_refspec-66b8667795d6cf4c.rmeta --extern gix_url=/tmp/cargo-mutants-casm-PaMmur.tmp/target/debug/deps/libgix_url-bca8aa9f30d47cfd.rmeta --extern thiserror=/tmp/cargo-mutants-casm-PaMmur.tmp/target/debug/deps/libthiserror-6c739655cb578a90.rmeta --cap-lints allow`
   Compiling gix-discover v0.54.0
     Running `/home/srinivasan/.rustup/toolchains/nightly-x86_64-unknown-linux-gnu/bin/rustc --crate-name gix_discover --edition=2024 /home/srinivasan/.cargo/registry/src/index.crates.io-1949cf8c6b5b557f/gix-discover-0.54.0/src/lib.rs --error-format=json --json=diagnostic-rendered-ansi,artifacts,future-incompat --crate-type lib --emit=dep-info,metadata,link -C embed-bitcode=no -C debuginfo=2 '--warn=clippy::pedantic' '--allow=clippy::wildcard_imports' '--allow=clippy::used_underscore_binding' '--allow=clippy::unused_self' '--allow=clippy::unreadable_literal' '--allow=clippy::unnecessary_wraps' '--allow=clippy::unnecessary_join' '--allow=clippy::trivially_copy_pass_by_ref' '--allow=clippy::transmute_ptr_to_ptr' '--allow=clippy::too_many_lines' '--allow=clippy::too_long_first_doc_paragraph' '--allow=clippy::struct_field_names' '--allow=clippy::struct_excessive_bools' '--allow=clippy::stable_sort_primitive' '--allow=clippy::single_match_else' '--allow=clippy::similar_names' '--allow=clippy::should_panic_without_expect' '--allow=clippy::return_self_not_must_use' '--allow=clippy::result_large_err' '--allow=clippy::redundant_else' '--allow=clippy::range_plus_one' '--allow=clippy::option_option' '--allow=clippy::no_effect_underscore_binding' '--allow=clippy::needless_raw_string_hashes' '--allow=clippy::needless_pass_by_value' '--allow=clippy::needless_for_each' '--allow=clippy::needless_continue' '--allow=clippy::naive_bytecount' '--allow=clippy::mut_mut' '--allow=clippy::must_use_candidate' '--allow=clippy::module_name_repetitions' '--allow=clippy::missing_panics_doc' '--allow=clippy::missing_errors_doc' '--allow=clippy::match_wildcard_for_single_variants' '--allow=clippy::match_wild_err_arm' '--allow=clippy::match_same_arms' '--allow=clippy::match_bool' '--allow=clippy::many_single_char_names' '--allow=clippy::manual_string_new' '--allow=clippy::manual_let_else' '--allow=clippy::manual_is_variant_and' '--allow=clippy::manual_assert' '--allow=clippy::large_stack_arrays' '--allow=clippy::large_enum_variant' '--allow=clippy::iter_without_into_iter' '--allow=clippy::iter_not_returning_iterator' '--allow=clippy::items_after_statements' '--allow=clippy::inline_always' '--allow=clippy::inefficient_to_string' '--allow=clippy::inconsistent_struct_constructor' '--allow=clippy::implicit_clone' '--allow=clippy::ignored_unit_patterns' '--allow=clippy::if_not_else' '--allow=clippy::from_iter_instead_of_collect' '--allow=clippy::fn_params_excessive_bools' '--allow=clippy::filter_map_next' '--allow=clippy::explicit_iter_loop' '--allow=clippy::explicit_into_iter_loop' '--allow=clippy::explicit_deref_methods' '--allow=clippy::enum_glob_use' '--allow=clippy::empty_docs' '--allow=clippy::doc_markdown' '--allow=clippy::default_trait_access' '--allow=clippy::copy_iterator' '--allow=clippy::checked_conversions' '--allow=clippy::cast_sign_loss' '--allow=clippy::cast_precision_loss' '--allow=clippy::cast_possible_wrap' '--allow=clippy::cast_possible_truncation' '--allow=clippy::cast_lossless' '--allow=clippy::borrow_as_ptr' '--allow=clippy::bool_to_int_with_if' --check-cfg 'cfg(docsrs,test)' --check-cfg 'cfg(feature, values("sha1", "sha256"))' -C metadata=3cca62362a96c6fe -C extra-filename=-7e04a5ef451117f4 --out-dir /tmp/cargo-mutants-casm-PaMmur.tmp/target/debug/deps -L dependency=/tmp/cargo-mutants-casm-PaMmur.tmp/target/debug/deps --extern bstr=/tmp/cargo-mutants-casm-PaMmur.tmp/target/debug/deps/libbstr-94da861d99843f38.rmeta --extern gix_fs=/tmp/cargo-mutants-casm-PaMmur.tmp/target/debug/deps/libgix_fs-8cf05bb8128d6b29.rmeta --extern gix_path=/tmp/cargo-mutants-casm-PaMmur.tmp/target/debug/deps/libgix_path-ad720a692c9bd585.rmeta --extern gix_ref=/tmp/cargo-mutants-casm-PaMmur.tmp/target/debug/deps/libgix_ref-595a4dd7ea734bd0.rmeta --extern gix_sec=/tmp/cargo-mutants-casm-PaMmur.tmp/target/debug/deps/libgix_sec-41142498b26f5730.rmeta --extern thiserror=/tmp/cargo-mutants-casm-PaMmur.tmp/target/debug/deps/libthiserror-6c739655cb578a90.rmeta --cap-lints allow`
   Compiling gix v0.86.0
     Running `/home/srinivasan/.rustup/toolchains/nightly-x86_64-unknown-linux-gnu/bin/rustc --crate-name gix --edition=2024 /home/srinivasan/.cargo/registry/src/index.crates.io-1949cf8c6b5b557f/gix-0.86.0/src/lib.rs --error-format=json --json=diagnostic-rendered-ansi,artifacts,future-incompat --crate-type lib --emit=dep-info,metadata,link -C embed-bitcode=no -C debuginfo=2 '--warn=clippy::pedantic' '--allow=clippy::wildcard_imports' '--allow=clippy::used_underscore_binding' '--allow=clippy::unused_self' '--allow=clippy::unreadable_literal' '--allow=clippy::unnecessary_wraps' '--allow=clippy::unnecessary_join' '--allow=clippy::trivially_copy_pass_by_ref' '--allow=clippy::transmute_ptr_to_ptr' '--allow=clippy::too_many_lines' '--allow=clippy::too_long_first_doc_paragraph' '--allow=clippy::struct_field_names' '--allow=clippy::struct_excessive_bools' '--allow=clippy::stable_sort_primitive' '--allow=clippy::single_match_else' '--allow=clippy::similar_names' '--allow=clippy::should_panic_without_expect' '--allow=clippy::return_self_not_must_use' '--allow=clippy::result_large_err' '--allow=clippy::redundant_else' '--allow=clippy::range_plus_one' '--allow=clippy::option_option' '--allow=clippy::no_effect_underscore_binding' '--allow=clippy::needless_raw_string_hashes' '--allow=clippy::needless_pass_by_value' '--allow=clippy::needless_for_each' '--allow=clippy::needless_continue' '--allow=clippy::naive_bytecount' '--allow=clippy::mut_mut' '--allow=clippy::must_use_candidate' '--allow=clippy::module_name_repetitions' '--allow=clippy::missing_panics_doc' '--allow=clippy::missing_errors_doc' '--allow=clippy::match_wildcard_for_single_variants' '--allow=clippy::match_wild_err_arm' '--allow=clippy::match_same_arms' '--allow=clippy::match_bool' '--allow=clippy::many_single_char_names' '--allow=clippy::manual_string_new' '--allow=clippy::manual_let_else' '--allow=clippy::manual_is_variant_and' '--allow=clippy::manual_assert' '--allow=clippy::large_stack_arrays' '--allow=clippy::large_enum_variant' '--allow=clippy::iter_without_into_iter' '--allow=clippy::iter_not_returning_iterator' '--allow=clippy::items_after_statements' '--allow=clippy::inline_always' '--allow=clippy::inefficient_to_string' '--allow=clippy::inconsistent_struct_constructor' '--allow=clippy::implicit_clone' '--allow=clippy::ignored_unit_patterns' '--allow=clippy::if_not_else' '--allow=clippy::from_iter_instead_of_collect' '--allow=clippy::fn_params_excessive_bools' '--allow=clippy::filter_map_next' '--allow=clippy::explicit_iter_loop' '--allow=clippy::explicit_into_iter_loop' '--allow=clippy::explicit_deref_methods' '--allow=clippy::enum_glob_use' '--allow=clippy::empty_docs' '--allow=clippy::doc_markdown' '--allow=clippy::default_trait_access' '--allow=clippy::copy_iterator' '--allow=clippy::checked_conversions' '--allow=clippy::cast_sign_loss' '--allow=clippy::cast_precision_loss' '--allow=clippy::cast_possible_wrap' '--allow=clippy::cast_possible_truncation' '--allow=clippy::cast_lossless' '--allow=clippy::borrow_as_ptr' '--allow=clippy::bool_to_int_with_if' --cfg 'feature="attributes"' --cfg 'feature="basic"' --cfg 'feature="blob-diff"' --cfg 'feature="command"' --cfg 'feature="excludes"' --cfg 'feature="index"' --cfg 'feature="max-control"' --cfg 'feature="max-performance-safe"' --cfg 'feature="pack-cache-lru-dynamic"' --cfg 'feature="pack-cache-lru-static"' --cfg 'feature="parallel"' --cfg 'feature="revision"' --cfg 'feature="sha1"' --check-cfg 'cfg(docsrs,test)' --check-cfg 'cfg(feature, values("async-network-client", "async-network-client-async-std", "async-std", "attributes", "auto-chain-error", "basic", "blame", "blob-diff", "blocking-http-transport-curl", "blocking-http-transport-curl-openssl", "blocking-http-transport-curl-rustls", "blocking-http-transport-reqwest", "blocking-http-transport-reqwest-native-tls", "blocking-http-transport-reqwest-rust-tls", "blocking-http-transport-reqwest-rust-tls-trust-dns", "blocking-network-client", "cache-efficiency-debug", "comfort", "command", "credentials", "default", "dirwalk", "document-features", "excludes", "extras", "gix-archive", "gix-status", "gix-worktree-stream", "hp-tempfile-registry", "index", "interrupt", "mailmap", "max-control", "max-performance", "max-performance-safe", "merge", "need-more-recent-msrv", "pack-cache-lru-dynamic", "pack-cache-lru-static", "parallel", "prodash", "progress-tree", "regex", "revision", "revparse-regex", "serde", "sha1", "sha256", "status", "tracing", "tracing-detail", "tree-editor", "tree-error", "worktree-archive", "worktree-mutation", "worktree-stream"))' -C metadata=98baa6e25e91bc7a -C extra-filename=-a35a39ae47e53fc2 --out-dir /tmp/cargo-mutants-casm-PaMmur.tmp/target/debug/deps -L dependency=/tmp/cargo-mutants-casm-PaMmur.tmp/target/debug/deps --extern gix_actor=/tmp/cargo-mutants-casm-PaMmur.tmp/target/debug/deps/libgix_actor-5ef37b0181e2cc6b.rmeta --extern gix_attributes=/tmp/cargo-mutants-casm-PaMmur.tmp/target/debug/deps/libgix_attributes-e64c44d2376f9d3c.rmeta --extern gix_command=/tmp/cargo-mutants-casm-PaMmur.tmp/target/debug/deps/libgix_command-872acdad32d70856.rmeta --extern gix_commitgraph=/tmp/cargo-mutants-casm-PaMmur.tmp/target/debug/deps/libgix_commitgraph-9e29a3a29bd0f3cf.rmeta --extern gix_config=/tmp/cargo-mutants-casm-PaMmur.tmp/target/debug/deps/libgix_config-07e4468fb77227d0.rmeta --extern gix_date=/tmp/cargo-mutants-casm-PaMmur.tmp/target/debug/deps/libgix_date-a99f03dfbebc6bec.rmeta --extern gix_diff=/tmp/cargo-mutants-casm-PaMmur.tmp/target/debug/deps/libgix_diff-f76fdd1e6e70a8fa.rmeta --extern gix_discover=/tmp/cargo-mutants-casm-PaMmur.tmp/target/debug/deps/libgix_discover-7e04a5ef451117f4.rmeta --extern gix_error=/tmp/cargo-mutants-casm-PaMmur.tmp/target/debug/deps/libgix_error-abff1358f93302bd.rmeta --extern gix_features=/tmp/cargo-mutants-casm-PaMmur.tmp/target/debug/deps/libgix_features-2b7337ebc7a64097.rmeta --extern gix_filter=/tmp/cargo-mutants-casm-PaMmur.tmp/target/debug/deps/libgix_filter-f265df0c7ade7baa.rmeta --extern gix_fs=/tmp/cargo-mutants-casm-PaMmur.tmp/target/debug/deps/libgix_fs-8cf05bb8128d6b29.rmeta --extern gix_glob=/tmp/cargo-mutants-casm-PaMmur.tmp/target/debug/deps/libgix_glob-d3df6e811d698f3b.rmeta --extern gix_hash=/tmp/cargo-mutants-casm-PaMmur.tmp/target/debug/deps/libgix_hash-4bf740fa70ef3be8.rmeta --extern gix_hashtable=/tmp/cargo-mutants-casm-PaMmur.tmp/target/debug/deps/libgix_hashtable-504c4f28c5beba6e.rmeta --extern gix_ignore=/tmp/cargo-mutants-casm-PaMmur.tmp/target/debug/deps/libgix_ignore-b4eae04b4744cfdc.rmeta --extern gix_index=/tmp/cargo-mutants-casm-PaMmur.tmp/target/debug/deps/libgix_index-2856e88550c79bfd.rmeta --extern gix_lock=/tmp/cargo-mutants-casm-PaMmur.tmp/target/debug/deps/libgix_lock-0897819c5b40e023.rmeta --extern gix_object=/tmp/cargo-mutants-casm-PaMmur.tmp/target/debug/deps/libgix_object-e1fb726db5135e58.rmeta --extern gix_odb=/tmp/cargo-mutants-casm-PaMmur.tmp/target/debug/deps/libgix_odb-203c09d9d9d7f695.rmeta --extern gix_pack=/tmp/cargo-mutants-casm-PaMmur.tmp/target/debug/deps/libgix_pack-24952fd80adc8298.rmeta --extern gix_path=/tmp/cargo-mutants-casm-PaMmur.tmp/target/debug/deps/libgix_path-ad720a692c9bd585.rmeta --extern gix_pathspec=/tmp/cargo-mutants-casm-PaMmur.tmp/target/debug/deps/libgix_pathspec-bbc37426f047a59d.rmeta --extern gix_protocol=/tmp/cargo-mutants-casm-PaMmur.tmp/target/debug/deps/libgix_protocol-e2596a86ae0547ab.rmeta --extern gix_ref=/tmp/cargo-mutants-casm-PaMmur.tmp/target/debug/deps/libgix_ref-595a4dd7ea734bd0.rmeta --extern gix_refspec=/tmp/cargo-mutants-casm-PaMmur.tmp/target/debug/deps/libgix_refspec-66b8667795d6cf4c.rmeta --extern gix_revision=/tmp/cargo-mutants-casm-PaMmur.tmp/target/debug/deps/libgix_revision-023fc48b1d668184.rmeta --extern gix_revwalk=/tmp/cargo-mutants-casm-PaMmur.tmp/target/debug/deps/libgix_revwalk-7470dba017a94ca6.rmeta --extern gix_sec=/tmp/cargo-mutants-casm-PaMmur.tmp/target/debug/deps/libgix_sec-41142498b26f5730.rmeta --extern gix_shallow=/tmp/cargo-mutants-casm-PaMmur.tmp/target/debug/deps/libgix_shallow-c994d05469994cdd.rmeta --extern gix_submodule=/tmp/cargo-mutants-casm-PaMmur.tmp/target/debug/deps/libgix_submodule-4fd0a7d864e82a7a.rmeta --extern gix_tempfile=/tmp/cargo-mutants-casm-PaMmur.tmp/target/debug/deps/libgix_tempfile-18883c92c0e1f37e.rmeta --extern gix_trace=/tmp/cargo-mutants-casm-PaMmur.tmp/target/debug/deps/libgix_trace-fe3ae1ba08dc3b9c.rmeta --extern gix_traverse=/tmp/cargo-mutants-casm-PaMmur.tmp/target/debug/deps/libgix_traverse-4b078eedc4919d5a.rmeta --extern gix_url=/tmp/cargo-mutants-casm-PaMmur.tmp/target/debug/deps/libgix_url-bca8aa9f30d47cfd.rmeta --extern gix_utils=/tmp/cargo-mutants-casm-PaMmur.tmp/target/debug/deps/libgix_utils-be9213fa8d232b57.rmeta --extern gix_validate=/tmp/cargo-mutants-casm-PaMmur.tmp/target/debug/deps/libgix_validate-76a43d9cff1fb6ae.rmeta --extern gix_worktree=/tmp/cargo-mutants-casm-PaMmur.tmp/target/debug/deps/libgix_worktree-d9a00650b08ab71f.rmeta --extern gix_zlib=/tmp/cargo-mutants-casm-PaMmur.tmp/target/debug/deps/libgix_zlib-e343f8f9a19043ff.rmeta --extern nonempty=/tmp/cargo-mutants-casm-PaMmur.tmp/target/debug/deps/libnonempty-2f9693126db11f85.rmeta --extern smallvec=/tmp/cargo-mutants-casm-PaMmur.tmp/target/debug/deps/libsmallvec-00c65a5ffe2221d3.rmeta --extern thiserror=/tmp/cargo-mutants-casm-PaMmur.tmp/target/debug/deps/libthiserror-6c739655cb578a90.rmeta --cap-lints allow`
   Compiling casm-parser v0.3.0 (/tmp/cargo-mutants-casm-PaMmur.tmp/crates/casm-parser)
     Running `/home/srinivasan/.rustup/toolchains/nightly-x86_64-unknown-linux-gnu/bin/rustc --crate-name casm_parser --edition=2024 crates/casm-parser/src/lib.rs --error-format=json --json=diagnostic-rendered-ansi,artifacts,future-incompat --crate-type lib --emit=dep-info,metadata,link -C embed-bitcode=no -C debuginfo=2 --warn=rust_2018_idioms '--warn=clippy::pedantic' '--warn=clippy::unwrap_used' --forbid=unsafe_code --warn=unreachable_pub '--warn=clippy::too_many_lines' '--allow=clippy::struct_field_names' '--warn=clippy::panic' '--allow=clippy::must_use_candidate' '--allow=clippy::module_name_repetitions' '--allow=clippy::missing_errors_doc' --warn=missing_docs '--warn=clippy::indexing_slicing' '--warn=clippy::expect_used' '--warn=clippy::cognitive_complexity' --check-cfg 'cfg(docsrs,test)' --check-cfg 'cfg(feature, values())' -C metadata=b704d0b54c829d15 -C extra-filename=-eea18f9648d94226 --out-dir /tmp/cargo-mutants-casm-PaMmur.tmp/target/debug/deps -C incremental=/tmp/cargo-mutants-casm-PaMmur.tmp/target/debug/incremental -L dependency=/tmp/cargo-mutants-casm-PaMmur.tmp/target/debug/deps --extern casm_core=/tmp/cargo-mutants-casm-PaMmur.tmp/target/debug/deps/libcasm_core-e0b2d07509e0486a.rmeta --extern serde=/tmp/cargo-mutants-casm-PaMmur.tmp/target/debug/deps/libserde-2119863ca5860397.rmeta --extern serde_json=/tmp/cargo-mutants-casm-PaMmur.tmp/target/debug/deps/libserde_json-8ada6c1221654e94.rmeta --extern serde_yaml_ng=/tmp/cargo-mutants-casm-PaMmur.tmp/target/debug/deps/libserde_yaml_ng-2c0ea103e93661b7.rmeta --extern thiserror=/tmp/cargo-mutants-casm-PaMmur.tmp/target/debug/deps/libthiserror-6c739655cb578a90.rmeta --extern toml=/tmp/cargo-mutants-casm-PaMmur.tmp/target/debug/deps/libtoml-c5208f55489b08fa.rmeta --verbose`
   Compiling casm-renderer v0.3.0 (/tmp/cargo-mutants-casm-PaMmur.tmp/crates/casm-renderer)
     Running `/home/srinivasan/.rustup/toolchains/nightly-x86_64-unknown-linux-gnu/bin/rustc --crate-name casm_renderer --edition=2024 crates/casm-renderer/src/lib.rs --error-format=json --json=diagnostic-rendered-ansi,artifacts,future-incompat --crate-type lib --emit=dep-info,metadata,link -C embed-bitcode=no -C debuginfo=2 --warn=rust_2018_idioms '--warn=clippy::pedantic' '--warn=clippy::unwrap_used' --forbid=unsafe_code --warn=unreachable_pub '--warn=clippy::too_many_lines' '--allow=clippy::struct_field_names' '--warn=clippy::panic' '--allow=clippy::must_use_candidate' '--allow=clippy::module_name_repetitions' '--allow=clippy::missing_errors_doc' --warn=missing_docs '--warn=clippy::indexing_slicing' '--warn=clippy::expect_used' '--warn=clippy::cognitive_complexity' --check-cfg 'cfg(docsrs,test)' --check-cfg 'cfg(feature, values())' -C metadata=e23566218d4fe91e -C extra-filename=-2dde920b49b30771 --out-dir /tmp/cargo-mutants-casm-PaMmur.tmp/target/debug/deps -C incremental=/tmp/cargo-mutants-casm-PaMmur.tmp/target/debug/incremental -L dependency=/tmp/cargo-mutants-casm-PaMmur.tmp/target/debug/deps --extern casm_core=/tmp/cargo-mutants-casm-PaMmur.tmp/target/debug/deps/libcasm_core-e0b2d07509e0486a.rmeta --verbose`
   Compiling casm-git v0.3.0 (/tmp/cargo-mutants-casm-PaMmur.tmp/crates/casm-git)
     Running `/home/srinivasan/.rustup/toolchains/nightly-x86_64-unknown-linux-gnu/bin/rustc --crate-name casm_git --edition=2024 crates/casm-git/src/lib.rs --error-format=json --json=diagnostic-rendered-ansi,artifacts,future-incompat --crate-type lib --emit=dep-info,metadata,link -C embed-bitcode=no -C debuginfo=2 --warn=rust_2018_idioms '--warn=clippy::pedantic' '--warn=clippy::unwrap_used' --forbid=unsafe_code --warn=unreachable_pub '--warn=clippy::too_many_lines' '--allow=clippy::struct_field_names' '--warn=clippy::panic' '--allow=clippy::must_use_candidate' '--allow=clippy::module_name_repetitions' '--allow=clippy::missing_errors_doc' --warn=missing_docs '--warn=clippy::indexing_slicing' '--warn=clippy::expect_used' '--warn=clippy::cognitive_complexity' --check-cfg 'cfg(docsrs,test)' --check-cfg 'cfg(feature, values())' -C metadata=ce79a48482f49ebe -C extra-filename=-625b383ef6b94488 --out-dir /tmp/cargo-mutants-casm-PaMmur.tmp/target/debug/deps -C incremental=/tmp/cargo-mutants-casm-PaMmur.tmp/target/debug/incremental -L dependency=/tmp/cargo-mutants-casm-PaMmur.tmp/target/debug/deps --extern casm_core=/tmp/cargo-mutants-casm-PaMmur.tmp/target/debug/deps/libcasm_core-e0b2d07509e0486a.rmeta --extern casm_parser=/tmp/cargo-mutants-casm-PaMmur.tmp/target/debug/deps/libcasm_parser-eea18f9648d94226.rmeta --extern gix=/tmp/cargo-mutants-casm-PaMmur.tmp/target/debug/deps/libgix-a35a39ae47e53fc2.rmeta --extern serde=/tmp/cargo-mutants-casm-PaMmur.tmp/target/debug/deps/libserde-2119863ca5860397.rmeta --extern thiserror=/tmp/cargo-mutants-casm-PaMmur.tmp/target/debug/deps/libthiserror-6c739655cb578a90.rmeta --verbose`
error[E0015]: cannot call non-const associated function `<HistoryOptions as std::default::Default>::default` in constant functions
  --> crates/casm-git/src/lib.rs:74:9
   |
74 |         Default::default() /* ~ changed by cargo-mutants ~ */
   |         ^^^^^^^^^^^^^^^^^^
   |
   = note: calls in constant functions are limited to constant functions, tuple structs and tuple variants

For more information about this error, try `rustc --explain E0015`.
error: could not compile `casm-git` (lib) due to 1 previous error

Caused by:
  process didn't exit successfully: `/home/srinivasan/.rustup/toolchains/nightly-x86_64-unknown-linux-gnu/bin/rustc --crate-name casm_git --edition=2024 crates/casm-git/src/lib.rs --error-format=json --json=diagnostic-rendered-ansi,artifacts,future-incompat --crate-type lib --emit=dep-info,metadata,link -C embed-bitcode=no -C debuginfo=2 --warn=rust_2018_idioms '--warn=clippy::pedantic' '--warn=clippy::unwrap_used' --forbid=unsafe_code --warn=unreachable_pub '--warn=clippy::too_many_lines' '--allow=clippy::struct_field_names' '--warn=clippy::panic' '--allow=clippy::must_use_candidate' '--allow=clippy::module_name_repetitions' '--allow=clippy::missing_errors_doc' --warn=missing_docs '--warn=clippy::indexing_slicing' '--warn=clippy::expect_used' '--warn=clippy::cognitive_complexity' --check-cfg 'cfg(docsrs,test)' --check-cfg 'cfg(feature, values())' -C metadata=ce79a48482f49ebe -C extra-filename=-625b383ef6b94488 --out-dir /tmp/cargo-mutants-casm-PaMmur.tmp/target/debug/deps -C incremental=/tmp/cargo-mutants-casm-PaMmur.tmp/target/debug/incremental -L dependency=/tmp/cargo-mutants-casm-PaMmur.tmp/target/debug/deps --extern casm_core=/tmp/cargo-mutants-casm-PaMmur.tmp/target/debug/deps/libcasm_core-e0b2d07509e0486a.rmeta --extern casm_parser=/tmp/cargo-mutants-casm-PaMmur.tmp/target/debug/deps/libcasm_parser-eea18f9648d94226.rmeta --extern gix=/tmp/cargo-mutants-casm-PaMmur.tmp/target/debug/deps/libgix-a35a39ae47e53fc2.rmeta --extern serde=/tmp/cargo-mutants-casm-PaMmur.tmp/target/debug/deps/libserde-2119863ca5860397.rmeta --extern thiserror=/tmp/cargo-mutants-casm-PaMmur.tmp/target/debug/deps/libthiserror-6c739655cb578a90.rmeta --verbose` (exit status: 1)
warning: build failed, waiting for other jobs to finish...

*** result: Failure(101)
