
*** crates/casm-cli/src/commands.rs:93:9: replace <impl From<casm_parser::ParseError> for CommandError>::from -> Self with Default::default()

*** mutation diff:
--- crates/casm-cli/src/commands.rs
+++ replace <impl From<casm_parser::ParseError> for CommandError>::from -> Self with Default::default()
@@ -85,17 +85,17 @@
 ";
 
 /// A command failure carrying a message already formatted for the user.
 #[derive(Debug, Clone, PartialEq, Eq)]
 pub(crate) struct CommandError(pub String);
 
 impl From<casm_parser::ParseError> for CommandError {
     fn from(error: casm_parser::ParseError) -> Self {
-        Self(error.render())
+        Default::default() /* ~ changed by cargo-mutants ~ */
     }
 }
 
 /// The result of running a subcommand.
 pub(crate) type CommandResult = Result<ExitCode, CommandError>;
 
 /// Scaffolds a new architecture file.
 pub(crate) fn init(name: &str, output: &Path, force: bool) -> CommandResult {


*** /home/srinivasan/.rustup/toolchains/nightly-x86_64-unknown-linux-gnu/bin/cargo test --no-run --verbose --package=casm-cli@0.3.0
       Fresh unicode-ident v1.0.24
       Fresh cfg-if v1.0.4
       Fresh memchr v2.8.3
   Compiling regex-syntax v0.8.11
       Fresh proc-macro2 v1.0.107
       Fresh version_check v0.9.5
       Fresh tinyvec_macros v0.1.1
       Fresh typenum v1.20.1
     Running `/home/srinivasan/.rustup/toolchains/nightly-x86_64-unknown-linux-gnu/bin/rustc --crate-name regex_syntax --edition=2021 /home/srinivasan/.cargo/registry/src/index.crates.io-1949cf8c6b5b557f/regex-syntax-0.8.11/src/lib.rs --error-format=json --json=diagnostic-rendered-ansi,artifacts,future-incompat --crate-type lib --emit=dep-info,metadata,link -C embed-bitcode=no -C debuginfo=2 --allow=unexpected_cfgs --check-cfg 'cfg(docsrs_regex)' --cfg 'feature="std"' --check-cfg 'cfg(docsrs,test)' --check-cfg 'cfg(feature, values("arbitrary", "default", "std", "unicode", "unicode-age", "unicode-bool", "unicode-case", "unicode-gencat", "unicode-perl", "unicode-script", "unicode-segment"))' -C metadata=a3253e7a8ee7eb10 -C extra-filename=-30a34a982e420d89 --out-dir /tmp/cargo-mutants-casm-TRDkvl.tmp/target/debug/deps -L dependency=/tmp/cargo-mutants-casm-TRDkvl.tmp/target/debug/deps --cap-lints allow`
       Fresh quote v1.0.47
       Fresh libc v0.2.189
       Fresh tinyvec v1.12.0
       Fresh gix-trace v0.1.21
       Fresh fastrand v2.5.0
       Fresh smallvec v1.15.2
       Fresh syn v3.0.3
       Fresh getrandom v0.4.3
       Fresh unicode-normalization v0.1.25
       Fresh scopeguard v1.2.0
       Fresh foldhash v0.2.0
       Fresh thiserror-impl v2.0.19
       Fresh generic-array v0.14.7
       Fresh lock_api v0.4.14
       Fresh parking_lot_core v0.9.12
       Fresh equivalent v1.0.2
       Fresh same-file v1.0.6
       Fresh once_cell v1.21.4
       Fresh thiserror v2.0.19
       Fresh block-buffer v0.10.4
       Fresh crossbeam-utils v0.8.22
       Fresh crypto-common v0.1.7
       Fresh allocator-api2 v0.2.21
       Fresh walkdir v2.5.0
       Fresh parking_lot v0.12.5
       Fresh digest v0.10.7
       Fresh crossbeam-channel v0.5.16
       Fresh prodash v31.0.0
       Fresh bitflags v2.13.1
       Fresh hashbrown v0.17.1
       Fresh itoa v1.0.18
       Fresh byteorder v1.5.0
       Fresh crc32fast v1.5.0
       Fresh hash32 v0.3.1
       Fresh stable_deref_trait v1.2.1
       Fresh cpufeatures v0.2.17
       Fresh jiff-core v0.1.0
       Fresh sha1 v0.10.7
       Fresh jiff v0.2.35
       Fresh linux-raw-sys v0.12.1
       Fresh memmap2 v0.9.11
       Fresh heapless v0.8.0
       Fresh sha1-checked v0.10.0
       Fresh serde_core v1.0.229
       Fresh rustix v1.1.4
       Fresh serde_derive v1.0.229
       Fresh hashbrown v0.14.5
       Fresh nonempty v0.12.0
       Fresh faster-hex v0.10.0
       Fresh tempfile v3.27.0
       Fresh serde v1.0.229
       Fresh dashmap v6.2.1
       Fresh indexmap v2.14.0
       Fresh unicode-bom v2.0.3
       Fresh keccak v0.1.6
       Fresh sha3 v0.10.9
       Fresh semver v1.0.28
       Fresh uuid v1.24.0
       Fresh gix-sec v0.14.2
       Fresh shell-words v1.1.1
       Fresh syn v2.0.119
       Fresh zmij v1.0.23
       Fresh casm-core v0.3.0 (/tmp/cargo-mutants-casm-TRDkvl.tmp/crates/casm-core)
       Fresh percent-encoding v2.3.2
       Fresh zerocopy-derive v0.8.55
       Fresh hashbrown v0.16.1
       Fresh serde_json v1.0.151
       Fresh filetime v0.2.29
       Fresh zlib-rs v0.6.6
       Fresh utf8parse v0.2.2
       Fresh arrayvec v0.7.8
       Fresh fnv v1.0.7
       Fresh anstyle-parse v1.0.0
       Fresh rustversion v1.0.23
       Fresh gix-zlib v0.1.0
       Fresh uluru v3.1.0
       Fresh zerocopy v0.8.55
       Fresh clru v0.6.3
       Fresh encoding_rs v0.8.35
       Fresh anstyle v1.0.14
       Fresh anstyle-query v1.1.5
       Fresh colorchoice v1.0.5
       Fresh winnow v1.0.4
       Fresh bisync_macros v0.2.3
       Fresh is_terminal_polyfill v1.70.2
       Fresh autocfg v1.5.1
       Fresh arc-swap v1.9.2
       Fresh half v2.7.1
       Fresh bisync v0.3.0
       Fresh anstream v1.0.0
       Fresh toml_parser v1.1.3+spec-1.1.0
       Fresh serde_spanned v1.1.1
       Fresh terminal_size v0.4.4
       Fresh toml_datetime v0.7.5+spec-1.1.0
       Fresh clap_lex v1.1.0
       Fresh unsafe-libyaml v0.2.11
       Fresh ryu v1.0.23
       Fresh winnow v0.7.15
       Fresh toml_writer v1.1.2+spec-1.1.0
       Fresh heck v0.5.0
       Fresh either v1.17.0
       Fresh strsim v0.11.1
       Fresh foldhash v0.1.5
       Fresh ciborium-io v0.2.2
       Fresh clap_builder v4.6.5
       Fresh serde_yaml_ng v0.10.0
       Fresh toml v0.9.12+spec-1.1.0
       Fresh clap_derive v4.6.4
       Fresh hashbrown v0.15.5
       Fresh itertools v0.13.0
       Fresh ciborium-ll v0.2.2
       Fresh cast v0.3.0
       Fresh fixedbitset v0.5.7
       Fresh casm-parser v0.3.0 (/tmp/cargo-mutants-casm-TRDkvl.tmp/crates/casm-parser)
       Fresh num-traits v0.2.19
       Fresh clap v4.6.5
       Fresh tinytemplate v1.2.1
       Fresh oorandom v11.1.5
       Fresh petgraph v0.8.3
       Fresh ciborium v0.2.2
       Fresh criterion-plot v0.6.0
       Fresh anes v0.1.6
       Fresh casm-diff v0.3.0 (/tmp/cargo-mutants-casm-TRDkvl.tmp/crates/casm-diff)
       Fresh casm-telemetry v0.3.0 (/tmp/cargo-mutants-casm-TRDkvl.tmp/crates/casm-telemetry)
       Fresh casm-renderer v0.3.0 (/tmp/cargo-mutants-casm-TRDkvl.tmp/crates/casm-renderer)
       Fresh casm-formal v0.3.0 (/tmp/cargo-mutants-casm-TRDkvl.tmp/crates/casm-formal)
       Fresh casm-validator v0.3.0 (/tmp/cargo-mutants-casm-TRDkvl.tmp/crates/casm-validator)
       Fresh casm-evidence v0.3.0 (/tmp/cargo-mutants-casm-TRDkvl.tmp/crates/casm-evidence)
   Compiling regex-automata v0.4.16
     Running `/home/srinivasan/.rustup/toolchains/nightly-x86_64-unknown-linux-gnu/bin/rustc --crate-name regex_automata --edition=2021 /home/srinivasan/.cargo/registry/src/index.crates.io-1949cf8c6b5b557f/regex-automata-0.4.16/src/lib.rs --error-format=json --json=diagnostic-rendered-ansi,artifacts,future-incompat --crate-type lib --emit=dep-info,metadata,link -C embed-bitcode=no -C debuginfo=2 --allow=unexpected_cfgs --check-cfg 'cfg(docsrs_regex)' --cfg 'feature="alloc"' --cfg 'feature="dfa-search"' --cfg 'feature="meta"' --cfg 'feature="nfa-pikevm"' --cfg 'feature="nfa-thompson"' --cfg 'feature="std"' --cfg 'feature="syntax"' --check-cfg 'cfg(docsrs,test)' --check-cfg 'cfg(feature, values("alloc", "default", "dfa", "dfa-build", "dfa-onepass", "dfa-search", "hybrid", "internal-instrument", "internal-instrument-pikevm", "logging", "meta", "nfa", "nfa-backtrack", "nfa-pikevm", "nfa-thompson", "perf", "perf-inline", "perf-literal", "perf-literal-multisubstring", "perf-literal-substring", "std", "syntax", "unicode", "unicode-age", "unicode-bool", "unicode-case", "unicode-gencat", "unicode-perl", "unicode-script", "unicode-segment", "unicode-word-boundary"))' -C metadata=4a7166203a2f7a68 -C extra-filename=-6f8e5ae466f53dbf --out-dir /tmp/cargo-mutants-casm-TRDkvl.tmp/target/debug/deps -L dependency=/tmp/cargo-mutants-casm-TRDkvl.tmp/target/debug/deps --extern regex_syntax=/tmp/cargo-mutants-casm-TRDkvl.tmp/target/debug/deps/libregex_syntax-30a34a982e420d89.rmeta --cap-lints allow`
   Compiling bstr v1.13.0
     Running `/home/srinivasan/.rustup/toolchains/nightly-x86_64-unknown-linux-gnu/bin/rustc --crate-name bstr --edition=2021 /home/srinivasan/.cargo/registry/src/index.crates.io-1949cf8c6b5b557f/bstr-1.13.0/src/lib.rs --error-format=json --json=diagnostic-rendered-ansi,artifacts,future-incompat --crate-type lib --emit=dep-info,metadata,link -C embed-bitcode=no -C debuginfo=2 --cfg 'feature="alloc"' --cfg 'feature="default"' --cfg 'feature="std"' --cfg 'feature="unicode"' --check-cfg 'cfg(docsrs,test)' --check-cfg 'cfg(feature, values("alloc", "default", "serde", "std", "unicode"))' -C metadata=549a8ff4ead9cbb7 -C extra-filename=-758bb7fff42be4ac --out-dir /tmp/cargo-mutants-casm-TRDkvl.tmp/target/debug/deps -L dependency=/tmp/cargo-mutants-casm-TRDkvl.tmp/target/debug/deps --extern memchr=/tmp/cargo-mutants-casm-TRDkvl.tmp/target/debug/deps/libmemchr-ac80eb75bd418997.rmeta --extern regex_automata=/tmp/cargo-mutants-casm-TRDkvl.tmp/target/debug/deps/libregex_automata-6f8e5ae466f53dbf.rmeta --cap-lints allow`
   Compiling gix-validate v0.11.3
     Running `/home/srinivasan/.rustup/toolchains/nightly-x86_64-unknown-linux-gnu/bin/rustc --crate-name gix_validate --edition=2024 /home/srinivasan/.cargo/registry/src/index.crates.io-1949cf8c6b5b557f/gix-validate-0.11.3/src/lib.rs --error-format=json --json=diagnostic-rendered-ansi,artifacts,future-incompat --crate-type lib --emit=dep-info,metadata,link -C embed-bitcode=no -C debuginfo=2 '--warn=clippy::pedantic' '--allow=clippy::wildcard_imports' '--allow=clippy::used_underscore_binding' '--allow=clippy::unused_self' '--allow=clippy::unreadable_literal' '--allow=clippy::unnecessary_wraps' '--allow=clippy::unnecessary_join' '--allow=clippy::trivially_copy_pass_by_ref' '--allow=clippy::transmute_ptr_to_ptr' '--allow=clippy::too_many_lines' '--allow=clippy::too_long_first_doc_paragraph' '--allow=clippy::struct_field_names' '--allow=clippy::struct_excessive_bools' '--allow=clippy::stable_sort_primitive' '--allow=clippy::single_match_else' '--allow=clippy::similar_names' '--allow=clippy::should_panic_without_expect' '--allow=clippy::return_self_not_must_use' '--allow=clippy::result_large_err' '--allow=clippy::redundant_else' '--allow=clippy::range_plus_one' '--allow=clippy::option_option' '--allow=clippy::no_effect_underscore_binding' '--allow=clippy::needless_raw_string_hashes' '--allow=clippy::needless_pass_by_value' '--allow=clippy::needless_for_each' '--allow=clippy::needless_continue' '--allow=clippy::naive_bytecount' '--allow=clippy::mut_mut' '--allow=clippy::must_use_candidate' '--allow=clippy::module_name_repetitions' '--allow=clippy::missing_panics_doc' '--allow=clippy::missing_errors_doc' '--allow=clippy::match_wildcard_for_single_variants' '--allow=clippy::match_wild_err_arm' '--allow=clippy::match_same_arms' '--allow=clippy::match_bool' '--allow=clippy::many_single_char_names' '--allow=clippy::manual_string_new' '--allow=clippy::manual_let_else' '--allow=clippy::manual_is_variant_and' '--allow=clippy::manual_assert' '--allow=clippy::large_stack_arrays' '--allow=clippy::large_enum_variant' '--allow=clippy::iter_without_into_iter' '--allow=clippy::iter_not_returning_iterator' '--allow=clippy::items_after_statements' '--allow=clippy::inline_always' '--allow=clippy::inefficient_to_string' '--allow=clippy::inconsistent_struct_constructor' '--allow=clippy::implicit_clone' '--allow=clippy::ignored_unit_patterns' '--allow=clippy::if_not_else' '--allow=clippy::from_iter_instead_of_collect' '--allow=clippy::fn_params_excessive_bools' '--allow=clippy::filter_map_next' '--allow=clippy::explicit_iter_loop' '--allow=clippy::explicit_into_iter_loop' '--allow=clippy::explicit_deref_methods' '--allow=clippy::enum_glob_use' '--allow=clippy::empty_docs' '--allow=clippy::doc_markdown' '--allow=clippy::default_trait_access' '--allow=clippy::copy_iterator' '--allow=clippy::checked_conversions' '--allow=clippy::cast_sign_loss' '--allow=clippy::cast_precision_loss' '--allow=clippy::cast_possible_wrap' '--allow=clippy::cast_possible_truncation' '--allow=clippy::cast_lossless' '--allow=clippy::borrow_as_ptr' '--allow=clippy::bool_to_int_with_if' --check-cfg 'cfg(docsrs,test)' --check-cfg 'cfg(feature, values())' -C metadata=b1e0f352e336f25c -C extra-filename=-fb34b738c47dba73 --out-dir /tmp/cargo-mutants-casm-TRDkvl.tmp/target/debug/deps -L dependency=/tmp/cargo-mutants-casm-TRDkvl.tmp/target/debug/deps --extern bstr=/tmp/cargo-mutants-casm-TRDkvl.tmp/target/debug/deps/libbstr-758bb7fff42be4ac.rmeta --cap-lints allow`
   Compiling gix-path v0.12.3
     Running `/home/srinivasan/.rustup/toolchains/nightly-x86_64-unknown-linux-gnu/bin/rustc --crate-name gix_path --edition=2024 /home/srinivasan/.cargo/registry/src/index.crates.io-1949cf8c6b5b557f/gix-path-0.12.3/src/lib.rs --error-format=json --json=diagnostic-rendered-ansi,artifacts,future-incompat --crate-type lib --emit=dep-info,metadata,link -C embed-bitcode=no -C debuginfo=2 '--warn=clippy::pedantic' '--allow=clippy::wildcard_imports' '--allow=clippy::used_underscore_binding' '--allow=clippy::unused_self' '--allow=clippy::unreadable_literal' '--allow=clippy::unnecessary_wraps' '--allow=clippy::unnecessary_join' '--allow=clippy::trivially_copy_pass_by_ref' '--allow=clippy::transmute_ptr_to_ptr' '--allow=clippy::too_many_lines' '--allow=clippy::too_long_first_doc_paragraph' '--allow=clippy::struct_field_names' '--allow=clippy::struct_excessive_bools' '--allow=clippy::stable_sort_primitive' '--allow=clippy::single_match_else' '--allow=clippy::similar_names' '--allow=clippy::should_panic_without_expect' '--allow=clippy::return_self_not_must_use' '--allow=clippy::result_large_err' '--allow=clippy::redundant_else' '--allow=clippy::range_plus_one' '--allow=clippy::option_option' '--allow=clippy::no_effect_underscore_binding' '--allow=clippy::needless_raw_string_hashes' '--allow=clippy::needless_pass_by_value' '--allow=clippy::needless_for_each' '--allow=clippy::needless_continue' '--allow=clippy::naive_bytecount' '--allow=clippy::mut_mut' '--allow=clippy::must_use_candidate' '--allow=clippy::module_name_repetitions' '--allow=clippy::missing_panics_doc' '--allow=clippy::missing_errors_doc' '--allow=clippy::match_wildcard_for_single_variants' '--allow=clippy::match_wild_err_arm' '--allow=clippy::match_same_arms' '--allow=clippy::match_bool' '--allow=clippy::many_single_char_names' '--allow=clippy::manual_string_new' '--allow=clippy::manual_let_else' '--allow=clippy::manual_is_variant_and' '--allow=clippy::manual_assert' '--allow=clippy::large_stack_arrays' '--allow=clippy::large_enum_variant' '--allow=clippy::iter_without_into_iter' '--allow=clippy::iter_not_returning_iterator' '--allow=clippy::items_after_statements' '--allow=clippy::inline_always' '--allow=clippy::inefficient_to_string' '--allow=clippy::inconsistent_struct_constructor' '--allow=clippy::implicit_clone' '--allow=clippy::ignored_unit_patterns' '--allow=clippy::if_not_else' '--allow=clippy::from_iter_instead_of_collect' '--allow=clippy::fn_params_excessive_bools' '--allow=clippy::filter_map_next' '--allow=clippy::explicit_iter_loop' '--allow=clippy::explicit_into_iter_loop' '--allow=clippy::explicit_deref_methods' '--allow=clippy::enum_glob_use' '--allow=clippy::empty_docs' '--allow=clippy::doc_markdown' '--allow=clippy::default_trait_access' '--allow=clippy::copy_iterator' '--allow=clippy::checked_conversions' '--allow=clippy::cast_sign_loss' '--allow=clippy::cast_precision_loss' '--allow=clippy::cast_possible_wrap' '--allow=clippy::cast_possible_truncation' '--allow=clippy::cast_lossless' '--allow=clippy::borrow_as_ptr' '--allow=clippy::bool_to_int_with_if' --check-cfg 'cfg(docsrs,test)' --check-cfg 'cfg(feature, values())' -C metadata=8e702c0f04cefa63 -C extra-filename=-e88847596dde5b26 --out-dir /tmp/cargo-mutants-casm-TRDkvl.tmp/target/debug/deps -L dependency=/tmp/cargo-mutants-casm-TRDkvl.tmp/target/debug/deps --extern bstr=/tmp/cargo-mutants-casm-TRDkvl.tmp/target/debug/deps/libbstr-758bb7fff42be4ac.rmeta --extern gix_trace=/tmp/cargo-mutants-casm-TRDkvl.tmp/target/debug/deps/libgix_trace-fe3ae1ba08dc3b9c.rmeta --extern gix_validate=/tmp/cargo-mutants-casm-TRDkvl.tmp/target/debug/deps/libgix_validate-fb34b738c47dba73.rmeta --extern thiserror=/tmp/cargo-mutants-casm-TRDkvl.tmp/target/debug/deps/libthiserror-fe33048ba8aef29c.rmeta --cap-lints allow`
   Compiling gix-utils v0.3.5
     Running `/home/srinivasan/.rustup/toolchains/nightly-x86_64-unknown-linux-gnu/bin/rustc --crate-name gix_utils --edition=2024 /home/srinivasan/.cargo/registry/src/index.crates.io-1949cf8c6b5b557f/gix-utils-0.3.5/src/lib.rs --error-format=json --json=diagnostic-rendered-ansi,artifacts,future-incompat --crate-type lib --emit=dep-info,metadata,link -C embed-bitcode=no -C debuginfo=2 '--warn=clippy::pedantic' '--allow=clippy::wildcard_imports' '--allow=clippy::used_underscore_binding' '--allow=clippy::unused_self' '--allow=clippy::unreadable_literal' '--allow=clippy::unnecessary_wraps' '--allow=clippy::unnecessary_join' '--allow=clippy::trivially_copy_pass_by_ref' '--allow=clippy::transmute_ptr_to_ptr' '--allow=clippy::too_many_lines' '--allow=clippy::too_long_first_doc_paragraph' '--allow=clippy::struct_field_names' '--allow=clippy::struct_excessive_bools' '--allow=clippy::stable_sort_primitive' '--allow=clippy::single_match_else' '--allow=clippy::similar_names' '--allow=clippy::should_panic_without_expect' '--allow=clippy::return_self_not_must_use' '--allow=clippy::result_large_err' '--allow=clippy::redundant_else' '--allow=clippy::range_plus_one' '--allow=clippy::option_option' '--allow=clippy::no_effect_underscore_binding' '--allow=clippy::needless_raw_string_hashes' '--allow=clippy::needless_pass_by_value' '--allow=clippy::needless_for_each' '--allow=clippy::needless_continue' '--allow=clippy::naive_bytecount' '--allow=clippy::mut_mut' '--allow=clippy::must_use_candidate' '--allow=clippy::module_name_repetitions' '--allow=clippy::missing_panics_doc' '--allow=clippy::missing_errors_doc' '--allow=clippy::match_wildcard_for_single_variants' '--allow=clippy::match_wild_err_arm' '--allow=clippy::match_same_arms' '--allow=clippy::match_bool' '--allow=clippy::many_single_char_names' '--allow=clippy::manual_string_new' '--allow=clippy::manual_let_else' '--allow=clippy::manual_is_variant_and' '--allow=clippy::manual_assert' '--allow=clippy::large_stack_arrays' '--allow=clippy::large_enum_variant' '--allow=clippy::iter_without_into_iter' '--allow=clippy::iter_not_returning_iterator' '--allow=clippy::items_after_statements' '--allow=clippy::inline_always' '--allow=clippy::inefficient_to_string' '--allow=clippy::inconsistent_struct_constructor' '--allow=clippy::implicit_clone' '--allow=clippy::ignored_unit_patterns' '--allow=clippy::if_not_else' '--allow=clippy::from_iter_instead_of_collect' '--allow=clippy::fn_params_excessive_bools' '--allow=clippy::filter_map_next' '--allow=clippy::explicit_iter_loop' '--allow=clippy::explicit_into_iter_loop' '--allow=clippy::explicit_deref_methods' '--allow=clippy::enum_glob_use' '--allow=clippy::empty_docs' '--allow=clippy::doc_markdown' '--allow=clippy::default_trait_access' '--allow=clippy::copy_iterator' '--allow=clippy::checked_conversions' '--allow=clippy::cast_sign_loss' '--allow=clippy::cast_precision_loss' '--allow=clippy::cast_possible_wrap' '--allow=clippy::cast_possible_truncation' '--allow=clippy::cast_lossless' '--allow=clippy::borrow_as_ptr' '--allow=clippy::bool_to_int_with_if' --cfg 'feature="bstr"' --check-cfg 'cfg(docsrs,test)' --check-cfg 'cfg(feature, values("bstr"))' -C metadata=f93314ea568d5ff2 -C extra-filename=-f89e2ad74b12d7b1 --out-dir /tmp/cargo-mutants-casm-TRDkvl.tmp/target/debug/deps -L dependency=/tmp/cargo-mutants-casm-TRDkvl.tmp/target/debug/deps --extern bstr=/tmp/cargo-mutants-casm-TRDkvl.tmp/target/debug/deps/libbstr-758bb7fff42be4ac.rmeta --extern fastrand=/tmp/cargo-mutants-casm-TRDkvl.tmp/target/debug/deps/libfastrand-5349ff8b2560d343.rmeta --extern getrandom=/tmp/cargo-mutants-casm-TRDkvl.tmp/target/debug/deps/libgetrandom-c26ad080102d3720.rmeta --extern unicode_normalization=/tmp/cargo-mutants-casm-TRDkvl.tmp/target/debug/deps/libunicode_normalization-72c5c0f1844d23ef.rmeta --cap-lints allow`
   Compiling gix-features v0.49.0
     Running `/home/srinivasan/.rustup/toolchains/nightly-x86_64-unknown-linux-gnu/bin/rustc --crate-name gix_features --edition=2024 /home/srinivasan/.cargo/registry/src/index.crates.io-1949cf8c6b5b557f/gix-features-0.49.0/src/lib.rs --error-format=json --json=diagnostic-rendered-ansi,artifacts,future-incompat --crate-type lib --emit=dep-info,metadata,link -C embed-bitcode=no -C debuginfo=2 '--warn=clippy::pedantic' '--allow=clippy::wildcard_imports' '--allow=clippy::used_underscore_binding' '--allow=clippy::unused_self' '--allow=clippy::unreadable_literal' '--allow=clippy::unnecessary_wraps' '--allow=clippy::unnecessary_join' '--allow=clippy::trivially_copy_pass_by_ref' '--allow=clippy::transmute_ptr_to_ptr' '--allow=clippy::too_many_lines' '--allow=clippy::too_long_first_doc_paragraph' '--allow=clippy::struct_field_names' '--allow=clippy::struct_excessive_bools' '--allow=clippy::stable_sort_primitive' '--allow=clippy::single_match_else' '--allow=clippy::similar_names' '--allow=clippy::should_panic_without_expect' '--allow=clippy::return_self_not_must_use' '--allow=clippy::result_large_err' '--allow=clippy::redundant_else' '--allow=clippy::range_plus_one' '--allow=clippy::option_option' '--allow=clippy::no_effect_underscore_binding' '--allow=clippy::needless_raw_string_hashes' '--allow=clippy::needless_pass_by_value' '--allow=clippy::needless_for_each' '--allow=clippy::needless_continue' '--allow=clippy::naive_bytecount' '--allow=clippy::mut_mut' '--allow=clippy::must_use_candidate' '--allow=clippy::module_name_repetitions' '--allow=clippy::missing_panics_doc' '--allow=clippy::missing_errors_doc' '--allow=clippy::match_wildcard_for_single_variants' '--allow=clippy::match_wild_err_arm' '--allow=clippy::match_same_arms' '--allow=clippy::match_bool' '--allow=clippy::many_single_char_names' '--allow=clippy::manual_string_new' '--allow=clippy::manual_let_else' '--allow=clippy::manual_is_variant_and' '--allow=clippy::manual_assert' '--allow=clippy::large_stack_arrays' '--allow=clippy::large_enum_variant' '--allow=clippy::iter_without_into_iter' '--allow=clippy::iter_not_returning_iterator' '--allow=clippy::items_after_statements' '--allow=clippy::inline_always' '--allow=clippy::inefficient_to_string' '--allow=clippy::inconsistent_struct_constructor' '--allow=clippy::implicit_clone' '--allow=clippy::ignored_unit_patterns' '--allow=clippy::if_not_else' '--allow=clippy::from_iter_instead_of_collect' '--allow=clippy::fn_params_excessive_bools' '--allow=clippy::filter_map_next' '--allow=clippy::explicit_iter_loop' '--allow=clippy::explicit_into_iter_loop' '--allow=clippy::explicit_deref_methods' '--allow=clippy::enum_glob_use' '--allow=clippy::empty_docs' '--allow=clippy::doc_markdown' '--allow=clippy::default_trait_access' '--allow=clippy::copy_iterator' '--allow=clippy::checked_conversions' '--allow=clippy::cast_sign_loss' '--allow=clippy::cast_precision_loss' '--allow=clippy::cast_possible_wrap' '--allow=clippy::cast_possible_truncation' '--allow=clippy::cast_lossless' '--allow=clippy::borrow_as_ptr' '--allow=clippy::bool_to_int_with_if' --cfg 'feature="crc32"' --cfg 'feature="default"' --cfg 'feature="fs-read-dir"' --cfg 'feature="once_cell"' --cfg 'feature="parallel"' --cfg 'feature="prodash"' --cfg 'feature="progress"' --cfg 'feature="walkdir"' --check-cfg 'cfg(docsrs,test)' --check-cfg 'cfg(feature, values("cache-efficiency-debug", "crc32", "default", "document-features", "fs-read-dir", "io-pipe", "once_cell", "parallel", "prodash", "progress", "progress-unit-bytes", "progress-unit-human-numbers", "tracing", "tracing-detail", "walkdir"))' -C metadata=ca27c6dfbc58f1c9 -C extra-filename=-713935214e3e3aac --out-dir /tmp/cargo-mutants-casm-TRDkvl.tmp/target/debug/deps -L dependency=/tmp/cargo-mutants-casm-TRDkvl.tmp/target/debug/deps --extern crc32fast=/tmp/cargo-mutants-casm-TRDkvl.tmp/target/debug/deps/libcrc32fast-708b19cc9b243303.rmeta --extern crossbeam_channel=/tmp/cargo-mutants-casm-TRDkvl.tmp/target/debug/deps/libcrossbeam_channel-980e142a4b6fb5ca.rmeta --extern gix_path=/tmp/cargo-mutants-casm-TRDkvl.tmp/target/debug/deps/libgix_path-e88847596dde5b26.rmeta --extern gix_trace=/tmp/cargo-mutants-casm-TRDkvl.tmp/target/debug/deps/libgix_trace-fe3ae1ba08dc3b9c.rmeta --extern gix_utils=/tmp/cargo-mutants-casm-TRDkvl.tmp/target/debug/deps/libgix_utils-f89e2ad74b12d7b1.rmeta --extern libc=/tmp/cargo-mutants-casm-TRDkvl.tmp/target/debug/deps/liblibc-65418387ff813146.rmeta --extern once_cell=/tmp/cargo-mutants-casm-TRDkvl.tmp/target/debug/deps/libonce_cell-b1fd511a994cb72e.rmeta --extern parking_lot=/tmp/cargo-mutants-casm-TRDkvl.tmp/target/debug/deps/libparking_lot-39ddd99db7181d60.rmeta --extern prodash=/tmp/cargo-mutants-casm-TRDkvl.tmp/target/debug/deps/libprodash-11e897c2a77e837c.rmeta --extern walkdir=/tmp/cargo-mutants-casm-TRDkvl.tmp/target/debug/deps/libwalkdir-3557b61e28119794.rmeta --cap-lints allow`
   Compiling gix-error v0.2.5
     Running `/home/srinivasan/.rustup/toolchains/nightly-x86_64-unknown-linux-gnu/bin/rustc --crate-name gix_error --edition=2024 /home/srinivasan/.cargo/registry/src/index.crates.io-1949cf8c6b5b557f/gix-error-0.2.5/src/lib.rs --error-format=json --json=diagnostic-rendered-ansi,artifacts,future-incompat --crate-type lib --emit=dep-info,metadata,link -C embed-bitcode=no -C debuginfo=2 '--warn=clippy::pedantic' '--allow=clippy::wildcard_imports' '--allow=clippy::used_underscore_binding' '--allow=clippy::unused_self' '--allow=clippy::unreadable_literal' '--allow=clippy::unnecessary_wraps' '--allow=clippy::unnecessary_join' '--allow=clippy::trivially_copy_pass_by_ref' '--allow=clippy::transmute_ptr_to_ptr' '--allow=clippy::too_many_lines' '--allow=clippy::too_long_first_doc_paragraph' '--allow=clippy::struct_field_names' '--allow=clippy::struct_excessive_bools' '--allow=clippy::stable_sort_primitive' '--allow=clippy::single_match_else' '--allow=clippy::similar_names' '--allow=clippy::should_panic_without_expect' '--allow=clippy::return_self_not_must_use' '--allow=clippy::result_large_err' '--allow=clippy::redundant_else' '--allow=clippy::range_plus_one' '--allow=clippy::option_option' '--allow=clippy::no_effect_underscore_binding' '--allow=clippy::needless_raw_string_hashes' '--allow=clippy::needless_pass_by_value' '--allow=clippy::needless_for_each' '--allow=clippy::needless_continue' '--allow=clippy::naive_bytecount' '--allow=clippy::mut_mut' '--allow=clippy::must_use_candidate' '--allow=clippy::module_name_repetitions' '--allow=clippy::missing_panics_doc' '--allow=clippy::missing_errors_doc' '--allow=clippy::match_wildcard_for_single_variants' '--allow=clippy::match_wild_err_arm' '--allow=clippy::match_same_arms' '--allow=clippy::match_bool' '--allow=clippy::many_single_char_names' '--allow=clippy::manual_string_new' '--allow=clippy::manual_let_else' '--allow=clippy::manual_is_variant_and' '--allow=clippy::manual_assert' '--allow=clippy::large_stack_arrays' '--allow=clippy::large_enum_variant' '--allow=clippy::iter_without_into_iter' '--allow=clippy::iter_not_returning_iterator' '--allow=clippy::items_after_statements' '--allow=clippy::inline_always' '--allow=clippy::inefficient_to_string' '--allow=clippy::inconsistent_struct_constructor' '--allow=clippy::implicit_clone' '--allow=clippy::ignored_unit_patterns' '--allow=clippy::if_not_else' '--allow=clippy::from_iter_instead_of_collect' '--allow=clippy::fn_params_excessive_bools' '--allow=clippy::filter_map_next' '--allow=clippy::explicit_iter_loop' '--allow=clippy::explicit_into_iter_loop' '--allow=clippy::explicit_deref_methods' '--allow=clippy::enum_glob_use' '--allow=clippy::empty_docs' '--allow=clippy::doc_markdown' '--allow=clippy::default_trait_access' '--allow=clippy::copy_iterator' '--allow=clippy::checked_conversions' '--allow=clippy::cast_sign_loss' '--allow=clippy::cast_precision_loss' '--allow=clippy::cast_possible_wrap' '--allow=clippy::cast_possible_truncation' '--allow=clippy::cast_lossless' '--allow=clippy::borrow_as_ptr' '--allow=clippy::bool_to_int_with_if' --check-cfg 'cfg(docsrs,test)' --check-cfg 'cfg(feature, values("anyhow", "auto-chain-error", "document-features", "tree-error"))' -C metadata=3adc28185e009249 -C extra-filename=-6f73a96eee96ca09 --out-dir /tmp/cargo-mutants-casm-TRDkvl.tmp/target/debug/deps -L dependency=/tmp/cargo-mutants-casm-TRDkvl.tmp/target/debug/deps --extern bstr=/tmp/cargo-mutants-casm-TRDkvl.tmp/target/debug/deps/libbstr-758bb7fff42be4ac.rmeta --cap-lints allow`
   Compiling gix-hash v0.26.0
     Running `/home/srinivasan/.rustup/toolchains/nightly-x86_64-unknown-linux-gnu/bin/rustc --crate-name gix_hash --edition=2024 /home/srinivasan/.cargo/registry/src/index.crates.io-1949cf8c6b5b557f/gix-hash-0.26.0/src/lib.rs --error-format=json --json=diagnostic-rendered-ansi,artifacts,future-incompat --crate-type lib --emit=dep-info,metadata,link -C embed-bitcode=no -C debuginfo=2 '--warn=clippy::pedantic' '--allow=clippy::wildcard_imports' '--allow=clippy::used_underscore_binding' '--allow=clippy::unused_self' '--allow=clippy::unreadable_literal' '--allow=clippy::unnecessary_wraps' '--allow=clippy::unnecessary_join' '--allow=clippy::trivially_copy_pass_by_ref' '--allow=clippy::transmute_ptr_to_ptr' '--allow=clippy::too_many_lines' '--allow=clippy::too_long_first_doc_paragraph' '--allow=clippy::struct_field_names' '--allow=clippy::struct_excessive_bools' '--allow=clippy::stable_sort_primitive' '--allow=clippy::single_match_else' '--allow=clippy::similar_names' '--allow=clippy::should_panic_without_expect' '--allow=clippy::return_self_not_must_use' '--allow=clippy::result_large_err' '--allow=clippy::redundant_else' '--allow=clippy::range_plus_one' '--allow=clippy::option_option' '--allow=clippy::no_effect_underscore_binding' '--allow=clippy::needless_raw_string_hashes' '--allow=clippy::needless_pass_by_value' '--allow=clippy::needless_for_each' '--allow=clippy::needless_continue' '--allow=clippy::naive_bytecount' '--allow=clippy::mut_mut' '--allow=clippy::must_use_candidate' '--allow=clippy::module_name_repetitions' '--allow=clippy::missing_panics_doc' '--allow=clippy::missing_errors_doc' '--allow=clippy::match_wildcard_for_single_variants' '--allow=clippy::match_wild_err_arm' '--allow=clippy::match_same_arms' '--allow=clippy::match_bool' '--allow=clippy::many_single_char_names' '--allow=clippy::manual_string_new' '--allow=clippy::manual_let_else' '--allow=clippy::manual_is_variant_and' '--allow=clippy::manual_assert' '--allow=clippy::large_stack_arrays' '--allow=clippy::large_enum_variant' '--allow=clippy::iter_without_into_iter' '--allow=clippy::iter_not_returning_iterator' '--allow=clippy::items_after_statements' '--allow=clippy::inline_always' '--allow=clippy::inefficient_to_string' '--allow=clippy::inconsistent_struct_constructor' '--allow=clippy::implicit_clone' '--allow=clippy::ignored_unit_patterns' '--allow=clippy::if_not_else' '--allow=clippy::from_iter_instead_of_collect' '--allow=clippy::fn_params_excessive_bools' '--allow=clippy::filter_map_next' '--allow=clippy::explicit_iter_loop' '--allow=clippy::explicit_into_iter_loop' '--allow=clippy::explicit_deref_methods' '--allow=clippy::enum_glob_use' '--allow=clippy::empty_docs' '--allow=clippy::doc_markdown' '--allow=clippy::default_trait_access' '--allow=clippy::copy_iterator' '--allow=clippy::checked_conversions' '--allow=clippy::cast_sign_loss' '--allow=clippy::cast_precision_loss' '--allow=clippy::cast_possible_wrap' '--allow=clippy::cast_possible_truncation' '--allow=clippy::cast_lossless' '--allow=clippy::borrow_as_ptr' '--allow=clippy::bool_to_int_with_if' --cfg 'feature="default"' --cfg 'feature="sha1"' --check-cfg 'cfg(docsrs,test)' --check-cfg 'cfg(feature, values("default", "document-features", "serde", "sha1", "sha256"))' -C metadata=9a42d7c5feae49de -C extra-filename=-7e6e2d7296131b6f --out-dir /tmp/cargo-mutants-casm-TRDkvl.tmp/target/debug/deps -L dependency=/tmp/cargo-mutants-casm-TRDkvl.tmp/target/debug/deps --extern faster_hex=/tmp/cargo-mutants-casm-TRDkvl.tmp/target/debug/deps/libfaster_hex-5c80c370e0c410ba.rmeta --extern gix_features=/tmp/cargo-mutants-casm-TRDkvl.tmp/target/debug/deps/libgix_features-713935214e3e3aac.rmeta --extern sha1_checked=/tmp/cargo-mutants-casm-TRDkvl.tmp/target/debug/deps/libsha1_checked-f2ae1a2778d69435.rmeta --extern thiserror=/tmp/cargo-mutants-casm-TRDkvl.tmp/target/debug/deps/libthiserror-fe33048ba8aef29c.rmeta --cap-lints allow`
   Compiling gix-date v0.15.6
     Running `/home/srinivasan/.rustup/toolchains/nightly-x86_64-unknown-linux-gnu/bin/rustc --crate-name gix_date --edition=2024 /home/srinivasan/.cargo/registry/src/index.crates.io-1949cf8c6b5b557f/gix-date-0.15.6/src/lib.rs --error-format=json --json=diagnostic-rendered-ansi,artifacts,future-incompat --crate-type lib --emit=dep-info,metadata,link -C embed-bitcode=no -C debuginfo=2 '--warn=clippy::pedantic' '--allow=clippy::wildcard_imports' '--allow=clippy::used_underscore_binding' '--allow=clippy::unused_self' '--allow=clippy::unreadable_literal' '--allow=clippy::unnecessary_wraps' '--allow=clippy::unnecessary_join' '--allow=clippy::trivially_copy_pass_by_ref' '--allow=clippy::transmute_ptr_to_ptr' '--allow=clippy::too_many_lines' '--allow=clippy::too_long_first_doc_paragraph' '--allow=clippy::struct_field_names' '--allow=clippy::struct_excessive_bools' '--allow=clippy::stable_sort_primitive' '--allow=clippy::single_match_else' '--allow=clippy::similar_names' '--allow=clippy::should_panic_without_expect' '--allow=clippy::return_self_not_must_use' '--allow=clippy::result_large_err' '--allow=clippy::redundant_else' '--allow=clippy::range_plus_one' '--allow=clippy::option_option' '--allow=clippy::no_effect_underscore_binding' '--allow=clippy::needless_raw_string_hashes' '--allow=clippy::needless_pass_by_value' '--allow=clippy::needless_for_each' '--allow=clippy::needless_continue' '--allow=clippy::naive_bytecount' '--allow=clippy::mut_mut' '--allow=clippy::must_use_candidate' '--allow=clippy::module_name_repetitions' '--allow=clippy::missing_panics_doc' '--allow=clippy::missing_errors_doc' '--allow=clippy::match_wildcard_for_single_variants' '--allow=clippy::match_wild_err_arm' '--allow=clippy::match_same_arms' '--allow=clippy::match_bool' '--allow=clippy::many_single_char_names' '--allow=clippy::manual_string_new' '--allow=clippy::manual_let_else' '--allow=clippy::manual_is_variant_and' '--allow=clippy::manual_assert' '--allow=clippy::large_stack_arrays' '--allow=clippy::large_enum_variant' '--allow=clippy::iter_without_into_iter' '--allow=clippy::iter_not_returning_iterator' '--allow=clippy::items_after_statements' '--allow=clippy::inline_always' '--allow=clippy::inefficient_to_string' '--allow=clippy::inconsistent_struct_constructor' '--allow=clippy::implicit_clone' '--allow=clippy::ignored_unit_patterns' '--allow=clippy::if_not_else' '--allow=clippy::from_iter_instead_of_collect' '--allow=clippy::fn_params_excessive_bools' '--allow=clippy::filter_map_next' '--allow=clippy::explicit_iter_loop' '--allow=clippy::explicit_into_iter_loop' '--allow=clippy::explicit_deref_methods' '--allow=clippy::enum_glob_use' '--allow=clippy::empty_docs' '--allow=clippy::doc_markdown' '--allow=clippy::default_trait_access' '--allow=clippy::copy_iterator' '--allow=clippy::checked_conversions' '--allow=clippy::cast_sign_loss' '--allow=clippy::cast_precision_loss' '--allow=clippy::cast_possible_wrap' '--allow=clippy::cast_possible_truncation' '--allow=clippy::cast_lossless' '--allow=clippy::borrow_as_ptr' '--allow=clippy::bool_to_int_with_if' --check-cfg 'cfg(docsrs,test)' --check-cfg 'cfg(feature, values("document-features", "serde"))' -C metadata=1d7372ac12d2e765 -C extra-filename=-fb80d222313d564b --out-dir /tmp/cargo-mutants-casm-TRDkvl.tmp/target/debug/deps -L dependency=/tmp/cargo-mutants-casm-TRDkvl.tmp/target/debug/deps --extern bstr=/tmp/cargo-mutants-casm-TRDkvl.tmp/target/debug/deps/libbstr-758bb7fff42be4ac.rmeta --extern gix_error=/tmp/cargo-mutants-casm-TRDkvl.tmp/target/debug/deps/libgix_error-6f73a96eee96ca09.rmeta --extern itoa=/tmp/cargo-mutants-casm-TRDkvl.tmp/target/debug/deps/libitoa-6a6d3f3d53caa1d6.rmeta --extern jiff=/tmp/cargo-mutants-casm-TRDkvl.tmp/target/debug/deps/libjiff-3299f6ff8dbc1951.rmeta --cap-lints allow`
   Compiling gix-actor v0.41.2
     Running `/home/srinivasan/.rustup/toolchains/nightly-x86_64-unknown-linux-gnu/bin/rustc --crate-name gix_actor --edition=2024 /home/srinivasan/.cargo/registry/src/index.crates.io-1949cf8c6b5b557f/gix-actor-0.41.2/src/lib.rs --error-format=json --json=diagnostic-rendered-ansi,artifacts,future-incompat --crate-type lib --emit=dep-info,metadata,link -C embed-bitcode=no -C debuginfo=2 '--warn=clippy::pedantic' '--allow=clippy::wildcard_imports' '--allow=clippy::used_underscore_binding' '--allow=clippy::unused_self' '--allow=clippy::unreadable_literal' '--allow=clippy::unnecessary_wraps' '--allow=clippy::unnecessary_join' '--allow=clippy::trivially_copy_pass_by_ref' '--allow=clippy::transmute_ptr_to_ptr' '--allow=clippy::too_many_lines' '--allow=clippy::too_long_first_doc_paragraph' '--allow=clippy::struct_field_names' '--allow=clippy::struct_excessive_bools' '--allow=clippy::stable_sort_primitive' '--allow=clippy::single_match_else' '--allow=clippy::similar_names' '--allow=clippy::should_panic_without_expect' '--allow=clippy::return_self_not_must_use' '--allow=clippy::result_large_err' '--allow=clippy::redundant_else' '--allow=clippy::range_plus_one' '--allow=clippy::option_option' '--allow=clippy::no_effect_underscore_binding' '--allow=clippy::needless_raw_string_hashes' '--allow=clippy::needless_pass_by_value' '--allow=clippy::needless_for_each' '--allow=clippy::needless_continue' '--allow=clippy::naive_bytecount' '--allow=clippy::mut_mut' '--allow=clippy::must_use_candidate' '--allow=clippy::module_name_repetitions' '--allow=clippy::missing_panics_doc' '--allow=clippy::missing_errors_doc' '--allow=clippy::match_wildcard_for_single_variants' '--allow=clippy::match_wild_err_arm' '--allow=clippy::match_same_arms' '--allow=clippy::match_bool' '--allow=clippy::many_single_char_names' '--allow=clippy::manual_string_new' '--allow=clippy::manual_let_else' '--allow=clippy::manual_is_variant_and' '--allow=clippy::manual_assert' '--allow=clippy::large_stack_arrays' '--allow=clippy::large_enum_variant' '--allow=clippy::iter_without_into_iter' '--allow=clippy::iter_not_returning_iterator' '--allow=clippy::items_after_statements' '--allow=clippy::inline_always' '--allow=clippy::inefficient_to_string' '--allow=clippy::inconsistent_struct_constructor' '--allow=clippy::implicit_clone' '--allow=clippy::ignored_unit_patterns' '--allow=clippy::if_not_else' '--allow=clippy::from_iter_instead_of_collect' '--allow=clippy::fn_params_excessive_bools' '--allow=clippy::filter_map_next' '--allow=clippy::explicit_iter_loop' '--allow=clippy::explicit_into_iter_loop' '--allow=clippy::explicit_deref_methods' '--allow=clippy::enum_glob_use' '--allow=clippy::empty_docs' '--allow=clippy::doc_markdown' '--allow=clippy::default_trait_access' '--allow=clippy::copy_iterator' '--allow=clippy::checked_conversions' '--allow=clippy::cast_sign_loss' '--allow=clippy::cast_precision_loss' '--allow=clippy::cast_possible_wrap' '--allow=clippy::cast_possible_truncation' '--allow=clippy::cast_lossless' '--allow=clippy::borrow_as_ptr' '--allow=clippy::bool_to_int_with_if' --check-cfg 'cfg(docsrs,test)' --check-cfg 'cfg(feature, values("document-features", "serde"))' -C metadata=ac66af5bec8349e3 -C extra-filename=-5864699ba2bb589a --out-dir /tmp/cargo-mutants-casm-TRDkvl.tmp/target/debug/deps -L dependency=/tmp/cargo-mutants-casm-TRDkvl.tmp/target/debug/deps --extern bstr=/tmp/cargo-mutants-casm-TRDkvl.tmp/target/debug/deps/libbstr-758bb7fff42be4ac.rmeta --extern gix_date=/tmp/cargo-mutants-casm-TRDkvl.tmp/target/debug/deps/libgix_date-fb80d222313d564b.rmeta --extern gix_error=/tmp/cargo-mutants-casm-TRDkvl.tmp/target/debug/deps/libgix_error-6f73a96eee96ca09.rmeta --cap-lints allow`
   Compiling gix-hashtable v0.16.0
     Running `/home/srinivasan/.rustup/toolchains/nightly-x86_64-unknown-linux-gnu/bin/rustc --crate-name gix_hashtable --edition=2024 /home/srinivasan/.cargo/registry/src/index.crates.io-1949cf8c6b5b557f/gix-hashtable-0.16.0/src/lib.rs --error-format=json --json=diagnostic-rendered-ansi,artifacts,future-incompat --crate-type lib --emit=dep-info,metadata,link -C embed-bitcode=no -C debuginfo=2 '--warn=clippy::pedantic' '--allow=clippy::wildcard_imports' '--allow=clippy::used_underscore_binding' '--allow=clippy::unused_self' '--allow=clippy::unreadable_literal' '--allow=clippy::unnecessary_wraps' '--allow=clippy::unnecessary_join' '--allow=clippy::trivially_copy_pass_by_ref' '--allow=clippy::transmute_ptr_to_ptr' '--allow=clippy::too_many_lines' '--allow=clippy::too_long_first_doc_paragraph' '--allow=clippy::struct_field_names' '--allow=clippy::struct_excessive_bools' '--allow=clippy::stable_sort_primitive' '--allow=clippy::single_match_else' '--allow=clippy::similar_names' '--allow=clippy::should_panic_without_expect' '--allow=clippy::return_self_not_must_use' '--allow=clippy::result_large_err' '--allow=clippy::redundant_else' '--allow=clippy::range_plus_one' '--allow=clippy::option_option' '--allow=clippy::no_effect_underscore_binding' '--allow=clippy::needless_raw_string_hashes' '--allow=clippy::needless_pass_by_value' '--allow=clippy::needless_for_each' '--allow=clippy::needless_continue' '--allow=clippy::naive_bytecount' '--allow=clippy::mut_mut' '--allow=clippy::must_use_candidate' '--allow=clippy::module_name_repetitions' '--allow=clippy::missing_panics_doc' '--allow=clippy::missing_errors_doc' '--allow=clippy::match_wildcard_for_single_variants' '--allow=clippy::match_wild_err_arm' '--allow=clippy::match_same_arms' '--allow=clippy::match_bool' '--allow=clippy::many_single_char_names' '--allow=clippy::manual_string_new' '--allow=clippy::manual_let_else' '--allow=clippy::manual_is_variant_and' '--allow=clippy::manual_assert' '--allow=clippy::large_stack_arrays' '--allow=clippy::large_enum_variant' '--allow=clippy::iter_without_into_iter' '--allow=clippy::iter_not_returning_iterator' '--allow=clippy::items_after_statements' '--allow=clippy::inline_always' '--allow=clippy::inefficient_to_string' '--allow=clippy::inconsistent_struct_constructor' '--allow=clippy::implicit_clone' '--allow=clippy::ignored_unit_patterns' '--allow=clippy::if_not_else' '--allow=clippy::from_iter_instead_of_collect' '--allow=clippy::fn_params_excessive_bools' '--allow=clippy::filter_map_next' '--allow=clippy::explicit_iter_loop' '--allow=clippy::explicit_into_iter_loop' '--allow=clippy::explicit_deref_methods' '--allow=clippy::enum_glob_use' '--allow=clippy::empty_docs' '--allow=clippy::doc_markdown' '--allow=clippy::default_trait_access' '--allow=clippy::copy_iterator' '--allow=clippy::checked_conversions' '--allow=clippy::cast_sign_loss' '--allow=clippy::cast_precision_loss' '--allow=clippy::cast_possible_wrap' '--allow=clippy::cast_possible_truncation' '--allow=clippy::cast_lossless' '--allow=clippy::borrow_as_ptr' '--allow=clippy::bool_to_int_with_if' --check-cfg 'cfg(docsrs,test)' --check-cfg 'cfg(feature, values("sha1", "sha256"))' -C metadata=00cbe481c2a1e2bd -C extra-filename=-9aad3c190611bfca --out-dir /tmp/cargo-mutants-casm-TRDkvl.tmp/target/debug/deps -L dependency=/tmp/cargo-mutants-casm-TRDkvl.tmp/target/debug/deps --extern gix_hash=/tmp/cargo-mutants-casm-TRDkvl.tmp/target/debug/deps/libgix_hash-7e6e2d7296131b6f.rmeta --extern hashbrown=/tmp/cargo-mutants-casm-TRDkvl.tmp/target/debug/deps/libhashbrown-9a41c5781a4c5195.rmeta --extern parking_lot=/tmp/cargo-mutants-casm-TRDkvl.tmp/target/debug/deps/libparking_lot-39ddd99db7181d60.rmeta --cap-lints allow`
   Compiling gix-object v0.63.0
     Running `/home/srinivasan/.rustup/toolchains/nightly-x86_64-unknown-linux-gnu/bin/rustc --crate-name gix_object --edition=2024 /home/srinivasan/.cargo/registry/src/index.crates.io-1949cf8c6b5b557f/gix-object-0.63.0/src/lib.rs --error-format=json --json=diagnostic-rendered-ansi,artifacts,future-incompat --crate-type lib --emit=dep-info,metadata,link -C embed-bitcode=no -C debuginfo=2 '--warn=clippy::pedantic' '--allow=clippy::wildcard_imports' '--allow=clippy::used_underscore_binding' '--allow=clippy::unused_self' '--allow=clippy::unreadable_literal' '--allow=clippy::unnecessary_wraps' '--allow=clippy::unnecessary_join' '--allow=clippy::trivially_copy_pass_by_ref' '--allow=clippy::transmute_ptr_to_ptr' '--allow=clippy::too_many_lines' '--allow=clippy::too_long_first_doc_paragraph' '--allow=clippy::struct_field_names' '--allow=clippy::struct_excessive_bools' '--allow=clippy::stable_sort_primitive' '--allow=clippy::single_match_else' '--allow=clippy::similar_names' '--allow=clippy::should_panic_without_expect' '--allow=clippy::return_self_not_must_use' '--allow=clippy::result_large_err' '--allow=clippy::redundant_else' '--allow=clippy::range_plus_one' '--allow=clippy::option_option' '--allow=clippy::no_effect_underscore_binding' '--allow=clippy::needless_raw_string_hashes' '--allow=clippy::needless_pass_by_value' '--allow=clippy::needless_for_each' '--allow=clippy::needless_continue' '--allow=clippy::naive_bytecount' '--allow=clippy::mut_mut' '--allow=clippy::must_use_candidate' '--allow=clippy::module_name_repetitions' '--allow=clippy::missing_panics_doc' '--allow=clippy::missing_errors_doc' '--allow=clippy::match_wildcard_for_single_variants' '--allow=clippy::match_wild_err_arm' '--allow=clippy::match_same_arms' '--allow=clippy::match_bool' '--allow=clippy::many_single_char_names' '--allow=clippy::manual_string_new' '--allow=clippy::manual_let_else' '--allow=clippy::manual_is_variant_and' '--allow=clippy::manual_assert' '--allow=clippy::large_stack_arrays' '--allow=clippy::large_enum_variant' '--allow=clippy::iter_without_into_iter' '--allow=clippy::iter_not_returning_iterator' '--allow=clippy::items_after_statements' '--allow=clippy::inline_always' '--allow=clippy::inefficient_to_string' '--allow=clippy::inconsistent_struct_constructor' '--allow=clippy::implicit_clone' '--allow=clippy::ignored_unit_patterns' '--allow=clippy::if_not_else' '--allow=clippy::from_iter_instead_of_collect' '--allow=clippy::fn_params_excessive_bools' '--allow=clippy::filter_map_next' '--allow=clippy::explicit_iter_loop' '--allow=clippy::explicit_into_iter_loop' '--allow=clippy::explicit_deref_methods' '--allow=clippy::enum_glob_use' '--allow=clippy::empty_docs' '--allow=clippy::doc_markdown' '--allow=clippy::default_trait_access' '--allow=clippy::copy_iterator' '--allow=clippy::checked_conversions' '--allow=clippy::cast_sign_loss' '--allow=clippy::cast_precision_loss' '--allow=clippy::cast_possible_wrap' '--allow=clippy::cast_possible_truncation' '--allow=clippy::cast_lossless' '--allow=clippy::borrow_as_ptr' '--allow=clippy::bool_to_int_with_if' --check-cfg 'cfg(docsrs,test)' --check-cfg 'cfg(feature, values("document-features", "serde", "sha1", "sha256"))' -C metadata=5952715ff3cb59a5 -C extra-filename=-89d2629b02055cb1 --out-dir /tmp/cargo-mutants-casm-TRDkvl.tmp/target/debug/deps -L dependency=/tmp/cargo-mutants-casm-TRDkvl.tmp/target/debug/deps --extern bstr=/tmp/cargo-mutants-casm-TRDkvl.tmp/target/debug/deps/libbstr-758bb7fff42be4ac.rmeta --extern gix_actor=/tmp/cargo-mutants-casm-TRDkvl.tmp/target/debug/deps/libgix_actor-5864699ba2bb589a.rmeta --extern gix_date=/tmp/cargo-mutants-casm-TRDkvl.tmp/target/debug/deps/libgix_date-fb80d222313d564b.rmeta --extern gix_features=/tmp/cargo-mutants-casm-TRDkvl.tmp/target/debug/deps/libgix_features-713935214e3e3aac.rmeta --extern gix_hash=/tmp/cargo-mutants-casm-TRDkvl.tmp/target/debug/deps/libgix_hash-7e6e2d7296131b6f.rmeta --extern gix_hashtable=/tmp/cargo-mutants-casm-TRDkvl.tmp/target/debug/deps/libgix_hashtable-9aad3c190611bfca.rmeta --extern gix_utils=/tmp/cargo-mutants-casm-TRDkvl.tmp/target/debug/deps/libgix_utils-f89e2ad74b12d7b1.rmeta --extern gix_validate=/tmp/cargo-mutants-casm-TRDkvl.tmp/target/debug/deps/libgix_validate-fb34b738c47dba73.rmeta --extern itoa=/tmp/cargo-mutants-casm-TRDkvl.tmp/target/debug/deps/libitoa-6a6d3f3d53caa1d6.rmeta --extern smallvec=/tmp/cargo-mutants-casm-TRDkvl.tmp/target/debug/deps/libsmallvec-00c65a5ffe2221d3.rmeta --extern thiserror=/tmp/cargo-mutants-casm-TRDkvl.tmp/target/debug/deps/libthiserror-fe33048ba8aef29c.rmeta --cap-lints allow`
   Compiling gix-fs v0.22.0
     Running `/home/srinivasan/.rustup/toolchains/nightly-x86_64-unknown-linux-gnu/bin/rustc --crate-name gix_fs --edition=2024 /home/srinivasan/.cargo/registry/src/index.crates.io-1949cf8c6b5b557f/gix-fs-0.22.0/src/lib.rs --error-format=json --json=diagnostic-rendered-ansi,artifacts,future-incompat --crate-type lib --emit=dep-info,metadata,link -C embed-bitcode=no -C debuginfo=2 '--warn=clippy::pedantic' '--allow=clippy::wildcard_imports' '--allow=clippy::used_underscore_binding' '--allow=clippy::unused_self' '--allow=clippy::unreadable_literal' '--allow=clippy::unnecessary_wraps' '--allow=clippy::unnecessary_join' '--allow=clippy::trivially_copy_pass_by_ref' '--allow=clippy::transmute_ptr_to_ptr' '--allow=clippy::too_many_lines' '--allow=clippy::too_long_first_doc_paragraph' '--allow=clippy::struct_field_names' '--allow=clippy::struct_excessive_bools' '--allow=clippy::stable_sort_primitive' '--allow=clippy::single_match_else' '--allow=clippy::similar_names' '--allow=clippy::should_panic_without_expect' '--allow=clippy::return_self_not_must_use' '--allow=clippy::result_large_err' '--allow=clippy::redundant_else' '--allow=clippy::range_plus_one' '--allow=clippy::option_option' '--allow=clippy::no_effect_underscore_binding' '--allow=clippy::needless_raw_string_hashes' '--allow=clippy::needless_pass_by_value' '--allow=clippy::needless_for_each' '--allow=clippy::needless_continue' '--allow=clippy::naive_bytecount' '--allow=clippy::mut_mut' '--allow=clippy::must_use_candidate' '--allow=clippy::module_name_repetitions' '--allow=clippy::missing_panics_doc' '--allow=clippy::missing_errors_doc' '--allow=clippy::match_wildcard_for_single_variants' '--allow=clippy::match_wild_err_arm' '--allow=clippy::match_same_arms' '--allow=clippy::match_bool' '--allow=clippy::many_single_char_names' '--allow=clippy::manual_string_new' '--allow=clippy::manual_let_else' '--allow=clippy::manual_is_variant_and' '--allow=clippy::manual_assert' '--allow=clippy::large_stack_arrays' '--allow=clippy::large_enum_variant' '--allow=clippy::iter_without_into_iter' '--allow=clippy::iter_not_returning_iterator' '--allow=clippy::items_after_statements' '--allow=clippy::inline_always' '--allow=clippy::inefficient_to_string' '--allow=clippy::inconsistent_struct_constructor' '--allow=clippy::implicit_clone' '--allow=clippy::ignored_unit_patterns' '--allow=clippy::if_not_else' '--allow=clippy::from_iter_instead_of_collect' '--allow=clippy::fn_params_excessive_bools' '--allow=clippy::filter_map_next' '--allow=clippy::explicit_iter_loop' '--allow=clippy::explicit_into_iter_loop' '--allow=clippy::explicit_deref_methods' '--allow=clippy::enum_glob_use' '--allow=clippy::empty_docs' '--allow=clippy::doc_markdown' '--allow=clippy::default_trait_access' '--allow=clippy::copy_iterator' '--allow=clippy::checked_conversions' '--allow=clippy::cast_sign_loss' '--allow=clippy::cast_precision_loss' '--allow=clippy::cast_possible_wrap' '--allow=clippy::cast_possible_truncation' '--allow=clippy::cast_lossless' '--allow=clippy::borrow_as_ptr' '--allow=clippy::bool_to_int_with_if' --check-cfg 'cfg(docsrs,test)' --check-cfg 'cfg(feature, values("serde"))' -C metadata=b55c4b11f9c068ad -C extra-filename=-94112262574d3d41 --out-dir /tmp/cargo-mutants-casm-TRDkvl.tmp/target/debug/deps -L dependency=/tmp/cargo-mutants-casm-TRDkvl.tmp/target/debug/deps --extern bstr=/tmp/cargo-mutants-casm-TRDkvl.tmp/target/debug/deps/libbstr-758bb7fff42be4ac.rmeta --extern gix_features=/tmp/cargo-mutants-casm-TRDkvl.tmp/target/debug/deps/libgix_features-713935214e3e3aac.rmeta --extern gix_path=/tmp/cargo-mutants-casm-TRDkvl.tmp/target/debug/deps/libgix_path-e88847596dde5b26.rmeta --extern gix_utils=/tmp/cargo-mutants-casm-TRDkvl.tmp/target/debug/deps/libgix_utils-f89e2ad74b12d7b1.rmeta --extern thiserror=/tmp/cargo-mutants-casm-TRDkvl.tmp/target/debug/deps/libthiserror-fe33048ba8aef29c.rmeta --cap-lints allow`
   Compiling gix-chunk v0.7.3
     Running `/home/srinivasan/.rustup/toolchains/nightly-x86_64-unknown-linux-gnu/bin/rustc --crate-name gix_chunk --edition=2024 /home/srinivasan/.cargo/registry/src/index.crates.io-1949cf8c6b5b557f/gix-chunk-0.7.3/src/lib.rs --error-format=json --json=diagnostic-rendered-ansi,artifacts,future-incompat --crate-type lib --emit=dep-info,metadata,link -C embed-bitcode=no -C debuginfo=2 '--warn=clippy::pedantic' '--allow=clippy::wildcard_imports' '--allow=clippy::used_underscore_binding' '--allow=clippy::unused_self' '--allow=clippy::unreadable_literal' '--allow=clippy::unnecessary_wraps' '--allow=clippy::unnecessary_join' '--allow=clippy::trivially_copy_pass_by_ref' '--allow=clippy::transmute_ptr_to_ptr' '--allow=clippy::too_many_lines' '--allow=clippy::too_long_first_doc_paragraph' '--allow=clippy::struct_field_names' '--allow=clippy::struct_excessive_bools' '--allow=clippy::stable_sort_primitive' '--allow=clippy::single_match_else' '--allow=clippy::similar_names' '--allow=clippy::should_panic_without_expect' '--allow=clippy::return_self_not_must_use' '--allow=clippy::result_large_err' '--allow=clippy::redundant_else' '--allow=clippy::range_plus_one' '--allow=clippy::option_option' '--allow=clippy::no_effect_underscore_binding' '--allow=clippy::needless_raw_string_hashes' '--allow=clippy::needless_pass_by_value' '--allow=clippy::needless_for_each' '--allow=clippy::needless_continue' '--allow=clippy::naive_bytecount' '--allow=clippy::mut_mut' '--allow=clippy::must_use_candidate' '--allow=clippy::module_name_repetitions' '--allow=clippy::missing_panics_doc' '--allow=clippy::missing_errors_doc' '--allow=clippy::match_wildcard_for_single_variants' '--allow=clippy::match_wild_err_arm' '--allow=clippy::match_same_arms' '--allow=clippy::match_bool' '--allow=clippy::many_single_char_names' '--allow=clippy::manual_string_new' '--allow=clippy::manual_let_else' '--allow=clippy::manual_is_variant_and' '--allow=clippy::manual_assert' '--allow=clippy::large_stack_arrays' '--allow=clippy::large_enum_variant' '--allow=clippy::iter_without_into_iter' '--allow=clippy::iter_not_returning_iterator' '--allow=clippy::items_after_statements' '--allow=clippy::inline_always' '--allow=clippy::inefficient_to_string' '--allow=clippy::inconsistent_struct_constructor' '--allow=clippy::implicit_clone' '--allow=clippy::ignored_unit_patterns' '--allow=clippy::if_not_else' '--allow=clippy::from_iter_instead_of_collect' '--allow=clippy::fn_params_excessive_bools' '--allow=clippy::filter_map_next' '--allow=clippy::explicit_iter_loop' '--allow=clippy::explicit_into_iter_loop' '--allow=clippy::explicit_deref_methods' '--allow=clippy::enum_glob_use' '--allow=clippy::empty_docs' '--allow=clippy::doc_markdown' '--allow=clippy::default_trait_access' '--allow=clippy::copy_iterator' '--allow=clippy::checked_conversions' '--allow=clippy::cast_sign_loss' '--allow=clippy::cast_precision_loss' '--allow=clippy::cast_possible_wrap' '--allow=clippy::cast_possible_truncation' '--allow=clippy::cast_lossless' '--allow=clippy::borrow_as_ptr' '--allow=clippy::bool_to_int_with_if' --check-cfg 'cfg(docsrs,test)' --check-cfg 'cfg(feature, values())' -C metadata=a82911c6ee4e0060 -C extra-filename=-7006bb49aad075a7 --out-dir /tmp/cargo-mutants-casm-TRDkvl.tmp/target/debug/deps -L dependency=/tmp/cargo-mutants-casm-TRDkvl.tmp/target/debug/deps --extern gix_error=/tmp/cargo-mutants-casm-TRDkvl.tmp/target/debug/deps/libgix_error-6f73a96eee96ca09.rmeta --cap-lints allow`
   Compiling gix-tempfile v24.0.0
     Running `/home/srinivasan/.rustup/toolchains/nightly-x86_64-unknown-linux-gnu/bin/rustc --crate-name gix_tempfile --edition=2024 /home/srinivasan/.cargo/registry/src/index.crates.io-1949cf8c6b5b557f/gix-tempfile-24.0.0/src/lib.rs --error-format=json --json=diagnostic-rendered-ansi,artifacts,future-incompat --crate-type lib --emit=dep-info,metadata,link -C embed-bitcode=no -C debuginfo=2 '--warn=clippy::pedantic' '--allow=clippy::wildcard_imports' '--allow=clippy::used_underscore_binding' '--allow=clippy::unused_self' '--allow=clippy::unreadable_literal' '--allow=clippy::unnecessary_wraps' '--allow=clippy::unnecessary_join' '--allow=clippy::trivially_copy_pass_by_ref' '--allow=clippy::transmute_ptr_to_ptr' '--allow=clippy::too_many_lines' '--allow=clippy::too_long_first_doc_paragraph' '--allow=clippy::struct_field_names' '--allow=clippy::struct_excessive_bools' '--allow=clippy::stable_sort_primitive' '--allow=clippy::single_match_else' '--allow=clippy::similar_names' '--allow=clippy::should_panic_without_expect' '--allow=clippy::return_self_not_must_use' '--allow=clippy::result_large_err' '--allow=clippy::redundant_else' '--allow=clippy::range_plus_one' '--allow=clippy::option_option' '--allow=clippy::no_effect_underscore_binding' '--allow=clippy::needless_raw_string_hashes' '--allow=clippy::needless_pass_by_value' '--allow=clippy::needless_for_each' '--allow=clippy::needless_continue' '--allow=clippy::naive_bytecount' '--allow=clippy::mut_mut' '--allow=clippy::must_use_candidate' '--allow=clippy::module_name_repetitions' '--allow=clippy::missing_panics_doc' '--allow=clippy::missing_errors_doc' '--allow=clippy::match_wildcard_for_single_variants' '--allow=clippy::match_wild_err_arm' '--allow=clippy::match_same_arms' '--allow=clippy::match_bool' '--allow=clippy::many_single_char_names' '--allow=clippy::manual_string_new' '--allow=clippy::manual_let_else' '--allow=clippy::manual_is_variant_and' '--allow=clippy::manual_assert' '--allow=clippy::large_stack_arrays' '--allow=clippy::large_enum_variant' '--allow=clippy::iter_without_into_iter' '--allow=clippy::iter_not_returning_iterator' '--allow=clippy::items_after_statements' '--allow=clippy::inline_always' '--allow=clippy::inefficient_to_string' '--allow=clippy::inconsistent_struct_constructor' '--allow=clippy::implicit_clone' '--allow=clippy::ignored_unit_patterns' '--allow=clippy::if_not_else' '--allow=clippy::from_iter_instead_of_collect' '--allow=clippy::fn_params_excessive_bools' '--allow=clippy::filter_map_next' '--allow=clippy::explicit_iter_loop' '--allow=clippy::explicit_into_iter_loop' '--allow=clippy::explicit_deref_methods' '--allow=clippy::enum_glob_use' '--allow=clippy::empty_docs' '--allow=clippy::doc_markdown' '--allow=clippy::default_trait_access' '--allow=clippy::copy_iterator' '--allow=clippy::checked_conversions' '--allow=clippy::cast_sign_loss' '--allow=clippy::cast_precision_loss' '--allow=clippy::cast_possible_wrap' '--allow=clippy::cast_possible_truncation' '--allow=clippy::cast_lossless' '--allow=clippy::borrow_as_ptr' '--allow=clippy::bool_to_int_with_if' --cfg 'feature="default"' --cfg 'feature="hp-hashmap"' --check-cfg 'cfg(docsrs,test)' --check-cfg 'cfg(feature, values("default", "document-features", "hp-hashmap", "signals"))' -C metadata=4becca2de6f3c13c -C extra-filename=-f532a55ae509255c --out-dir /tmp/cargo-mutants-casm-TRDkvl.tmp/target/debug/deps -L dependency=/tmp/cargo-mutants-casm-TRDkvl.tmp/target/debug/deps --extern dashmap=/tmp/cargo-mutants-casm-TRDkvl.tmp/target/debug/deps/libdashmap-dddd7ee1d59fee1c.rmeta --extern gix_fs=/tmp/cargo-mutants-casm-TRDkvl.tmp/target/debug/deps/libgix_fs-94112262574d3d41.rmeta --extern libc=/tmp/cargo-mutants-casm-TRDkvl.tmp/target/debug/deps/liblibc-65418387ff813146.rmeta --extern parking_lot=/tmp/cargo-mutants-casm-TRDkvl.tmp/target/debug/deps/libparking_lot-39ddd99db7181d60.rmeta --extern tempfile=/tmp/cargo-mutants-casm-TRDkvl.tmp/target/debug/deps/libtempfile-bd097471695c02c8.rmeta --cap-lints allow`
   Compiling gix-quote v0.7.2
     Running `/home/srinivasan/.rustup/toolchains/nightly-x86_64-unknown-linux-gnu/bin/rustc --crate-name gix_quote --edition=2024 /home/srinivasan/.cargo/registry/src/index.crates.io-1949cf8c6b5b557f/gix-quote-0.7.2/src/lib.rs --error-format=json --json=diagnostic-rendered-ansi,artifacts,future-incompat --crate-type lib --emit=dep-info,metadata,link -C embed-bitcode=no -C debuginfo=2 '--warn=clippy::pedantic' '--allow=clippy::wildcard_imports' '--allow=clippy::used_underscore_binding' '--allow=clippy::unused_self' '--allow=clippy::unreadable_literal' '--allow=clippy::unnecessary_wraps' '--allow=clippy::unnecessary_join' '--allow=clippy::trivially_copy_pass_by_ref' '--allow=clippy::transmute_ptr_to_ptr' '--allow=clippy::too_many_lines' '--allow=clippy::too_long_first_doc_paragraph' '--allow=clippy::struct_field_names' '--allow=clippy::struct_excessive_bools' '--allow=clippy::stable_sort_primitive' '--allow=clippy::single_match_else' '--allow=clippy::similar_names' '--allow=clippy::should_panic_without_expect' '--allow=clippy::return_self_not_must_use' '--allow=clippy::result_large_err' '--allow=clippy::redundant_else' '--allow=clippy::range_plus_one' '--allow=clippy::option_option' '--allow=clippy::no_effect_underscore_binding' '--allow=clippy::needless_raw_string_hashes' '--allow=clippy::needless_pass_by_value' '--allow=clippy::needless_for_each' '--allow=clippy::needless_continue' '--allow=clippy::naive_bytecount' '--allow=clippy::mut_mut' '--allow=clippy::must_use_candidate' '--allow=clippy::module_name_repetitions' '--allow=clippy::missing_panics_doc' '--allow=clippy::missing_errors_doc' '--allow=clippy::match_wildcard_for_single_variants' '--allow=clippy::match_wild_err_arm' '--allow=clippy::match_same_arms' '--allow=clippy::match_bool' '--allow=clippy::many_single_char_names' '--allow=clippy::manual_string_new' '--allow=clippy::manual_let_else' '--allow=clippy::manual_is_variant_and' '--allow=clippy::manual_assert' '--allow=clippy::large_stack_arrays' '--allow=clippy::large_enum_variant' '--allow=clippy::iter_without_into_iter' '--allow=clippy::iter_not_returning_iterator' '--allow=clippy::items_after_statements' '--allow=clippy::inline_always' '--allow=clippy::inefficient_to_string' '--allow=clippy::inconsistent_struct_constructor' '--allow=clippy::implicit_clone' '--allow=clippy::ignored_unit_patterns' '--allow=clippy::if_not_else' '--allow=clippy::from_iter_instead_of_collect' '--allow=clippy::fn_params_excessive_bools' '--allow=clippy::filter_map_next' '--allow=clippy::explicit_iter_loop' '--allow=clippy::explicit_into_iter_loop' '--allow=clippy::explicit_deref_methods' '--allow=clippy::enum_glob_use' '--allow=clippy::empty_docs' '--allow=clippy::doc_markdown' '--allow=clippy::default_trait_access' '--allow=clippy::copy_iterator' '--allow=clippy::checked_conversions' '--allow=clippy::cast_sign_loss' '--allow=clippy::cast_precision_loss' '--allow=clippy::cast_possible_wrap' '--allow=clippy::cast_possible_truncation' '--allow=clippy::cast_lossless' '--allow=clippy::borrow_as_ptr' '--allow=clippy::bool_to_int_with_if' --check-cfg 'cfg(docsrs,test)' --check-cfg 'cfg(feature, values())' -C metadata=7e541d85361fa904 -C extra-filename=-0c2ad2ea41afd0d9 --out-dir /tmp/cargo-mutants-casm-TRDkvl.tmp/target/debug/deps -L dependency=/tmp/cargo-mutants-casm-TRDkvl.tmp/target/debug/deps --extern bstr=/tmp/cargo-mutants-casm-TRDkvl.tmp/target/debug/deps/libbstr-758bb7fff42be4ac.rmeta --extern gix_error=/tmp/cargo-mutants-casm-TRDkvl.tmp/target/debug/deps/libgix_error-6f73a96eee96ca09.rmeta --extern gix_utils=/tmp/cargo-mutants-casm-TRDkvl.tmp/target/debug/deps/libgix_utils-f89e2ad74b12d7b1.rmeta --cap-lints allow`
   Compiling gix-lock v24.0.0
     Running `/home/srinivasan/.rustup/toolchains/nightly-x86_64-unknown-linux-gnu/bin/rustc --crate-name gix_lock --edition=2024 /home/srinivasan/.cargo/registry/src/index.crates.io-1949cf8c6b5b557f/gix-lock-24.0.0/src/lib.rs --error-format=json --json=diagnostic-rendered-ansi,artifacts,future-incompat --crate-type lib --emit=dep-info,metadata,link -C embed-bitcode=no -C debuginfo=2 '--warn=clippy::pedantic' '--allow=clippy::wildcard_imports' '--allow=clippy::used_underscore_binding' '--allow=clippy::unused_self' '--allow=clippy::unreadable_literal' '--allow=clippy::unnecessary_wraps' '--allow=clippy::unnecessary_join' '--allow=clippy::trivially_copy_pass_by_ref' '--allow=clippy::transmute_ptr_to_ptr' '--allow=clippy::too_many_lines' '--allow=clippy::too_long_first_doc_paragraph' '--allow=clippy::struct_field_names' '--allow=clippy::struct_excessive_bools' '--allow=clippy::stable_sort_primitive' '--allow=clippy::single_match_else' '--allow=clippy::similar_names' '--allow=clippy::should_panic_without_expect' '--allow=clippy::return_self_not_must_use' '--allow=clippy::result_large_err' '--allow=clippy::redundant_else' '--allow=clippy::range_plus_one' '--allow=clippy::option_option' '--allow=clippy::no_effect_underscore_binding' '--allow=clippy::needless_raw_string_hashes' '--allow=clippy::needless_pass_by_value' '--allow=clippy::needless_for_each' '--allow=clippy::needless_continue' '--allow=clippy::naive_bytecount' '--allow=clippy::mut_mut' '--allow=clippy::must_use_candidate' '--allow=clippy::module_name_repetitions' '--allow=clippy::missing_panics_doc' '--allow=clippy::missing_errors_doc' '--allow=clippy::match_wildcard_for_single_variants' '--allow=clippy::match_wild_err_arm' '--allow=clippy::match_same_arms' '--allow=clippy::match_bool' '--allow=clippy::many_single_char_names' '--allow=clippy::manual_string_new' '--allow=clippy::manual_let_else' '--allow=clippy::manual_is_variant_and' '--allow=clippy::manual_assert' '--allow=clippy::large_stack_arrays' '--allow=clippy::large_enum_variant' '--allow=clippy::iter_without_into_iter' '--allow=clippy::iter_not_returning_iterator' '--allow=clippy::items_after_statements' '--allow=clippy::inline_always' '--allow=clippy::inefficient_to_string' '--allow=clippy::inconsistent_struct_constructor' '--allow=clippy::implicit_clone' '--allow=clippy::ignored_unit_patterns' '--allow=clippy::if_not_else' '--allow=clippy::from_iter_instead_of_collect' '--allow=clippy::fn_params_excessive_bools' '--allow=clippy::filter_map_next' '--allow=clippy::explicit_iter_loop' '--allow=clippy::explicit_into_iter_loop' '--allow=clippy::explicit_deref_methods' '--allow=clippy::enum_glob_use' '--allow=clippy::empty_docs' '--allow=clippy::doc_markdown' '--allow=clippy::default_trait_access' '--allow=clippy::copy_iterator' '--allow=clippy::checked_conversions' '--allow=clippy::cast_sign_loss' '--allow=clippy::cast_precision_loss' '--allow=clippy::cast_possible_wrap' '--allow=clippy::cast_possible_truncation' '--allow=clippy::cast_lossless' '--allow=clippy::borrow_as_ptr' '--allow=clippy::bool_to_int_with_if' --check-cfg 'cfg(docsrs,test)' --check-cfg 'cfg(feature, values())' -C metadata=1f66bf1afa1c2bc0 -C extra-filename=-34dcb8880a9cb5ae --out-dir /tmp/cargo-mutants-casm-TRDkvl.tmp/target/debug/deps -L dependency=/tmp/cargo-mutants-casm-TRDkvl.tmp/target/debug/deps --extern gix_tempfile=/tmp/cargo-mutants-casm-TRDkvl.tmp/target/debug/deps/libgix_tempfile-f532a55ae509255c.rmeta --extern gix_utils=/tmp/cargo-mutants-casm-TRDkvl.tmp/target/debug/deps/libgix_utils-f89e2ad74b12d7b1.rmeta --extern thiserror=/tmp/cargo-mutants-casm-TRDkvl.tmp/target/debug/deps/libthiserror-fe33048ba8aef29c.rmeta --cap-lints allow`
   Compiling gix-glob v0.27.0
     Running `/home/srinivasan/.rustup/toolchains/nightly-x86_64-unknown-linux-gnu/bin/rustc --crate-name gix_glob --edition=2024 /home/srinivasan/.cargo/registry/src/index.crates.io-1949cf8c6b5b557f/gix-glob-0.27.0/src/lib.rs --error-format=json --json=diagnostic-rendered-ansi,artifacts,future-incompat --crate-type lib --emit=dep-info,metadata,link -C embed-bitcode=no -C debuginfo=2 '--warn=clippy::pedantic' '--allow=clippy::wildcard_imports' '--allow=clippy::used_underscore_binding' '--allow=clippy::unused_self' '--allow=clippy::unreadable_literal' '--allow=clippy::unnecessary_wraps' '--allow=clippy::unnecessary_join' '--allow=clippy::trivially_copy_pass_by_ref' '--allow=clippy::transmute_ptr_to_ptr' '--allow=clippy::too_many_lines' '--allow=clippy::too_long_first_doc_paragraph' '--allow=clippy::struct_field_names' '--allow=clippy::struct_excessive_bools' '--allow=clippy::stable_sort_primitive' '--allow=clippy::single_match_else' '--allow=clippy::similar_names' '--allow=clippy::should_panic_without_expect' '--allow=clippy::return_self_not_must_use' '--allow=clippy::result_large_err' '--allow=clippy::redundant_else' '--allow=clippy::range_plus_one' '--allow=clippy::option_option' '--allow=clippy::no_effect_underscore_binding' '--allow=clippy::needless_raw_string_hashes' '--allow=clippy::needless_pass_by_value' '--allow=clippy::needless_for_each' '--allow=clippy::needless_continue' '--allow=clippy::naive_bytecount' '--allow=clippy::mut_mut' '--allow=clippy::must_use_candidate' '--allow=clippy::module_name_repetitions' '--allow=clippy::missing_panics_doc' '--allow=clippy::missing_errors_doc' '--allow=clippy::match_wildcard_for_single_variants' '--allow=clippy::match_wild_err_arm' '--allow=clippy::match_same_arms' '--allow=clippy::match_bool' '--allow=clippy::many_single_char_names' '--allow=clippy::manual_string_new' '--allow=clippy::manual_let_else' '--allow=clippy::manual_is_variant_and' '--allow=clippy::manual_assert' '--allow=clippy::large_stack_arrays' '--allow=clippy::large_enum_variant' '--allow=clippy::iter_without_into_iter' '--allow=clippy::iter_not_returning_iterator' '--allow=clippy::items_after_statements' '--allow=clippy::inline_always' '--allow=clippy::inefficient_to_string' '--allow=clippy::inconsistent_struct_constructor' '--allow=clippy::implicit_clone' '--allow=clippy::ignored_unit_patterns' '--allow=clippy::if_not_else' '--allow=clippy::from_iter_instead_of_collect' '--allow=clippy::fn_params_excessive_bools' '--allow=clippy::filter_map_next' '--allow=clippy::explicit_iter_loop' '--allow=clippy::explicit_into_iter_loop' '--allow=clippy::explicit_deref_methods' '--allow=clippy::enum_glob_use' '--allow=clippy::empty_docs' '--allow=clippy::doc_markdown' '--allow=clippy::default_trait_access' '--allow=clippy::copy_iterator' '--allow=clippy::checked_conversions' '--allow=clippy::cast_sign_loss' '--allow=clippy::cast_precision_loss' '--allow=clippy::cast_possible_wrap' '--allow=clippy::cast_possible_truncation' '--allow=clippy::cast_lossless' '--allow=clippy::borrow_as_ptr' '--allow=clippy::bool_to_int_with_if' --check-cfg 'cfg(docsrs,test)' --check-cfg 'cfg(feature, values("document-features", "serde"))' -C metadata=ac98b79268f8de10 -C extra-filename=-bb0626d894753c05 --out-dir /tmp/cargo-mutants-casm-TRDkvl.tmp/target/debug/deps -L dependency=/tmp/cargo-mutants-casm-TRDkvl.tmp/target/debug/deps --extern bitflags=/tmp/cargo-mutants-casm-TRDkvl.tmp/target/debug/deps/libbitflags-9af264abf64e7262.rmeta --extern bstr=/tmp/cargo-mutants-casm-TRDkvl.tmp/target/debug/deps/libbstr-758bb7fff42be4ac.rmeta --extern gix_features=/tmp/cargo-mutants-casm-TRDkvl.tmp/target/debug/deps/libgix_features-713935214e3e3aac.rmeta --extern gix_path=/tmp/cargo-mutants-casm-TRDkvl.tmp/target/debug/deps/libgix_path-e88847596dde5b26.rmeta --cap-lints allow`
   Compiling gix-commitgraph v0.38.0
     Running `/home/srinivasan/.rustup/toolchains/nightly-x86_64-unknown-linux-gnu/bin/rustc --crate-name gix_commitgraph --edition=2024 /home/srinivasan/.cargo/registry/src/index.crates.io-1949cf8c6b5b557f/gix-commitgraph-0.38.0/src/lib.rs --error-format=json --json=diagnostic-rendered-ansi,artifacts,future-incompat --crate-type lib --emit=dep-info,metadata,link -C embed-bitcode=no -C debuginfo=2 '--warn=clippy::pedantic' '--allow=clippy::wildcard_imports' '--allow=clippy::used_underscore_binding' '--allow=clippy::unused_self' '--allow=clippy::unreadable_literal' '--allow=clippy::unnecessary_wraps' '--allow=clippy::unnecessary_join' '--allow=clippy::trivially_copy_pass_by_ref' '--allow=clippy::transmute_ptr_to_ptr' '--allow=clippy::too_many_lines' '--allow=clippy::too_long_first_doc_paragraph' '--allow=clippy::struct_field_names' '--allow=clippy::struct_excessive_bools' '--allow=clippy::stable_sort_primitive' '--allow=clippy::single_match_else' '--allow=clippy::similar_names' '--allow=clippy::should_panic_without_expect' '--allow=clippy::return_self_not_must_use' '--allow=clippy::result_large_err' '--allow=clippy::redundant_else' '--allow=clippy::range_plus_one' '--allow=clippy::option_option' '--allow=clippy::no_effect_underscore_binding' '--allow=clippy::needless_raw_string_hashes' '--allow=clippy::needless_pass_by_value' '--allow=clippy::needless_for_each' '--allow=clippy::needless_continue' '--allow=clippy::naive_bytecount' '--allow=clippy::mut_mut' '--allow=clippy::must_use_candidate' '--allow=clippy::module_name_repetitions' '--allow=clippy::missing_panics_doc' '--allow=clippy::missing_errors_doc' '--allow=clippy::match_wildcard_for_single_variants' '--allow=clippy::match_wild_err_arm' '--allow=clippy::match_same_arms' '--allow=clippy::match_bool' '--allow=clippy::many_single_char_names' '--allow=clippy::manual_string_new' '--allow=clippy::manual_let_else' '--allow=clippy::manual_is_variant_and' '--allow=clippy::manual_assert' '--allow=clippy::large_stack_arrays' '--allow=clippy::large_enum_variant' '--allow=clippy::iter_without_into_iter' '--allow=clippy::iter_not_returning_iterator' '--allow=clippy::items_after_statements' '--allow=clippy::inline_always' '--allow=clippy::inefficient_to_string' '--allow=clippy::inconsistent_struct_constructor' '--allow=clippy::implicit_clone' '--allow=clippy::ignored_unit_patterns' '--allow=clippy::if_not_else' '--allow=clippy::from_iter_instead_of_collect' '--allow=clippy::fn_params_excessive_bools' '--allow=clippy::filter_map_next' '--allow=clippy::explicit_iter_loop' '--allow=clippy::explicit_into_iter_loop' '--allow=clippy::explicit_deref_methods' '--allow=clippy::enum_glob_use' '--allow=clippy::empty_docs' '--allow=clippy::doc_markdown' '--allow=clippy::default_trait_access' '--allow=clippy::copy_iterator' '--allow=clippy::checked_conversions' '--allow=clippy::cast_sign_loss' '--allow=clippy::cast_precision_loss' '--allow=clippy::cast_possible_wrap' '--allow=clippy::cast_possible_truncation' '--allow=clippy::cast_lossless' '--allow=clippy::borrow_as_ptr' '--allow=clippy::bool_to_int_with_if' --check-cfg 'cfg(docsrs,test)' --check-cfg 'cfg(feature, values("document-features", "serde", "sha1", "sha256"))' -C metadata=8f14fde4b704d0db -C extra-filename=-1f5fed71807f813b --out-dir /tmp/cargo-mutants-casm-TRDkvl.tmp/target/debug/deps -L dependency=/tmp/cargo-mutants-casm-TRDkvl.tmp/target/debug/deps --extern bstr=/tmp/cargo-mutants-casm-TRDkvl.tmp/target/debug/deps/libbstr-758bb7fff42be4ac.rmeta --extern gix_chunk=/tmp/cargo-mutants-casm-TRDkvl.tmp/target/debug/deps/libgix_chunk-7006bb49aad075a7.rmeta --extern gix_error=/tmp/cargo-mutants-casm-TRDkvl.tmp/target/debug/deps/libgix_error-6f73a96eee96ca09.rmeta --extern gix_hash=/tmp/cargo-mutants-casm-TRDkvl.tmp/target/debug/deps/libgix_hash-7e6e2d7296131b6f.rmeta --extern memmap2=/tmp/cargo-mutants-casm-TRDkvl.tmp/target/debug/deps/libmemmap2-d07795cb874754f5.rmeta --extern nonempty=/tmp/cargo-mutants-casm-TRDkvl.tmp/target/debug/deps/libnonempty-2f9693126db11f85.rmeta --cap-lints allow`
   Compiling gix-revwalk v0.34.0
     Running `/home/srinivasan/.rustup/toolchains/nightly-x86_64-unknown-linux-gnu/bin/rustc --crate-name gix_revwalk --edition=2024 /home/srinivasan/.cargo/registry/src/index.crates.io-1949cf8c6b5b557f/gix-revwalk-0.34.0/src/lib.rs --error-format=json --json=diagnostic-rendered-ansi,artifacts,future-incompat --crate-type lib --emit=dep-info,metadata,link -C embed-bitcode=no -C debuginfo=2 '--warn=clippy::pedantic' '--allow=clippy::wildcard_imports' '--allow=clippy::used_underscore_binding' '--allow=clippy::unused_self' '--allow=clippy::unreadable_literal' '--allow=clippy::unnecessary_wraps' '--allow=clippy::unnecessary_join' '--allow=clippy::trivially_copy_pass_by_ref' '--allow=clippy::transmute_ptr_to_ptr' '--allow=clippy::too_many_lines' '--allow=clippy::too_long_first_doc_paragraph' '--allow=clippy::struct_field_names' '--allow=clippy::struct_excessive_bools' '--allow=clippy::stable_sort_primitive' '--allow=clippy::single_match_else' '--allow=clippy::similar_names' '--allow=clippy::should_panic_without_expect' '--allow=clippy::return_self_not_must_use' '--allow=clippy::result_large_err' '--allow=clippy::redundant_else' '--allow=clippy::range_plus_one' '--allow=clippy::option_option' '--allow=clippy::no_effect_underscore_binding' '--allow=clippy::needless_raw_string_hashes' '--allow=clippy::needless_pass_by_value' '--allow=clippy::needless_for_each' '--allow=clippy::needless_continue' '--allow=clippy::naive_bytecount' '--allow=clippy::mut_mut' '--allow=clippy::must_use_candidate' '--allow=clippy::module_name_repetitions' '--allow=clippy::missing_panics_doc' '--allow=clippy::missing_errors_doc' '--allow=clippy::match_wildcard_for_single_variants' '--allow=clippy::match_wild_err_arm' '--allow=clippy::match_same_arms' '--allow=clippy::match_bool' '--allow=clippy::many_single_char_names' '--allow=clippy::manual_string_new' '--allow=clippy::manual_let_else' '--allow=clippy::manual_is_variant_and' '--allow=clippy::manual_assert' '--allow=clippy::large_stack_arrays' '--allow=clippy::large_enum_variant' '--allow=clippy::iter_without_into_iter' '--allow=clippy::iter_not_returning_iterator' '--allow=clippy::items_after_statements' '--allow=clippy::inline_always' '--allow=clippy::inefficient_to_string' '--allow=clippy::inconsistent_struct_constructor' '--allow=clippy::implicit_clone' '--allow=clippy::ignored_unit_patterns' '--allow=clippy::if_not_else' '--allow=clippy::from_iter_instead_of_collect' '--allow=clippy::fn_params_excessive_bools' '--allow=clippy::filter_map_next' '--allow=clippy::explicit_iter_loop' '--allow=clippy::explicit_into_iter_loop' '--allow=clippy::explicit_deref_methods' '--allow=clippy::enum_glob_use' '--allow=clippy::empty_docs' '--allow=clippy::doc_markdown' '--allow=clippy::default_trait_access' '--allow=clippy::copy_iterator' '--allow=clippy::checked_conversions' '--allow=clippy::cast_sign_loss' '--allow=clippy::cast_precision_loss' '--allow=clippy::cast_possible_wrap' '--allow=clippy::cast_possible_truncation' '--allow=clippy::cast_lossless' '--allow=clippy::borrow_as_ptr' '--allow=clippy::bool_to_int_with_if' --check-cfg 'cfg(docsrs,test)' --check-cfg 'cfg(feature, values("sha1", "sha256"))' -C metadata=b476bf335333b889 -C extra-filename=-401daaf94120b85c --out-dir /tmp/cargo-mutants-casm-TRDkvl.tmp/target/debug/deps -L dependency=/tmp/cargo-mutants-casm-TRDkvl.tmp/target/debug/deps --extern gix_commitgraph=/tmp/cargo-mutants-casm-TRDkvl.tmp/target/debug/deps/libgix_commitgraph-1f5fed71807f813b.rmeta --extern gix_date=/tmp/cargo-mutants-casm-TRDkvl.tmp/target/debug/deps/libgix_date-fb80d222313d564b.rmeta --extern gix_error=/tmp/cargo-mutants-casm-TRDkvl.tmp/target/debug/deps/libgix_error-6f73a96eee96ca09.rmeta --extern gix_hash=/tmp/cargo-mutants-casm-TRDkvl.tmp/target/debug/deps/libgix_hash-7e6e2d7296131b6f.rmeta --extern gix_hashtable=/tmp/cargo-mutants-casm-TRDkvl.tmp/target/debug/deps/libgix_hashtable-9aad3c190611bfca.rmeta --extern gix_object=/tmp/cargo-mutants-casm-TRDkvl.tmp/target/debug/deps/libgix_object-89d2629b02055cb1.rmeta --extern smallvec=/tmp/cargo-mutants-casm-TRDkvl.tmp/target/debug/deps/libsmallvec-00c65a5ffe2221d3.rmeta --extern thiserror=/tmp/cargo-mutants-casm-TRDkvl.tmp/target/debug/deps/libthiserror-fe33048ba8aef29c.rmeta --cap-lints allow`
   Compiling gix-attributes v0.34.0
     Running `/home/srinivasan/.rustup/toolchains/nightly-x86_64-unknown-linux-gnu/bin/rustc --crate-name gix_attributes --edition=2024 /home/srinivasan/.cargo/registry/src/index.crates.io-1949cf8c6b5b557f/gix-attributes-0.34.0/src/lib.rs --error-format=json --json=diagnostic-rendered-ansi,artifacts,future-incompat --crate-type lib --emit=dep-info,metadata,link -C embed-bitcode=no -C debuginfo=2 '--warn=clippy::pedantic' '--allow=clippy::wildcard_imports' '--allow=clippy::used_underscore_binding' '--allow=clippy::unused_self' '--allow=clippy::unreadable_literal' '--allow=clippy::unnecessary_wraps' '--allow=clippy::unnecessary_join' '--allow=clippy::trivially_copy_pass_by_ref' '--allow=clippy::transmute_ptr_to_ptr' '--allow=clippy::too_many_lines' '--allow=clippy::too_long_first_doc_paragraph' '--allow=clippy::struct_field_names' '--allow=clippy::struct_excessive_bools' '--allow=clippy::stable_sort_primitive' '--allow=clippy::single_match_else' '--allow=clippy::similar_names' '--allow=clippy::should_panic_without_expect' '--allow=clippy::return_self_not_must_use' '--allow=clippy::result_large_err' '--allow=clippy::redundant_else' '--allow=clippy::range_plus_one' '--allow=clippy::option_option' '--allow=clippy::no_effect_underscore_binding' '--allow=clippy::needless_raw_string_hashes' '--allow=clippy::needless_pass_by_value' '--allow=clippy::needless_for_each' '--allow=clippy::needless_continue' '--allow=clippy::naive_bytecount' '--allow=clippy::mut_mut' '--allow=clippy::must_use_candidate' '--allow=clippy::module_name_repetitions' '--allow=clippy::missing_panics_doc' '--allow=clippy::missing_errors_doc' '--allow=clippy::match_wildcard_for_single_variants' '--allow=clippy::match_wild_err_arm' '--allow=clippy::match_same_arms' '--allow=clippy::match_bool' '--allow=clippy::many_single_char_names' '--allow=clippy::manual_string_new' '--allow=clippy::manual_let_else' '--allow=clippy::manual_is_variant_and' '--allow=clippy::manual_assert' '--allow=clippy::large_stack_arrays' '--allow=clippy::large_enum_variant' '--allow=clippy::iter_without_into_iter' '--allow=clippy::iter_not_returning_iterator' '--allow=clippy::items_after_statements' '--allow=clippy::inline_always' '--allow=clippy::inefficient_to_string' '--allow=clippy::inconsistent_struct_constructor' '--allow=clippy::implicit_clone' '--allow=clippy::ignored_unit_patterns' '--allow=clippy::if_not_else' '--allow=clippy::from_iter_instead_of_collect' '--allow=clippy::fn_params_excessive_bools' '--allow=clippy::filter_map_next' '--allow=clippy::explicit_iter_loop' '--allow=clippy::explicit_into_iter_loop' '--allow=clippy::explicit_deref_methods' '--allow=clippy::enum_glob_use' '--allow=clippy::empty_docs' '--allow=clippy::doc_markdown' '--allow=clippy::default_trait_access' '--allow=clippy::copy_iterator' '--allow=clippy::checked_conversions' '--allow=clippy::cast_sign_loss' '--allow=clippy::cast_precision_loss' '--allow=clippy::cast_possible_wrap' '--allow=clippy::cast_possible_truncation' '--allow=clippy::cast_lossless' '--allow=clippy::borrow_as_ptr' '--allow=clippy::bool_to_int_with_if' --cfg 'feature="parallel"' --check-cfg 'cfg(docsrs,test)' --check-cfg 'cfg(feature, values("document-features", "parallel", "serde"))' -C metadata=84821065ed1814bc -C extra-filename=-1c363e48c52dfe66 --out-dir /tmp/cargo-mutants-casm-TRDkvl.tmp/target/debug/deps -L dependency=/tmp/cargo-mutants-casm-TRDkvl.tmp/target/debug/deps --extern bstr=/tmp/cargo-mutants-casm-TRDkvl.tmp/target/debug/deps/libbstr-758bb7fff42be4ac.rmeta --extern gix_features=/tmp/cargo-mutants-casm-TRDkvl.tmp/target/debug/deps/libgix_features-713935214e3e3aac.rmeta --extern gix_glob=/tmp/cargo-mutants-casm-TRDkvl.tmp/target/debug/deps/libgix_glob-bb0626d894753c05.rmeta --extern gix_path=/tmp/cargo-mutants-casm-TRDkvl.tmp/target/debug/deps/libgix_path-e88847596dde5b26.rmeta --extern gix_quote=/tmp/cargo-mutants-casm-TRDkvl.tmp/target/debug/deps/libgix_quote-0c2ad2ea41afd0d9.rmeta --extern gix_trace=/tmp/cargo-mutants-casm-TRDkvl.tmp/target/debug/deps/libgix_trace-fe3ae1ba08dc3b9c.rmeta --extern smallvec=/tmp/cargo-mutants-casm-TRDkvl.tmp/target/debug/deps/libsmallvec-00c65a5ffe2221d3.rmeta --extern thiserror=/tmp/cargo-mutants-casm-TRDkvl.tmp/target/debug/deps/libthiserror-fe33048ba8aef29c.rmeta --extern unicode_bom=/tmp/cargo-mutants-casm-TRDkvl.tmp/target/debug/deps/libunicode_bom-624cad395bebc465.rmeta --cap-lints allow`
   Compiling gix-ref v0.66.0
     Running `/home/srinivasan/.rustup/toolchains/nightly-x86_64-unknown-linux-gnu/bin/rustc --crate-name gix_ref --edition=2024 /home/srinivasan/.cargo/registry/src/index.crates.io-1949cf8c6b5b557f/gix-ref-0.66.0/src/lib.rs --error-format=json --json=diagnostic-rendered-ansi,artifacts,future-incompat --crate-type lib --emit=dep-info,metadata,link -C embed-bitcode=no -C debuginfo=2 '--warn=clippy::pedantic' '--allow=clippy::wildcard_imports' '--allow=clippy::used_underscore_binding' '--allow=clippy::unused_self' '--allow=clippy::unreadable_literal' '--allow=clippy::unnecessary_wraps' '--allow=clippy::unnecessary_join' '--allow=clippy::trivially_copy_pass_by_ref' '--allow=clippy::transmute_ptr_to_ptr' '--allow=clippy::too_many_lines' '--allow=clippy::too_long_first_doc_paragraph' '--allow=clippy::struct_field_names' '--allow=clippy::struct_excessive_bools' '--allow=clippy::stable_sort_primitive' '--allow=clippy::single_match_else' '--allow=clippy::similar_names' '--allow=clippy::should_panic_without_expect' '--allow=clippy::return_self_not_must_use' '--allow=clippy::result_large_err' '--allow=clippy::redundant_else' '--allow=clippy::range_plus_one' '--allow=clippy::option_option' '--allow=clippy::no_effect_underscore_binding' '--allow=clippy::needless_raw_string_hashes' '--allow=clippy::needless_pass_by_value' '--allow=clippy::needless_for_each' '--allow=clippy::needless_continue' '--allow=clippy::naive_bytecount' '--allow=clippy::mut_mut' '--allow=clippy::must_use_candidate' '--allow=clippy::module_name_repetitions' '--allow=clippy::missing_panics_doc' '--allow=clippy::missing_errors_doc' '--allow=clippy::match_wildcard_for_single_variants' '--allow=clippy::match_wild_err_arm' '--allow=clippy::match_same_arms' '--allow=clippy::match_bool' '--allow=clippy::many_single_char_names' '--allow=clippy::manual_string_new' '--allow=clippy::manual_let_else' '--allow=clippy::manual_is_variant_and' '--allow=clippy::manual_assert' '--allow=clippy::large_stack_arrays' '--allow=clippy::large_enum_variant' '--allow=clippy::iter_without_into_iter' '--allow=clippy::iter_not_returning_iterator' '--allow=clippy::items_after_statements' '--allow=clippy::inline_always' '--allow=clippy::inefficient_to_string' '--allow=clippy::inconsistent_struct_constructor' '--allow=clippy::implicit_clone' '--allow=clippy::ignored_unit_patterns' '--allow=clippy::if_not_else' '--allow=clippy::from_iter_instead_of_collect' '--allow=clippy::fn_params_excessive_bools' '--allow=clippy::filter_map_next' '--allow=clippy::explicit_iter_loop' '--allow=clippy::explicit_into_iter_loop' '--allow=clippy::explicit_deref_methods' '--allow=clippy::enum_glob_use' '--allow=clippy::empty_docs' '--allow=clippy::doc_markdown' '--allow=clippy::default_trait_access' '--allow=clippy::copy_iterator' '--allow=clippy::checked_conversions' '--allow=clippy::cast_sign_loss' '--allow=clippy::cast_precision_loss' '--allow=clippy::cast_possible_wrap' '--allow=clippy::cast_possible_truncation' '--allow=clippy::cast_lossless' '--allow=clippy::borrow_as_ptr' '--allow=clippy::bool_to_int_with_if' --check-cfg 'cfg(docsrs,test)' --check-cfg 'cfg(feature, values("document-features", "parallel", "serde", "sha1", "sha256"))' -C metadata=7d6b94122e64813e -C extra-filename=-1e6659808586e003 --out-dir /tmp/cargo-mutants-casm-TRDkvl.tmp/target/debug/deps -L dependency=/tmp/cargo-mutants-casm-TRDkvl.tmp/target/debug/deps --extern gix_actor=/tmp/cargo-mutants-casm-TRDkvl.tmp/target/debug/deps/libgix_actor-5864699ba2bb589a.rmeta --extern gix_features=/tmp/cargo-mutants-casm-TRDkvl.tmp/target/debug/deps/libgix_features-713935214e3e3aac.rmeta --extern gix_fs=/tmp/cargo-mutants-casm-TRDkvl.tmp/target/debug/deps/libgix_fs-94112262574d3d41.rmeta --extern gix_hash=/tmp/cargo-mutants-casm-TRDkvl.tmp/target/debug/deps/libgix_hash-7e6e2d7296131b6f.rmeta --extern gix_lock=/tmp/cargo-mutants-casm-TRDkvl.tmp/target/debug/deps/libgix_lock-34dcb8880a9cb5ae.rmeta --extern gix_object=/tmp/cargo-mutants-casm-TRDkvl.tmp/target/debug/deps/libgix_object-89d2629b02055cb1.rmeta --extern gix_path=/tmp/cargo-mutants-casm-TRDkvl.tmp/target/debug/deps/libgix_path-e88847596dde5b26.rmeta --extern gix_tempfile=/tmp/cargo-mutants-casm-TRDkvl.tmp/target/debug/deps/libgix_tempfile-f532a55ae509255c.rmeta --extern gix_utils=/tmp/cargo-mutants-casm-TRDkvl.tmp/target/debug/deps/libgix_utils-f89e2ad74b12d7b1.rmeta --extern gix_validate=/tmp/cargo-mutants-casm-TRDkvl.tmp/target/debug/deps/libgix_validate-fb34b738c47dba73.rmeta --extern memmap2=/tmp/cargo-mutants-casm-TRDkvl.tmp/target/debug/deps/libmemmap2-d07795cb874754f5.rmeta --extern thiserror=/tmp/cargo-mutants-casm-TRDkvl.tmp/target/debug/deps/libthiserror-fe33048ba8aef29c.rmeta --cap-lints allow`
   Compiling gix-command v0.9.1
     Running `/home/srinivasan/.rustup/toolchains/nightly-x86_64-unknown-linux-gnu/bin/rustc --crate-name gix_command --edition=2024 /home/srinivasan/.cargo/registry/src/index.crates.io-1949cf8c6b5b557f/gix-command-0.9.1/src/lib.rs --error-format=json --json=diagnostic-rendered-ansi,artifacts,future-incompat --crate-type lib --emit=dep-info,metadata,link -C embed-bitcode=no -C debuginfo=2 '--warn=clippy::pedantic' '--allow=clippy::wildcard_imports' '--allow=clippy::used_underscore_binding' '--allow=clippy::unused_self' '--allow=clippy::unreadable_literal' '--allow=clippy::unnecessary_wraps' '--allow=clippy::unnecessary_join' '--allow=clippy::trivially_copy_pass_by_ref' '--allow=clippy::transmute_ptr_to_ptr' '--allow=clippy::too_many_lines' '--allow=clippy::too_long_first_doc_paragraph' '--allow=clippy::struct_field_names' '--allow=clippy::struct_excessive_bools' '--allow=clippy::stable_sort_primitive' '--allow=clippy::single_match_else' '--allow=clippy::similar_names' '--allow=clippy::should_panic_without_expect' '--allow=clippy::return_self_not_must_use' '--allow=clippy::result_large_err' '--allow=clippy::redundant_else' '--allow=clippy::range_plus_one' '--allow=clippy::option_option' '--allow=clippy::no_effect_underscore_binding' '--allow=clippy::needless_raw_string_hashes' '--allow=clippy::needless_pass_by_value' '--allow=clippy::needless_for_each' '--allow=clippy::needless_continue' '--allow=clippy::naive_bytecount' '--allow=clippy::mut_mut' '--allow=clippy::must_use_candidate' '--allow=clippy::module_name_repetitions' '--allow=clippy::missing_panics_doc' '--allow=clippy::missing_errors_doc' '--allow=clippy::match_wildcard_for_single_variants' '--allow=clippy::match_wild_err_arm' '--allow=clippy::match_same_arms' '--allow=clippy::match_bool' '--allow=clippy::many_single_char_names' '--allow=clippy::manual_string_new' '--allow=clippy::manual_let_else' '--allow=clippy::manual_is_variant_and' '--allow=clippy::manual_assert' '--allow=clippy::large_stack_arrays' '--allow=clippy::large_enum_variant' '--allow=clippy::iter_without_into_iter' '--allow=clippy::iter_not_returning_iterator' '--allow=clippy::items_after_statements' '--allow=clippy::inline_always' '--allow=clippy::inefficient_to_string' '--allow=clippy::inconsistent_struct_constructor' '--allow=clippy::implicit_clone' '--allow=clippy::ignored_unit_patterns' '--allow=clippy::if_not_else' '--allow=clippy::from_iter_instead_of_collect' '--allow=clippy::fn_params_excessive_bools' '--allow=clippy::filter_map_next' '--allow=clippy::explicit_iter_loop' '--allow=clippy::explicit_into_iter_loop' '--allow=clippy::explicit_deref_methods' '--allow=clippy::enum_glob_use' '--allow=clippy::empty_docs' '--allow=clippy::doc_markdown' '--allow=clippy::default_trait_access' '--allow=clippy::copy_iterator' '--allow=clippy::checked_conversions' '--allow=clippy::cast_sign_loss' '--allow=clippy::cast_precision_loss' '--allow=clippy::cast_possible_wrap' '--allow=clippy::cast_possible_truncation' '--allow=clippy::cast_lossless' '--allow=clippy::borrow_as_ptr' '--allow=clippy::bool_to_int_with_if' --check-cfg 'cfg(docsrs,test)' --check-cfg 'cfg(feature, values())' -C metadata=0fe3aba8601e73d5 -C extra-filename=-a70000bbc6e09483 --out-dir /tmp/cargo-mutants-casm-TRDkvl.tmp/target/debug/deps -L dependency=/tmp/cargo-mutants-casm-TRDkvl.tmp/target/debug/deps --extern bstr=/tmp/cargo-mutants-casm-TRDkvl.tmp/target/debug/deps/libbstr-758bb7fff42be4ac.rmeta --extern gix_path=/tmp/cargo-mutants-casm-TRDkvl.tmp/target/debug/deps/libgix_path-e88847596dde5b26.rmeta --extern gix_quote=/tmp/cargo-mutants-casm-TRDkvl.tmp/target/debug/deps/libgix_quote-0c2ad2ea41afd0d9.rmeta --extern gix_trace=/tmp/cargo-mutants-casm-TRDkvl.tmp/target/debug/deps/libgix_trace-fe3ae1ba08dc3b9c.rmeta --extern shell_words=/tmp/cargo-mutants-casm-TRDkvl.tmp/target/debug/deps/libshell_words-d334e0283a06b23a.rmeta --cap-lints allow`
   Compiling gix-packetline v0.22.0
     Running `/home/srinivasan/.rustup/toolchains/nightly-x86_64-unknown-linux-gnu/bin/rustc --crate-name gix_packetline --edition=2024 /home/srinivasan/.cargo/registry/src/index.crates.io-1949cf8c6b5b557f/gix-packetline-0.22.0/src/lib.rs --error-format=json --json=diagnostic-rendered-ansi,artifacts,future-incompat --crate-type lib --emit=dep-info,metadata,link -C embed-bitcode=no -C debuginfo=2 '--warn=clippy::pedantic' '--allow=clippy::wildcard_imports' '--allow=clippy::used_underscore_binding' '--allow=clippy::unused_self' '--allow=clippy::unreadable_literal' '--allow=clippy::unnecessary_wraps' '--allow=clippy::unnecessary_join' '--allow=clippy::trivially_copy_pass_by_ref' '--allow=clippy::transmute_ptr_to_ptr' '--allow=clippy::too_many_lines' '--allow=clippy::too_long_first_doc_paragraph' '--allow=clippy::struct_field_names' '--allow=clippy::struct_excessive_bools' '--allow=clippy::stable_sort_primitive' '--allow=clippy::single_match_else' '--allow=clippy::similar_names' '--allow=clippy::should_panic_without_expect' '--allow=clippy::return_self_not_must_use' '--allow=clippy::result_large_err' '--allow=clippy::redundant_else' '--allow=clippy::range_plus_one' '--allow=clippy::option_option' '--allow=clippy::no_effect_underscore_binding' '--allow=clippy::needless_raw_string_hashes' '--allow=clippy::needless_pass_by_value' '--allow=clippy::needless_for_each' '--allow=clippy::needless_continue' '--allow=clippy::naive_bytecount' '--allow=clippy::mut_mut' '--allow=clippy::must_use_candidate' '--allow=clippy::module_name_repetitions' '--allow=clippy::missing_panics_doc' '--allow=clippy::missing_errors_doc' '--allow=clippy::match_wildcard_for_single_variants' '--allow=clippy::match_wild_err_arm' '--allow=clippy::match_same_arms' '--allow=clippy::match_bool' '--allow=clippy::many_single_char_names' '--allow=clippy::manual_string_new' '--allow=clippy::manual_let_else' '--allow=clippy::manual_is_variant_and' '--allow=clippy::manual_assert' '--allow=clippy::large_stack_arrays' '--allow=clippy::large_enum_variant' '--allow=clippy::iter_without_into_iter' '--allow=clippy::iter_not_returning_iterator' '--allow=clippy::items_after_statements' '--allow=clippy::inline_always' '--allow=clippy::inefficient_to_string' '--allow=clippy::inconsistent_struct_constructor' '--allow=clippy::implicit_clone' '--allow=clippy::ignored_unit_patterns' '--allow=clippy::if_not_else' '--allow=clippy::from_iter_instead_of_collect' '--allow=clippy::fn_params_excessive_bools' '--allow=clippy::filter_map_next' '--allow=clippy::explicit_iter_loop' '--allow=clippy::explicit_into_iter_loop' '--allow=clippy::explicit_deref_methods' '--allow=clippy::enum_glob_use' '--allow=clippy::empty_docs' '--allow=clippy::doc_markdown' '--allow=clippy::default_trait_access' '--allow=clippy::copy_iterator' '--allow=clippy::checked_conversions' '--allow=clippy::cast_sign_loss' '--allow=clippy::cast_precision_loss' '--allow=clippy::cast_possible_wrap' '--allow=clippy::cast_possible_truncation' '--allow=clippy::cast_lossless' '--allow=clippy::borrow_as_ptr' '--allow=clippy::bool_to_int_with_if' --cfg 'feature="blocking-io"' --cfg 'feature="default"' --check-cfg 'cfg(docsrs,test)' --check-cfg 'cfg(feature, values("async-io", "blocking-io", "default", "document-features", "futures-lite", "serde"))' -C metadata=b43d32968b73e88e -C extra-filename=-774e006ad1506aca --out-dir /tmp/cargo-mutants-casm-TRDkvl.tmp/target/debug/deps -L dependency=/tmp/cargo-mutants-casm-TRDkvl.tmp/target/debug/deps --extern bstr=/tmp/cargo-mutants-casm-TRDkvl.tmp/target/debug/deps/libbstr-758bb7fff42be4ac.rmeta --extern faster_hex=/tmp/cargo-mutants-casm-TRDkvl.tmp/target/debug/deps/libfaster_hex-5c80c370e0c410ba.rmeta --extern gix_trace=/tmp/cargo-mutants-casm-TRDkvl.tmp/target/debug/deps/libgix_trace-fe3ae1ba08dc3b9c.rmeta --extern thiserror=/tmp/cargo-mutants-casm-TRDkvl.tmp/target/debug/deps/libthiserror-fe33048ba8aef29c.rmeta --cap-lints allow`
   Compiling gix-traverse v0.60.0
     Running `/home/srinivasan/.rustup/toolchains/nightly-x86_64-unknown-linux-gnu/bin/rustc --crate-name gix_traverse --edition=2024 /home/srinivasan/.cargo/registry/src/index.crates.io-1949cf8c6b5b557f/gix-traverse-0.60.0/src/lib.rs --error-format=json --json=diagnostic-rendered-ansi,artifacts,future-incompat --crate-type lib --emit=dep-info,metadata,link -C embed-bitcode=no -C debuginfo=2 '--warn=clippy::pedantic' '--allow=clippy::wildcard_imports' '--allow=clippy::used_underscore_binding' '--allow=clippy::unused_self' '--allow=clippy::unreadable_literal' '--allow=clippy::unnecessary_wraps' '--allow=clippy::unnecessary_join' '--allow=clippy::trivially_copy_pass_by_ref' '--allow=clippy::transmute_ptr_to_ptr' '--allow=clippy::too_many_lines' '--allow=clippy::too_long_first_doc_paragraph' '--allow=clippy::struct_field_names' '--allow=clippy::struct_excessive_bools' '--allow=clippy::stable_sort_primitive' '--allow=clippy::single_match_else' '--allow=clippy::similar_names' '--allow=clippy::should_panic_without_expect' '--allow=clippy::return_self_not_must_use' '--allow=clippy::result_large_err' '--allow=clippy::redundant_else' '--allow=clippy::range_plus_one' '--allow=clippy::option_option' '--allow=clippy::no_effect_underscore_binding' '--allow=clippy::needless_raw_string_hashes' '--allow=clippy::needless_pass_by_value' '--allow=clippy::needless_for_each' '--allow=clippy::needless_continue' '--allow=clippy::naive_bytecount' '--allow=clippy::mut_mut' '--allow=clippy::must_use_candidate' '--allow=clippy::module_name_repetitions' '--allow=clippy::missing_panics_doc' '--allow=clippy::missing_errors_doc' '--allow=clippy::match_wildcard_for_single_variants' '--allow=clippy::match_wild_err_arm' '--allow=clippy::match_same_arms' '--allow=clippy::match_bool' '--allow=clippy::many_single_char_names' '--allow=clippy::manual_string_new' '--allow=clippy::manual_let_else' '--allow=clippy::manual_is_variant_and' '--allow=clippy::manual_assert' '--allow=clippy::large_stack_arrays' '--allow=clippy::large_enum_variant' '--allow=clippy::iter_without_into_iter' '--allow=clippy::iter_not_returning_iterator' '--allow=clippy::items_after_statements' '--allow=clippy::inline_always' '--allow=clippy::inefficient_to_string' '--allow=clippy::inconsistent_struct_constructor' '--allow=clippy::implicit_clone' '--allow=clippy::ignored_unit_patterns' '--allow=clippy::if_not_else' '--allow=clippy::from_iter_instead_of_collect' '--allow=clippy::fn_params_excessive_bools' '--allow=clippy::filter_map_next' '--allow=clippy::explicit_iter_loop' '--allow=clippy::explicit_into_iter_loop' '--allow=clippy::explicit_deref_methods' '--allow=clippy::enum_glob_use' '--allow=clippy::empty_docs' '--allow=clippy::doc_markdown' '--allow=clippy::default_trait_access' '--allow=clippy::copy_iterator' '--allow=clippy::checked_conversions' '--allow=clippy::cast_sign_loss' '--allow=clippy::cast_precision_loss' '--allow=clippy::cast_possible_wrap' '--allow=clippy::cast_possible_truncation' '--allow=clippy::cast_lossless' '--allow=clippy::borrow_as_ptr' '--allow=clippy::bool_to_int_with_if' --check-cfg 'cfg(docsrs,test)' --check-cfg 'cfg(feature, values("sha1", "sha256"))' -C metadata=7543be9bfdcc2a33 -C extra-filename=-a5477c43203a3893 --out-dir /tmp/cargo-mutants-casm-TRDkvl.tmp/target/debug/deps -L dependency=/tmp/cargo-mutants-casm-TRDkvl.tmp/target/debug/deps --extern bitflags=/tmp/cargo-mutants-casm-TRDkvl.tmp/target/debug/deps/libbitflags-9af264abf64e7262.rmeta --extern gix_commitgraph=/tmp/cargo-mutants-casm-TRDkvl.tmp/target/debug/deps/libgix_commitgraph-1f5fed71807f813b.rmeta --extern gix_date=/tmp/cargo-mutants-casm-TRDkvl.tmp/target/debug/deps/libgix_date-fb80d222313d564b.rmeta --extern gix_hash=/tmp/cargo-mutants-casm-TRDkvl.tmp/target/debug/deps/libgix_hash-7e6e2d7296131b6f.rmeta --extern gix_hashtable=/tmp/cargo-mutants-casm-TRDkvl.tmp/target/debug/deps/libgix_hashtable-9aad3c190611bfca.rmeta --extern gix_object=/tmp/cargo-mutants-casm-TRDkvl.tmp/target/debug/deps/libgix_object-89d2629b02055cb1.rmeta --extern gix_revwalk=/tmp/cargo-mutants-casm-TRDkvl.tmp/target/debug/deps/libgix_revwalk-401daaf94120b85c.rmeta --extern smallvec=/tmp/cargo-mutants-casm-TRDkvl.tmp/target/debug/deps/libsmallvec-00c65a5ffe2221d3.rmeta --extern thiserror=/tmp/cargo-mutants-casm-TRDkvl.tmp/target/debug/deps/libthiserror-fe33048ba8aef29c.rmeta --cap-lints allow`
   Compiling gix-bitmap v0.3.3
     Running `/home/srinivasan/.rustup/toolchains/nightly-x86_64-unknown-linux-gnu/bin/rustc --crate-name gix_bitmap --edition=2024 /home/srinivasan/.cargo/registry/src/index.crates.io-1949cf8c6b5b557f/gix-bitmap-0.3.3/src/lib.rs --error-format=json --json=diagnostic-rendered-ansi,artifacts,future-incompat --crate-type lib --emit=dep-info,metadata,link -C embed-bitcode=no -C debuginfo=2 '--warn=clippy::pedantic' '--allow=clippy::wildcard_imports' '--allow=clippy::used_underscore_binding' '--allow=clippy::unused_self' '--allow=clippy::unreadable_literal' '--allow=clippy::unnecessary_wraps' '--allow=clippy::unnecessary_join' '--allow=clippy::trivially_copy_pass_by_ref' '--allow=clippy::transmute_ptr_to_ptr' '--allow=clippy::too_many_lines' '--allow=clippy::too_long_first_doc_paragraph' '--allow=clippy::struct_field_names' '--allow=clippy::struct_excessive_bools' '--allow=clippy::stable_sort_primitive' '--allow=clippy::single_match_else' '--allow=clippy::similar_names' '--allow=clippy::should_panic_without_expect' '--allow=clippy::return_self_not_must_use' '--allow=clippy::result_large_err' '--allow=clippy::redundant_else' '--allow=clippy::range_plus_one' '--allow=clippy::option_option' '--allow=clippy::no_effect_underscore_binding' '--allow=clippy::needless_raw_string_hashes' '--allow=clippy::needless_pass_by_value' '--allow=clippy::needless_for_each' '--allow=clippy::needless_continue' '--allow=clippy::naive_bytecount' '--allow=clippy::mut_mut' '--allow=clippy::must_use_candidate' '--allow=clippy::module_name_repetitions' '--allow=clippy::missing_panics_doc' '--allow=clippy::missing_errors_doc' '--allow=clippy::match_wildcard_for_single_variants' '--allow=clippy::match_wild_err_arm' '--allow=clippy::match_same_arms' '--allow=clippy::match_bool' '--allow=clippy::many_single_char_names' '--allow=clippy::manual_string_new' '--allow=clippy::manual_let_else' '--allow=clippy::manual_is_variant_and' '--allow=clippy::manual_assert' '--allow=clippy::large_stack_arrays' '--allow=clippy::large_enum_variant' '--allow=clippy::iter_without_into_iter' '--allow=clippy::iter_not_returning_iterator' '--allow=clippy::items_after_statements' '--allow=clippy::inline_always' '--allow=clippy::inefficient_to_string' '--allow=clippy::inconsistent_struct_constructor' '--allow=clippy::implicit_clone' '--allow=clippy::ignored_unit_patterns' '--allow=clippy::if_not_else' '--allow=clippy::from_iter_instead_of_collect' '--allow=clippy::fn_params_excessive_bools' '--allow=clippy::filter_map_next' '--allow=clippy::explicit_iter_loop' '--allow=clippy::explicit_into_iter_loop' '--allow=clippy::explicit_deref_methods' '--allow=clippy::enum_glob_use' '--allow=clippy::empty_docs' '--allow=clippy::doc_markdown' '--allow=clippy::default_trait_access' '--allow=clippy::copy_iterator' '--allow=clippy::checked_conversions' '--allow=clippy::cast_sign_loss' '--allow=clippy::cast_precision_loss' '--allow=clippy::cast_possible_wrap' '--allow=clippy::cast_possible_truncation' '--allow=clippy::cast_lossless' '--allow=clippy::borrow_as_ptr' '--allow=clippy::bool_to_int_with_if' --check-cfg 'cfg(docsrs,test)' --check-cfg 'cfg(feature, values())' -C metadata=8d8b796d43414b14 -C extra-filename=-871d608dc5f2e1a5 --out-dir /tmp/cargo-mutants-casm-TRDkvl.tmp/target/debug/deps -L dependency=/tmp/cargo-mutants-casm-TRDkvl.tmp/target/debug/deps --extern gix_error=/tmp/cargo-mutants-casm-TRDkvl.tmp/target/debug/deps/libgix_error-6f73a96eee96ca09.rmeta --cap-lints allow`
   Compiling gix-url v0.37.0
     Running `/home/srinivasan/.rustup/toolchains/nightly-x86_64-unknown-linux-gnu/bin/rustc --crate-name gix_url --edition=2024 /home/srinivasan/.cargo/registry/src/index.crates.io-1949cf8c6b5b557f/gix-url-0.37.0/src/lib.rs --error-format=json --json=diagnostic-rendered-ansi,artifacts,future-incompat --crate-type lib --emit=dep-info,metadata,link -C embed-bitcode=no -C debuginfo=2 '--warn=clippy::pedantic' '--allow=clippy::wildcard_imports' '--allow=clippy::used_underscore_binding' '--allow=clippy::unused_self' '--allow=clippy::unreadable_literal' '--allow=clippy::unnecessary_wraps' '--allow=clippy::unnecessary_join' '--allow=clippy::trivially_copy_pass_by_ref' '--allow=clippy::transmute_ptr_to_ptr' '--allow=clippy::too_many_lines' '--allow=clippy::too_long_first_doc_paragraph' '--allow=clippy::struct_field_names' '--allow=clippy::struct_excessive_bools' '--allow=clippy::stable_sort_primitive' '--allow=clippy::single_match_else' '--allow=clippy::similar_names' '--allow=clippy::should_panic_without_expect' '--allow=clippy::return_self_not_must_use' '--allow=clippy::result_large_err' '--allow=clippy::redundant_else' '--allow=clippy::range_plus_one' '--allow=clippy::option_option' '--allow=clippy::no_effect_underscore_binding' '--allow=clippy::needless_raw_string_hashes' '--allow=clippy::needless_pass_by_value' '--allow=clippy::needless_for_each' '--allow=clippy::needless_continue' '--allow=clippy::naive_bytecount' '--allow=clippy::mut_mut' '--allow=clippy::must_use_candidate' '--allow=clippy::module_name_repetitions' '--allow=clippy::missing_panics_doc' '--allow=clippy::missing_errors_doc' '--allow=clippy::match_wildcard_for_single_variants' '--allow=clippy::match_wild_err_arm' '--allow=clippy::match_same_arms' '--allow=clippy::match_bool' '--allow=clippy::many_single_char_names' '--allow=clippy::manual_string_new' '--allow=clippy::manual_let_else' '--allow=clippy::manual_is_variant_and' '--allow=clippy::manual_assert' '--allow=clippy::large_stack_arrays' '--allow=clippy::large_enum_variant' '--allow=clippy::iter_without_into_iter' '--allow=clippy::iter_not_returning_iterator' '--allow=clippy::items_after_statements' '--allow=clippy::inline_always' '--allow=clippy::inefficient_to_string' '--allow=clippy::inconsistent_struct_constructor' '--allow=clippy::implicit_clone' '--allow=clippy::ignored_unit_patterns' '--allow=clippy::if_not_else' '--allow=clippy::from_iter_instead_of_collect' '--allow=clippy::fn_params_excessive_bools' '--allow=clippy::filter_map_next' '--allow=clippy::explicit_iter_loop' '--allow=clippy::explicit_into_iter_loop' '--allow=clippy::explicit_deref_methods' '--allow=clippy::enum_glob_use' '--allow=clippy::empty_docs' '--allow=clippy::doc_markdown' '--allow=clippy::default_trait_access' '--allow=clippy::copy_iterator' '--allow=clippy::checked_conversions' '--allow=clippy::cast_sign_loss' '--allow=clippy::cast_precision_loss' '--allow=clippy::cast_possible_wrap' '--allow=clippy::cast_possible_truncation' '--allow=clippy::cast_lossless' '--allow=clippy::borrow_as_ptr' '--allow=clippy::bool_to_int_with_if' --check-cfg 'cfg(docsrs,test)' --check-cfg 'cfg(feature, values("document-features", "serde"))' -C metadata=19f364abf6602e08 -C extra-filename=-0bfeb7aca9ad6e71 --out-dir /tmp/cargo-mutants-casm-TRDkvl.tmp/target/debug/deps -L dependency=/tmp/cargo-mutants-casm-TRDkvl.tmp/target/debug/deps --extern bstr=/tmp/cargo-mutants-casm-TRDkvl.tmp/target/debug/deps/libbstr-758bb7fff42be4ac.rmeta --extern gix_path=/tmp/cargo-mutants-casm-TRDkvl.tmp/target/debug/deps/libgix_path-e88847596dde5b26.rmeta --extern gix_utils=/tmp/cargo-mutants-casm-TRDkvl.tmp/target/debug/deps/libgix_utils-f89e2ad74b12d7b1.rmeta --extern percent_encoding=/tmp/cargo-mutants-casm-TRDkvl.tmp/target/debug/deps/libpercent_encoding-fdb8b4bcafcb590c.rmeta --extern thiserror=/tmp/cargo-mutants-casm-TRDkvl.tmp/target/debug/deps/libthiserror-fe33048ba8aef29c.rmeta --cap-lints allow`
   Compiling gix-config-value v0.19.0
     Running `/home/srinivasan/.rustup/toolchains/nightly-x86_64-unknown-linux-gnu/bin/rustc --crate-name gix_config_value --edition=2024 /home/srinivasan/.cargo/registry/src/index.crates.io-1949cf8c6b5b557f/gix-config-value-0.19.0/src/lib.rs --error-format=json --json=diagnostic-rendered-ansi,artifacts,future-incompat --crate-type lib --emit=dep-info,metadata,link -C embed-bitcode=no -C debuginfo=2 '--warn=clippy::pedantic' '--allow=clippy::wildcard_imports' '--allow=clippy::used_underscore_binding' '--allow=clippy::unused_self' '--allow=clippy::unreadable_literal' '--allow=clippy::unnecessary_wraps' '--allow=clippy::unnecessary_join' '--allow=clippy::trivially_copy_pass_by_ref' '--allow=clippy::transmute_ptr_to_ptr' '--allow=clippy::too_many_lines' '--allow=clippy::too_long_first_doc_paragraph' '--allow=clippy::struct_field_names' '--allow=clippy::struct_excessive_bools' '--allow=clippy::stable_sort_primitive' '--allow=clippy::single_match_else' '--allow=clippy::similar_names' '--allow=clippy::should_panic_without_expect' '--allow=clippy::return_self_not_must_use' '--allow=clippy::result_large_err' '--allow=clippy::redundant_else' '--allow=clippy::range_plus_one' '--allow=clippy::option_option' '--allow=clippy::no_effect_underscore_binding' '--allow=clippy::needless_raw_string_hashes' '--allow=clippy::needless_pass_by_value' '--allow=clippy::needless_for_each' '--allow=clippy::needless_continue' '--allow=clippy::naive_bytecount' '--allow=clippy::mut_mut' '--allow=clippy::must_use_candidate' '--allow=clippy::module_name_repetitions' '--allow=clippy::missing_panics_doc' '--allow=clippy::missing_errors_doc' '--allow=clippy::match_wildcard_for_single_variants' '--allow=clippy::match_wild_err_arm' '--allow=clippy::match_same_arms' '--allow=clippy::match_bool' '--allow=clippy::many_single_char_names' '--allow=clippy::manual_string_new' '--allow=clippy::manual_let_else' '--allow=clippy::manual_is_variant_and' '--allow=clippy::manual_assert' '--allow=clippy::large_stack_arrays' '--allow=clippy::large_enum_variant' '--allow=clippy::iter_without_into_iter' '--allow=clippy::iter_not_returning_iterator' '--allow=clippy::items_after_statements' '--allow=clippy::inline_always' '--allow=clippy::inefficient_to_string' '--allow=clippy::inconsistent_struct_constructor' '--allow=clippy::implicit_clone' '--allow=clippy::ignored_unit_patterns' '--allow=clippy::if_not_else' '--allow=clippy::from_iter_instead_of_collect' '--allow=clippy::fn_params_excessive_bools' '--allow=clippy::filter_map_next' '--allow=clippy::explicit_iter_loop' '--allow=clippy::explicit_into_iter_loop' '--allow=clippy::explicit_deref_methods' '--allow=clippy::enum_glob_use' '--allow=clippy::empty_docs' '--allow=clippy::doc_markdown' '--allow=clippy::default_trait_access' '--allow=clippy::copy_iterator' '--allow=clippy::checked_conversions' '--allow=clippy::cast_sign_loss' '--allow=clippy::cast_precision_loss' '--allow=clippy::cast_possible_wrap' '--allow=clippy::cast_possible_truncation' '--allow=clippy::cast_lossless' '--allow=clippy::borrow_as_ptr' '--allow=clippy::bool_to_int_with_if' --check-cfg 'cfg(docsrs,test)' --check-cfg 'cfg(feature, values("document-features", "serde"))' -C metadata=e3366f60aebb4520 -C extra-filename=-dbb273b63ee7bb41 --out-dir /tmp/cargo-mutants-casm-TRDkvl.tmp/target/debug/deps -L dependency=/tmp/cargo-mutants-casm-TRDkvl.tmp/target/debug/deps --extern bitflags=/tmp/cargo-mutants-casm-TRDkvl.tmp/target/debug/deps/libbitflags-9af264abf64e7262.rmeta --extern bstr=/tmp/cargo-mutants-casm-TRDkvl.tmp/target/debug/deps/libbstr-758bb7fff42be4ac.rmeta --extern gix_path=/tmp/cargo-mutants-casm-TRDkvl.tmp/target/debug/deps/libgix_path-e88847596dde5b26.rmeta --extern libc=/tmp/cargo-mutants-casm-TRDkvl.tmp/target/debug/deps/liblibc-65418387ff813146.rmeta --extern thiserror=/tmp/cargo-mutants-casm-TRDkvl.tmp/target/debug/deps/libthiserror-fe33048ba8aef29c.rmeta --cap-lints allow`
   Compiling gix-index v0.54.0
     Running `/home/srinivasan/.rustup/toolchains/nightly-x86_64-unknown-linux-gnu/bin/rustc --crate-name gix_index --edition=2024 /home/srinivasan/.cargo/registry/src/index.crates.io-1949cf8c6b5b557f/gix-index-0.54.0/src/lib.rs --error-format=json --json=diagnostic-rendered-ansi,artifacts,future-incompat --crate-type lib --emit=dep-info,metadata,link -C embed-bitcode=no -C debuginfo=2 '--warn=clippy::pedantic' '--allow=clippy::wildcard_imports' '--allow=clippy::used_underscore_binding' '--allow=clippy::unused_self' '--allow=clippy::unreadable_literal' '--allow=clippy::unnecessary_wraps' '--allow=clippy::unnecessary_join' '--allow=clippy::trivially_copy_pass_by_ref' '--allow=clippy::transmute_ptr_to_ptr' '--allow=clippy::too_many_lines' '--allow=clippy::too_long_first_doc_paragraph' '--allow=clippy::struct_field_names' '--allow=clippy::struct_excessive_bools' '--allow=clippy::stable_sort_primitive' '--allow=clippy::single_match_else' '--allow=clippy::similar_names' '--allow=clippy::should_panic_without_expect' '--allow=clippy::return_self_not_must_use' '--allow=clippy::result_large_err' '--allow=clippy::redundant_else' '--allow=clippy::range_plus_one' '--allow=clippy::option_option' '--allow=clippy::no_effect_underscore_binding' '--allow=clippy::needless_raw_string_hashes' '--allow=clippy::needless_pass_by_value' '--allow=clippy::needless_for_each' '--allow=clippy::needless_continue' '--allow=clippy::naive_bytecount' '--allow=clippy::mut_mut' '--allow=clippy::must_use_candidate' '--allow=clippy::module_name_repetitions' '--allow=clippy::missing_panics_doc' '--allow=clippy::missing_errors_doc' '--allow=clippy::match_wildcard_for_single_variants' '--allow=clippy::match_wild_err_arm' '--allow=clippy::match_same_arms' '--allow=clippy::match_bool' '--allow=clippy::many_single_char_names' '--allow=clippy::manual_string_new' '--allow=clippy::manual_let_else' '--allow=clippy::manual_is_variant_and' '--allow=clippy::manual_assert' '--allow=clippy::large_stack_arrays' '--allow=clippy::large_enum_variant' '--allow=clippy::iter_without_into_iter' '--allow=clippy::iter_not_returning_iterator' '--allow=clippy::items_after_statements' '--allow=clippy::inline_always' '--allow=clippy::inefficient_to_string' '--allow=clippy::inconsistent_struct_constructor' '--allow=clippy::implicit_clone' '--allow=clippy::ignored_unit_patterns' '--allow=clippy::if_not_else' '--allow=clippy::from_iter_instead_of_collect' '--allow=clippy::fn_params_excessive_bools' '--allow=clippy::filter_map_next' '--allow=clippy::explicit_iter_loop' '--allow=clippy::explicit_into_iter_loop' '--allow=clippy::explicit_deref_methods' '--allow=clippy::enum_glob_use' '--allow=clippy::empty_docs' '--allow=clippy::doc_markdown' '--allow=clippy::default_trait_access' '--allow=clippy::copy_iterator' '--allow=clippy::checked_conversions' '--allow=clippy::cast_sign_loss' '--allow=clippy::cast_precision_loss' '--allow=clippy::cast_possible_wrap' '--allow=clippy::cast_possible_truncation' '--allow=clippy::cast_lossless' '--allow=clippy::borrow_as_ptr' '--allow=clippy::bool_to_int_with_if' --check-cfg 'cfg(docsrs,test)' --check-cfg 'cfg(feature, values("document-features", "parallel", "serde", "sha1", "sha256"))' -C metadata=54d4046def319a07 -C extra-filename=-46bb3efab35c2b36 --out-dir /tmp/cargo-mutants-casm-TRDkvl.tmp/target/debug/deps -L dependency=/tmp/cargo-mutants-casm-TRDkvl.tmp/target/debug/deps --extern bitflags=/tmp/cargo-mutants-casm-TRDkvl.tmp/target/debug/deps/libbitflags-9af264abf64e7262.rmeta --extern bstr=/tmp/cargo-mutants-casm-TRDkvl.tmp/target/debug/deps/libbstr-758bb7fff42be4ac.rmeta --extern filetime=/tmp/cargo-mutants-casm-TRDkvl.tmp/target/debug/deps/libfiletime-c725a761cb4ac8fd.rmeta --extern fnv=/tmp/cargo-mutants-casm-TRDkvl.tmp/target/debug/deps/libfnv-b4193684a965a7e4.rmeta --extern gix_bitmap=/tmp/cargo-mutants-casm-TRDkvl.tmp/target/debug/deps/libgix_bitmap-871d608dc5f2e1a5.rmeta --extern gix_features=/tmp/cargo-mutants-casm-TRDkvl.tmp/target/debug/deps/libgix_features-713935214e3e3aac.rmeta --extern gix_fs=/tmp/cargo-mutants-casm-TRDkvl.tmp/target/debug/deps/libgix_fs-94112262574d3d41.rmeta --extern gix_hash=/tmp/cargo-mutants-casm-TRDkvl.tmp/target/debug/deps/libgix_hash-7e6e2d7296131b6f.rmeta --extern gix_lock=/tmp/cargo-mutants-casm-TRDkvl.tmp/target/debug/deps/libgix_lock-34dcb8880a9cb5ae.rmeta --extern gix_object=/tmp/cargo-mutants-casm-TRDkvl.tmp/target/debug/deps/libgix_object-89d2629b02055cb1.rmeta --extern gix_traverse=/tmp/cargo-mutants-casm-TRDkvl.tmp/target/debug/deps/libgix_traverse-a5477c43203a3893.rmeta --extern gix_utils=/tmp/cargo-mutants-casm-TRDkvl.tmp/target/debug/deps/libgix_utils-f89e2ad74b12d7b1.rmeta --extern gix_validate=/tmp/cargo-mutants-casm-TRDkvl.tmp/target/debug/deps/libgix_validate-fb34b738c47dba73.rmeta --extern hashbrown=/tmp/cargo-mutants-casm-TRDkvl.tmp/target/debug/deps/libhashbrown-9a41c5781a4c5195.rmeta --extern itoa=/tmp/cargo-mutants-casm-TRDkvl.tmp/target/debug/deps/libitoa-6a6d3f3d53caa1d6.rmeta --extern libc=/tmp/cargo-mutants-casm-TRDkvl.tmp/target/debug/deps/liblibc-65418387ff813146.rmeta --extern memmap2=/tmp/cargo-mutants-casm-TRDkvl.tmp/target/debug/deps/libmemmap2-d07795cb874754f5.rmeta --extern rustix=/tmp/cargo-mutants-casm-TRDkvl.tmp/target/debug/deps/librustix-d43542d6d2c045c8.rmeta --extern smallvec=/tmp/cargo-mutants-casm-TRDkvl.tmp/target/debug/deps/libsmallvec-00c65a5ffe2221d3.rmeta --extern thiserror=/tmp/cargo-mutants-casm-TRDkvl.tmp/target/debug/deps/libthiserror-fe33048ba8aef29c.rmeta --cap-lints allow`
   Compiling gix-revision v0.48.0
     Running `/home/srinivasan/.rustup/toolchains/nightly-x86_64-unknown-linux-gnu/bin/rustc --crate-name gix_revision --edition=2024 /home/srinivasan/.cargo/registry/src/index.crates.io-1949cf8c6b5b557f/gix-revision-0.48.0/src/lib.rs --error-format=json --json=diagnostic-rendered-ansi,artifacts,future-incompat --crate-type lib --emit=dep-info,metadata,link -C embed-bitcode=no -C debuginfo=2 '--warn=clippy::pedantic' '--allow=clippy::wildcard_imports' '--allow=clippy::used_underscore_binding' '--allow=clippy::unused_self' '--allow=clippy::unreadable_literal' '--allow=clippy::unnecessary_wraps' '--allow=clippy::unnecessary_join' '--allow=clippy::trivially_copy_pass_by_ref' '--allow=clippy::transmute_ptr_to_ptr' '--allow=clippy::too_many_lines' '--allow=clippy::too_long_first_doc_paragraph' '--allow=clippy::struct_field_names' '--allow=clippy::struct_excessive_bools' '--allow=clippy::stable_sort_primitive' '--allow=clippy::single_match_else' '--allow=clippy::similar_names' '--allow=clippy::should_panic_without_expect' '--allow=clippy::return_self_not_must_use' '--allow=clippy::result_large_err' '--allow=clippy::redundant_else' '--allow=clippy::range_plus_one' '--allow=clippy::option_option' '--allow=clippy::no_effect_underscore_binding' '--allow=clippy::needless_raw_string_hashes' '--allow=clippy::needless_pass_by_value' '--allow=clippy::needless_for_each' '--allow=clippy::needless_continue' '--allow=clippy::naive_bytecount' '--allow=clippy::mut_mut' '--allow=clippy::must_use_candidate' '--allow=clippy::module_name_repetitions' '--allow=clippy::missing_panics_doc' '--allow=clippy::missing_errors_doc' '--allow=clippy::match_wildcard_for_single_variants' '--allow=clippy::match_wild_err_arm' '--allow=clippy::match_same_arms' '--allow=clippy::match_bool' '--allow=clippy::many_single_char_names' '--allow=clippy::manual_string_new' '--allow=clippy::manual_let_else' '--allow=clippy::manual_is_variant_and' '--allow=clippy::manual_assert' '--allow=clippy::large_stack_arrays' '--allow=clippy::large_enum_variant' '--allow=clippy::iter_without_into_iter' '--allow=clippy::iter_not_returning_iterator' '--allow=clippy::items_after_statements' '--allow=clippy::inline_always' '--allow=clippy::inefficient_to_string' '--allow=clippy::inconsistent_struct_constructor' '--allow=clippy::implicit_clone' '--allow=clippy::ignored_unit_patterns' '--allow=clippy::if_not_else' '--allow=clippy::from_iter_instead_of_collect' '--allow=clippy::fn_params_excessive_bools' '--allow=clippy::filter_map_next' '--allow=clippy::explicit_iter_loop' '--allow=clippy::explicit_into_iter_loop' '--allow=clippy::explicit_deref_methods' '--allow=clippy::enum_glob_use' '--allow=clippy::empty_docs' '--allow=clippy::doc_markdown' '--allow=clippy::default_trait_access' '--allow=clippy::copy_iterator' '--allow=clippy::checked_conversions' '--allow=clippy::cast_sign_loss' '--allow=clippy::cast_precision_loss' '--allow=clippy::cast_possible_wrap' '--allow=clippy::cast_possible_truncation' '--allow=clippy::cast_lossless' '--allow=clippy::borrow_as_ptr' '--allow=clippy::bool_to_int_with_if' --cfg 'feature="describe"' --cfg 'feature="merge_base"' --check-cfg 'cfg(docsrs,test)' --check-cfg 'cfg(feature, values("default", "describe", "document-features", "merge_base", "serde", "sha1", "sha256"))' -C metadata=cd0bb6083491472d -C extra-filename=-07d37ba88153872c --out-dir /tmp/cargo-mutants-casm-TRDkvl.tmp/target/debug/deps -L dependency=/tmp/cargo-mutants-casm-TRDkvl.tmp/target/debug/deps --extern bitflags=/tmp/cargo-mutants-casm-TRDkvl.tmp/target/debug/deps/libbitflags-9af264abf64e7262.rmeta --extern bstr=/tmp/cargo-mutants-casm-TRDkvl.tmp/target/debug/deps/libbstr-758bb7fff42be4ac.rmeta --extern gix_commitgraph=/tmp/cargo-mutants-casm-TRDkvl.tmp/target/debug/deps/libgix_commitgraph-1f5fed71807f813b.rmeta --extern gix_date=/tmp/cargo-mutants-casm-TRDkvl.tmp/target/debug/deps/libgix_date-fb80d222313d564b.rmeta --extern gix_error=/tmp/cargo-mutants-casm-TRDkvl.tmp/target/debug/deps/libgix_error-6f73a96eee96ca09.rmeta --extern gix_hash=/tmp/cargo-mutants-casm-TRDkvl.tmp/target/debug/deps/libgix_hash-7e6e2d7296131b6f.rmeta --extern gix_hashtable=/tmp/cargo-mutants-casm-TRDkvl.tmp/target/debug/deps/libgix_hashtable-9aad3c190611bfca.rmeta --extern gix_object=/tmp/cargo-mutants-casm-TRDkvl.tmp/target/debug/deps/libgix_object-89d2629b02055cb1.rmeta --extern gix_revwalk=/tmp/cargo-mutants-casm-TRDkvl.tmp/target/debug/deps/libgix_revwalk-401daaf94120b85c.rmeta --extern gix_trace=/tmp/cargo-mutants-casm-TRDkvl.tmp/target/debug/deps/libgix_trace-fe3ae1ba08dc3b9c.rmeta --extern nonempty=/tmp/cargo-mutants-casm-TRDkvl.tmp/target/debug/deps/libnonempty-2f9693126db11f85.rmeta --cap-lints allow`
   Compiling gix-ignore v0.22.0
     Running `/home/srinivasan/.rustup/toolchains/nightly-x86_64-unknown-linux-gnu/bin/rustc --crate-name gix_ignore --edition=2024 /home/srinivasan/.cargo/registry/src/index.crates.io-1949cf8c6b5b557f/gix-ignore-0.22.0/src/lib.rs --error-format=json --json=diagnostic-rendered-ansi,artifacts,future-incompat --crate-type lib --emit=dep-info,metadata,link -C embed-bitcode=no -C debuginfo=2 '--warn=clippy::pedantic' '--allow=clippy::wildcard_imports' '--allow=clippy::used_underscore_binding' '--allow=clippy::unused_self' '--allow=clippy::unreadable_literal' '--allow=clippy::unnecessary_wraps' '--allow=clippy::unnecessary_join' '--allow=clippy::trivially_copy_pass_by_ref' '--allow=clippy::transmute_ptr_to_ptr' '--allow=clippy::too_many_lines' '--allow=clippy::too_long_first_doc_paragraph' '--allow=clippy::struct_field_names' '--allow=clippy::struct_excessive_bools' '--allow=clippy::stable_sort_primitive' '--allow=clippy::single_match_else' '--allow=clippy::similar_names' '--allow=clippy::should_panic_without_expect' '--allow=clippy::return_self_not_must_use' '--allow=clippy::result_large_err' '--allow=clippy::redundant_else' '--allow=clippy::range_plus_one' '--allow=clippy::option_option' '--allow=clippy::no_effect_underscore_binding' '--allow=clippy::needless_raw_string_hashes' '--allow=clippy::needless_pass_by_value' '--allow=clippy::needless_for_each' '--allow=clippy::needless_continue' '--allow=clippy::naive_bytecount' '--allow=clippy::mut_mut' '--allow=clippy::must_use_candidate' '--allow=clippy::module_name_repetitions' '--allow=clippy::missing_panics_doc' '--allow=clippy::missing_errors_doc' '--allow=clippy::match_wildcard_for_single_variants' '--allow=clippy::match_wild_err_arm' '--allow=clippy::match_same_arms' '--allow=clippy::match_bool' '--allow=clippy::many_single_char_names' '--allow=clippy::manual_string_new' '--allow=clippy::manual_let_else' '--allow=clippy::manual_is_variant_and' '--allow=clippy::manual_assert' '--allow=clippy::large_stack_arrays' '--allow=clippy::large_enum_variant' '--allow=clippy::iter_without_into_iter' '--allow=clippy::iter_not_returning_iterator' '--allow=clippy::items_after_statements' '--allow=clippy::inline_always' '--allow=clippy::inefficient_to_string' '--allow=clippy::inconsistent_struct_constructor' '--allow=clippy::implicit_clone' '--allow=clippy::ignored_unit_patterns' '--allow=clippy::if_not_else' '--allow=clippy::from_iter_instead_of_collect' '--allow=clippy::fn_params_excessive_bools' '--allow=clippy::filter_map_next' '--allow=clippy::explicit_iter_loop' '--allow=clippy::explicit_into_iter_loop' '--allow=clippy::explicit_deref_methods' '--allow=clippy::enum_glob_use' '--allow=clippy::empty_docs' '--allow=clippy::doc_markdown' '--allow=clippy::default_trait_access' '--allow=clippy::copy_iterator' '--allow=clippy::checked_conversions' '--allow=clippy::cast_sign_loss' '--allow=clippy::cast_precision_loss' '--allow=clippy::cast_possible_wrap' '--allow=clippy::cast_possible_truncation' '--allow=clippy::cast_lossless' '--allow=clippy::borrow_as_ptr' '--allow=clippy::bool_to_int_with_if' --check-cfg 'cfg(docsrs,test)' --check-cfg 'cfg(feature, values("document-features", "serde"))' -C metadata=a5e00976a75b2194 -C extra-filename=-6fed55f53fb7df2a --out-dir /tmp/cargo-mutants-casm-TRDkvl.tmp/target/debug/deps -L dependency=/tmp/cargo-mutants-casm-TRDkvl.tmp/target/debug/deps --extern bstr=/tmp/cargo-mutants-casm-TRDkvl.tmp/target/debug/deps/libbstr-758bb7fff42be4ac.rmeta --extern gix_glob=/tmp/cargo-mutants-casm-TRDkvl.tmp/target/debug/deps/libgix_glob-bb0626d894753c05.rmeta --extern gix_path=/tmp/cargo-mutants-casm-TRDkvl.tmp/target/debug/deps/libgix_path-e88847596dde5b26.rmeta --extern gix_trace=/tmp/cargo-mutants-casm-TRDkvl.tmp/target/debug/deps/libgix_trace-fe3ae1ba08dc3b9c.rmeta --extern unicode_bom=/tmp/cargo-mutants-casm-TRDkvl.tmp/target/debug/deps/libunicode_bom-624cad395bebc465.rmeta --cap-lints allow`
   Compiling gix-worktree v0.55.0
     Running `/home/srinivasan/.rustup/toolchains/nightly-x86_64-unknown-linux-gnu/bin/rustc --crate-name gix_worktree --edition=2024 /home/srinivasan/.cargo/registry/src/index.crates.io-1949cf8c6b5b557f/gix-worktree-0.55.0/src/lib.rs --error-format=json --json=diagnostic-rendered-ansi,artifacts,future-incompat --crate-type lib --emit=dep-info,metadata,link -C embed-bitcode=no -C debuginfo=2 '--warn=clippy::pedantic' '--allow=clippy::wildcard_imports' '--allow=clippy::used_underscore_binding' '--allow=clippy::unused_self' '--allow=clippy::unreadable_literal' '--allow=clippy::unnecessary_wraps' '--allow=clippy::unnecessary_join' '--allow=clippy::trivially_copy_pass_by_ref' '--allow=clippy::transmute_ptr_to_ptr' '--allow=clippy::too_many_lines' '--allow=clippy::too_long_first_doc_paragraph' '--allow=clippy::struct_field_names' '--allow=clippy::struct_excessive_bools' '--allow=clippy::stable_sort_primitive' '--allow=clippy::single_match_else' '--allow=clippy::similar_names' '--allow=clippy::should_panic_without_expect' '--allow=clippy::return_self_not_must_use' '--allow=clippy::result_large_err' '--allow=clippy::redundant_else' '--allow=clippy::range_plus_one' '--allow=clippy::option_option' '--allow=clippy::no_effect_underscore_binding' '--allow=clippy::needless_raw_string_hashes' '--allow=clippy::needless_pass_by_value' '--allow=clippy::needless_for_each' '--allow=clippy::needless_continue' '--allow=clippy::naive_bytecount' '--allow=clippy::mut_mut' '--allow=clippy::must_use_candidate' '--allow=clippy::module_name_repetitions' '--allow=clippy::missing_panics_doc' '--allow=clippy::missing_errors_doc' '--allow=clippy::match_wildcard_for_single_variants' '--allow=clippy::match_wild_err_arm' '--allow=clippy::match_same_arms' '--allow=clippy::match_bool' '--allow=clippy::many_single_char_names' '--allow=clippy::manual_string_new' '--allow=clippy::manual_let_else' '--allow=clippy::manual_is_variant_and' '--allow=clippy::manual_assert' '--allow=clippy::large_stack_arrays' '--allow=clippy::large_enum_variant' '--allow=clippy::iter_without_into_iter' '--allow=clippy::iter_not_returning_iterator' '--allow=clippy::items_after_statements' '--allow=clippy::inline_always' '--allow=clippy::inefficient_to_string' '--allow=clippy::inconsistent_struct_constructor' '--allow=clippy::implicit_clone' '--allow=clippy::ignored_unit_patterns' '--allow=clippy::if_not_else' '--allow=clippy::from_iter_instead_of_collect' '--allow=clippy::fn_params_excessive_bools' '--allow=clippy::filter_map_next' '--allow=clippy::explicit_iter_loop' '--allow=clippy::explicit_into_iter_loop' '--allow=clippy::explicit_deref_methods' '--allow=clippy::enum_glob_use' '--allow=clippy::empty_docs' '--allow=clippy::doc_markdown' '--allow=clippy::default_trait_access' '--allow=clippy::copy_iterator' '--allow=clippy::checked_conversions' '--allow=clippy::cast_sign_loss' '--allow=clippy::cast_precision_loss' '--allow=clippy::cast_possible_wrap' '--allow=clippy::cast_possible_truncation' '--allow=clippy::cast_lossless' '--allow=clippy::borrow_as_ptr' '--allow=clippy::bool_to_int_with_if' --cfg 'feature="attributes"' --cfg 'feature="gix-features"' --cfg 'feature="parallel"' --check-cfg 'cfg(docsrs,test)' --check-cfg 'cfg(feature, values("attributes", "default", "document-features", "gix-features", "parallel", "serde", "sha1", "sha256"))' -C metadata=f05d9a8be0185d6e -C extra-filename=-ba1a36684d30f56a --out-dir /tmp/cargo-mutants-casm-TRDkvl.tmp/target/debug/deps -L dependency=/tmp/cargo-mutants-casm-TRDkvl.tmp/target/debug/deps --extern bstr=/tmp/cargo-mutants-casm-TRDkvl.tmp/target/debug/deps/libbstr-758bb7fff42be4ac.rmeta --extern gix_attributes=/tmp/cargo-mutants-casm-TRDkvl.tmp/target/debug/deps/libgix_attributes-1c363e48c52dfe66.rmeta --extern gix_features=/tmp/cargo-mutants-casm-TRDkvl.tmp/target/debug/deps/libgix_features-713935214e3e3aac.rmeta --extern gix_fs=/tmp/cargo-mutants-casm-TRDkvl.tmp/target/debug/deps/libgix_fs-94112262574d3d41.rmeta --extern gix_glob=/tmp/cargo-mutants-casm-TRDkvl.tmp/target/debug/deps/libgix_glob-bb0626d894753c05.rmeta --extern gix_hash=/tmp/cargo-mutants-casm-TRDkvl.tmp/target/debug/deps/libgix_hash-7e6e2d7296131b6f.rmeta --extern gix_ignore=/tmp/cargo-mutants-casm-TRDkvl.tmp/target/debug/deps/libgix_ignore-6fed55f53fb7df2a.rmeta --extern gix_index=/tmp/cargo-mutants-casm-TRDkvl.tmp/target/debug/deps/libgix_index-46bb3efab35c2b36.rmeta --extern gix_object=/tmp/cargo-mutants-casm-TRDkvl.tmp/target/debug/deps/libgix_object-89d2629b02055cb1.rmeta --extern gix_path=/tmp/cargo-mutants-casm-TRDkvl.tmp/target/debug/deps/libgix_path-e88847596dde5b26.rmeta --extern gix_validate=/tmp/cargo-mutants-casm-TRDkvl.tmp/target/debug/deps/libgix_validate-fb34b738c47dba73.rmeta --cap-lints allow`
   Compiling gix-refspec v0.44.0
     Running `/home/srinivasan/.rustup/toolchains/nightly-x86_64-unknown-linux-gnu/bin/rustc --crate-name gix_refspec --edition=2024 /home/srinivasan/.cargo/registry/src/index.crates.io-1949cf8c6b5b557f/gix-refspec-0.44.0/src/lib.rs --error-format=json --json=diagnostic-rendered-ansi,artifacts,future-incompat --crate-type lib --emit=dep-info,metadata,link -C embed-bitcode=no -C debuginfo=2 '--warn=clippy::pedantic' '--allow=clippy::wildcard_imports' '--allow=clippy::used_underscore_binding' '--allow=clippy::unused_self' '--allow=clippy::unreadable_literal' '--allow=clippy::unnecessary_wraps' '--allow=clippy::unnecessary_join' '--allow=clippy::trivially_copy_pass_by_ref' '--allow=clippy::transmute_ptr_to_ptr' '--allow=clippy::too_many_lines' '--allow=clippy::too_long_first_doc_paragraph' '--allow=clippy::struct_field_names' '--allow=clippy::struct_excessive_bools' '--allow=clippy::stable_sort_primitive' '--allow=clippy::single_match_else' '--allow=clippy::similar_names' '--allow=clippy::should_panic_without_expect' '--allow=clippy::return_self_not_must_use' '--allow=clippy::result_large_err' '--allow=clippy::redundant_else' '--allow=clippy::range_plus_one' '--allow=clippy::option_option' '--allow=clippy::no_effect_underscore_binding' '--allow=clippy::needless_raw_string_hashes' '--allow=clippy::needless_pass_by_value' '--allow=clippy::needless_for_each' '--allow=clippy::needless_continue' '--allow=clippy::naive_bytecount' '--allow=clippy::mut_mut' '--allow=clippy::must_use_candidate' '--allow=clippy::module_name_repetitions' '--allow=clippy::missing_panics_doc' '--allow=clippy::missing_errors_doc' '--allow=clippy::match_wildcard_for_single_variants' '--allow=clippy::match_wild_err_arm' '--allow=clippy::match_same_arms' '--allow=clippy::match_bool' '--allow=clippy::many_single_char_names' '--allow=clippy::manual_string_new' '--allow=clippy::manual_let_else' '--allow=clippy::manual_is_variant_and' '--allow=clippy::manual_assert' '--allow=clippy::large_stack_arrays' '--allow=clippy::large_enum_variant' '--allow=clippy::iter_without_into_iter' '--allow=clippy::iter_not_returning_iterator' '--allow=clippy::items_after_statements' '--allow=clippy::inline_always' '--allow=clippy::inefficient_to_string' '--allow=clippy::inconsistent_struct_constructor' '--allow=clippy::implicit_clone' '--allow=clippy::ignored_unit_patterns' '--allow=clippy::if_not_else' '--allow=clippy::from_iter_instead_of_collect' '--allow=clippy::fn_params_excessive_bools' '--allow=clippy::filter_map_next' '--allow=clippy::explicit_iter_loop' '--allow=clippy::explicit_into_iter_loop' '--allow=clippy::explicit_deref_methods' '--allow=clippy::enum_glob_use' '--allow=clippy::empty_docs' '--allow=clippy::doc_markdown' '--allow=clippy::default_trait_access' '--allow=clippy::copy_iterator' '--allow=clippy::checked_conversions' '--allow=clippy::cast_sign_loss' '--allow=clippy::cast_precision_loss' '--allow=clippy::cast_possible_wrap' '--allow=clippy::cast_possible_truncation' '--allow=clippy::cast_lossless' '--allow=clippy::borrow_as_ptr' '--allow=clippy::bool_to_int_with_if' --check-cfg 'cfg(docsrs,test)' --check-cfg 'cfg(feature, values("sha1", "sha256"))' -C metadata=99fd79c0349d8d9b -C extra-filename=-f2d8badef42813fa --out-dir /tmp/cargo-mutants-casm-TRDkvl.tmp/target/debug/deps -L dependency=/tmp/cargo-mutants-casm-TRDkvl.tmp/target/debug/deps --extern bstr=/tmp/cargo-mutants-casm-TRDkvl.tmp/target/debug/deps/libbstr-758bb7fff42be4ac.rmeta --extern gix_error=/tmp/cargo-mutants-casm-TRDkvl.tmp/target/debug/deps/libgix_error-6f73a96eee96ca09.rmeta --extern gix_glob=/tmp/cargo-mutants-casm-TRDkvl.tmp/target/debug/deps/libgix_glob-bb0626d894753c05.rmeta --extern gix_hash=/tmp/cargo-mutants-casm-TRDkvl.tmp/target/debug/deps/libgix_hash-7e6e2d7296131b6f.rmeta --extern gix_revision=/tmp/cargo-mutants-casm-TRDkvl.tmp/target/debug/deps/libgix_revision-07d37ba88153872c.rmeta --extern gix_validate=/tmp/cargo-mutants-casm-TRDkvl.tmp/target/debug/deps/libgix_validate-fb34b738c47dba73.rmeta --extern smallvec=/tmp/cargo-mutants-casm-TRDkvl.tmp/target/debug/deps/libsmallvec-00c65a5ffe2221d3.rmeta --extern thiserror=/tmp/cargo-mutants-casm-TRDkvl.tmp/target/debug/deps/libthiserror-fe33048ba8aef29c.rmeta --cap-lints allow`
   Compiling gix-config v0.59.0
     Running `/home/srinivasan/.rustup/toolchains/nightly-x86_64-unknown-linux-gnu/bin/rustc --crate-name gix_config --edition=2024 /home/srinivasan/.cargo/registry/src/index.crates.io-1949cf8c6b5b557f/gix-config-0.59.0/src/lib.rs --error-format=json --json=diagnostic-rendered-ansi,artifacts,future-incompat --crate-type lib --emit=dep-info,metadata,link -C embed-bitcode=no -C debuginfo=2 '--warn=clippy::pedantic' '--allow=clippy::wildcard_imports' '--allow=clippy::used_underscore_binding' '--allow=clippy::unused_self' '--allow=clippy::unreadable_literal' '--allow=clippy::unnecessary_wraps' '--allow=clippy::unnecessary_join' '--allow=clippy::trivially_copy_pass_by_ref' '--allow=clippy::transmute_ptr_to_ptr' '--allow=clippy::too_many_lines' '--allow=clippy::too_long_first_doc_paragraph' '--allow=clippy::struct_field_names' '--allow=clippy::struct_excessive_bools' '--allow=clippy::stable_sort_primitive' '--allow=clippy::single_match_else' '--allow=clippy::similar_names' '--allow=clippy::should_panic_without_expect' '--allow=clippy::return_self_not_must_use' '--allow=clippy::result_large_err' '--allow=clippy::redundant_else' '--allow=clippy::range_plus_one' '--allow=clippy::option_option' '--allow=clippy::no_effect_underscore_binding' '--allow=clippy::needless_raw_string_hashes' '--allow=clippy::needless_pass_by_value' '--allow=clippy::needless_for_each' '--allow=clippy::needless_continue' '--allow=clippy::naive_bytecount' '--allow=clippy::mut_mut' '--allow=clippy::must_use_candidate' '--allow=clippy::module_name_repetitions' '--allow=clippy::missing_panics_doc' '--allow=clippy::missing_errors_doc' '--allow=clippy::match_wildcard_for_single_variants' '--allow=clippy::match_wild_err_arm' '--allow=clippy::match_same_arms' '--allow=clippy::match_bool' '--allow=clippy::many_single_char_names' '--allow=clippy::manual_string_new' '--allow=clippy::manual_let_else' '--allow=clippy::manual_is_variant_and' '--allow=clippy::manual_assert' '--allow=clippy::large_stack_arrays' '--allow=clippy::large_enum_variant' '--allow=clippy::iter_without_into_iter' '--allow=clippy::iter_not_returning_iterator' '--allow=clippy::items_after_statements' '--allow=clippy::inline_always' '--allow=clippy::inefficient_to_string' '--allow=clippy::inconsistent_struct_constructor' '--allow=clippy::implicit_clone' '--allow=clippy::ignored_unit_patterns' '--allow=clippy::if_not_else' '--allow=clippy::from_iter_instead_of_collect' '--allow=clippy::fn_params_excessive_bools' '--allow=clippy::filter_map_next' '--allow=clippy::explicit_iter_loop' '--allow=clippy::explicit_into_iter_loop' '--allow=clippy::explicit_deref_methods' '--allow=clippy::enum_glob_use' '--allow=clippy::empty_docs' '--allow=clippy::doc_markdown' '--allow=clippy::default_trait_access' '--allow=clippy::copy_iterator' '--allow=clippy::checked_conversions' '--allow=clippy::cast_sign_loss' '--allow=clippy::cast_precision_loss' '--allow=clippy::cast_possible_wrap' '--allow=clippy::cast_possible_truncation' '--allow=clippy::cast_lossless' '--allow=clippy::borrow_as_ptr' '--allow=clippy::bool_to_int_with_if' --check-cfg 'cfg(docsrs,test)' --check-cfg 'cfg(feature, values("document-features", "serde", "sha1", "sha256"))' -C metadata=3b7b2377604a9e30 -C extra-filename=-158afebf04f0316f --out-dir /tmp/cargo-mutants-casm-TRDkvl.tmp/target/debug/deps -L dependency=/tmp/cargo-mutants-casm-TRDkvl.tmp/target/debug/deps --extern bstr=/tmp/cargo-mutants-casm-TRDkvl.tmp/target/debug/deps/libbstr-758bb7fff42be4ac.rmeta --extern gix_config_value=/tmp/cargo-mutants-casm-TRDkvl.tmp/target/debug/deps/libgix_config_value-dbb273b63ee7bb41.rmeta --extern gix_features=/tmp/cargo-mutants-casm-TRDkvl.tmp/target/debug/deps/libgix_features-713935214e3e3aac.rmeta --extern gix_glob=/tmp/cargo-mutants-casm-TRDkvl.tmp/target/debug/deps/libgix_glob-bb0626d894753c05.rmeta --extern gix_path=/tmp/cargo-mutants-casm-TRDkvl.tmp/target/debug/deps/libgix_path-e88847596dde5b26.rmeta --extern gix_ref=/tmp/cargo-mutants-casm-TRDkvl.tmp/target/debug/deps/libgix_ref-1e6659808586e003.rmeta --extern gix_sec=/tmp/cargo-mutants-casm-TRDkvl.tmp/target/debug/deps/libgix_sec-41142498b26f5730.rmeta --extern gix_utils=/tmp/cargo-mutants-casm-TRDkvl.tmp/target/debug/deps/libgix_utils-f89e2ad74b12d7b1.rmeta --extern smallvec=/tmp/cargo-mutants-casm-TRDkvl.tmp/target/debug/deps/libsmallvec-00c65a5ffe2221d3.rmeta --extern thiserror=/tmp/cargo-mutants-casm-TRDkvl.tmp/target/debug/deps/libthiserror-fe33048ba8aef29c.rmeta --extern unicode_bom=/tmp/cargo-mutants-casm-TRDkvl.tmp/target/debug/deps/libunicode_bom-624cad395bebc465.rmeta --cap-lints allow`
   Compiling gix-pathspec v0.19.0
     Running `/home/srinivasan/.rustup/toolchains/nightly-x86_64-unknown-linux-gnu/bin/rustc --crate-name gix_pathspec --edition=2024 /home/srinivasan/.cargo/registry/src/index.crates.io-1949cf8c6b5b557f/gix-pathspec-0.19.0/src/lib.rs --error-format=json --json=diagnostic-rendered-ansi,artifacts,future-incompat --crate-type lib --emit=dep-info,metadata,link -C embed-bitcode=no -C debuginfo=2 '--warn=clippy::pedantic' '--allow=clippy::wildcard_imports' '--allow=clippy::used_underscore_binding' '--allow=clippy::unused_self' '--allow=clippy::unreadable_literal' '--allow=clippy::unnecessary_wraps' '--allow=clippy::unnecessary_join' '--allow=clippy::trivially_copy_pass_by_ref' '--allow=clippy::transmute_ptr_to_ptr' '--allow=clippy::too_many_lines' '--allow=clippy::too_long_first_doc_paragraph' '--allow=clippy::struct_field_names' '--allow=clippy::struct_excessive_bools' '--allow=clippy::stable_sort_primitive' '--allow=clippy::single_match_else' '--allow=clippy::similar_names' '--allow=clippy::should_panic_without_expect' '--allow=clippy::return_self_not_must_use' '--allow=clippy::result_large_err' '--allow=clippy::redundant_else' '--allow=clippy::range_plus_one' '--allow=clippy::option_option' '--allow=clippy::no_effect_underscore_binding' '--allow=clippy::needless_raw_string_hashes' '--allow=clippy::needless_pass_by_value' '--allow=clippy::needless_for_each' '--allow=clippy::needless_continue' '--allow=clippy::naive_bytecount' '--allow=clippy::mut_mut' '--allow=clippy::must_use_candidate' '--allow=clippy::module_name_repetitions' '--allow=clippy::missing_panics_doc' '--allow=clippy::missing_errors_doc' '--allow=clippy::match_wildcard_for_single_variants' '--allow=clippy::match_wild_err_arm' '--allow=clippy::match_same_arms' '--allow=clippy::match_bool' '--allow=clippy::many_single_char_names' '--allow=clippy::manual_string_new' '--allow=clippy::manual_let_else' '--allow=clippy::manual_is_variant_and' '--allow=clippy::manual_assert' '--allow=clippy::large_stack_arrays' '--allow=clippy::large_enum_variant' '--allow=clippy::iter_without_into_iter' '--allow=clippy::iter_not_returning_iterator' '--allow=clippy::items_after_statements' '--allow=clippy::inline_always' '--allow=clippy::inefficient_to_string' '--allow=clippy::inconsistent_struct_constructor' '--allow=clippy::implicit_clone' '--allow=clippy::ignored_unit_patterns' '--allow=clippy::if_not_else' '--allow=clippy::from_iter_instead_of_collect' '--allow=clippy::fn_params_excessive_bools' '--allow=clippy::filter_map_next' '--allow=clippy::explicit_iter_loop' '--allow=clippy::explicit_into_iter_loop' '--allow=clippy::explicit_deref_methods' '--allow=clippy::enum_glob_use' '--allow=clippy::empty_docs' '--allow=clippy::doc_markdown' '--allow=clippy::default_trait_access' '--allow=clippy::copy_iterator' '--allow=clippy::checked_conversions' '--allow=clippy::cast_sign_loss' '--allow=clippy::cast_precision_loss' '--allow=clippy::cast_possible_wrap' '--allow=clippy::cast_possible_truncation' '--allow=clippy::cast_lossless' '--allow=clippy::borrow_as_ptr' '--allow=clippy::bool_to_int_with_if' --cfg 'feature="parallel"' --check-cfg 'cfg(docsrs,test)' --check-cfg 'cfg(feature, values("parallel"))' -C metadata=6a7a151a5e578b93 -C extra-filename=-66b78e989140f4b5 --out-dir /tmp/cargo-mutants-casm-TRDkvl.tmp/target/debug/deps -L dependency=/tmp/cargo-mutants-casm-TRDkvl.tmp/target/debug/deps --extern bitflags=/tmp/cargo-mutants-casm-TRDkvl.tmp/target/debug/deps/libbitflags-9af264abf64e7262.rmeta --extern bstr=/tmp/cargo-mutants-casm-TRDkvl.tmp/target/debug/deps/libbstr-758bb7fff42be4ac.rmeta --extern gix_attributes=/tmp/cargo-mutants-casm-TRDkvl.tmp/target/debug/deps/libgix_attributes-1c363e48c52dfe66.rmeta --extern gix_config_value=/tmp/cargo-mutants-casm-TRDkvl.tmp/target/debug/deps/libgix_config_value-dbb273b63ee7bb41.rmeta --extern gix_glob=/tmp/cargo-mutants-casm-TRDkvl.tmp/target/debug/deps/libgix_glob-bb0626d894753c05.rmeta --extern gix_path=/tmp/cargo-mutants-casm-TRDkvl.tmp/target/debug/deps/libgix_path-e88847596dde5b26.rmeta --extern thiserror=/tmp/cargo-mutants-casm-TRDkvl.tmp/target/debug/deps/libthiserror-fe33048ba8aef29c.rmeta --cap-lints allow`
   Compiling gix-transport v0.58.0
     Running `/home/srinivasan/.rustup/toolchains/nightly-x86_64-unknown-linux-gnu/bin/rustc --crate-name gix_transport --edition=2024 /home/srinivasan/.cargo/registry/src/index.crates.io-1949cf8c6b5b557f/gix-transport-0.58.0/src/lib.rs --error-format=json --json=diagnostic-rendered-ansi,artifacts,future-incompat --crate-type lib --emit=dep-info,metadata,link -C embed-bitcode=no -C debuginfo=2 '--warn=clippy::pedantic' '--allow=clippy::wildcard_imports' '--allow=clippy::used_underscore_binding' '--allow=clippy::unused_self' '--allow=clippy::unreadable_literal' '--allow=clippy::unnecessary_wraps' '--allow=clippy::unnecessary_join' '--allow=clippy::trivially_copy_pass_by_ref' '--allow=clippy::transmute_ptr_to_ptr' '--allow=clippy::too_many_lines' '--allow=clippy::too_long_first_doc_paragraph' '--allow=clippy::struct_field_names' '--allow=clippy::struct_excessive_bools' '--allow=clippy::stable_sort_primitive' '--allow=clippy::single_match_else' '--allow=clippy::similar_names' '--allow=clippy::should_panic_without_expect' '--allow=clippy::return_self_not_must_use' '--allow=clippy::result_large_err' '--allow=clippy::redundant_else' '--allow=clippy::range_plus_one' '--allow=clippy::option_option' '--allow=clippy::no_effect_underscore_binding' '--allow=clippy::needless_raw_string_hashes' '--allow=clippy::needless_pass_by_value' '--allow=clippy::needless_for_each' '--allow=clippy::needless_continue' '--allow=clippy::naive_bytecount' '--allow=clippy::mut_mut' '--allow=clippy::must_use_candidate' '--allow=clippy::module_name_repetitions' '--allow=clippy::missing_panics_doc' '--allow=clippy::missing_errors_doc' '--allow=clippy::match_wildcard_for_single_variants' '--allow=clippy::match_wild_err_arm' '--allow=clippy::match_same_arms' '--allow=clippy::match_bool' '--allow=clippy::many_single_char_names' '--allow=clippy::manual_string_new' '--allow=clippy::manual_let_else' '--allow=clippy::manual_is_variant_and' '--allow=clippy::manual_assert' '--allow=clippy::large_stack_arrays' '--allow=clippy::large_enum_variant' '--allow=clippy::iter_without_into_iter' '--allow=clippy::iter_not_returning_iterator' '--allow=clippy::items_after_statements' '--allow=clippy::inline_always' '--allow=clippy::inefficient_to_string' '--allow=clippy::inconsistent_struct_constructor' '--allow=clippy::implicit_clone' '--allow=clippy::ignored_unit_patterns' '--allow=clippy::if_not_else' '--allow=clippy::from_iter_instead_of_collect' '--allow=clippy::fn_params_excessive_bools' '--allow=clippy::filter_map_next' '--allow=clippy::explicit_iter_loop' '--allow=clippy::explicit_into_iter_loop' '--allow=clippy::explicit_deref_methods' '--allow=clippy::enum_glob_use' '--allow=clippy::empty_docs' '--allow=clippy::doc_markdown' '--allow=clippy::default_trait_access' '--allow=clippy::copy_iterator' '--allow=clippy::checked_conversions' '--allow=clippy::cast_sign_loss' '--allow=clippy::cast_precision_loss' '--allow=clippy::cast_possible_wrap' '--allow=clippy::cast_possible_truncation' '--allow=clippy::cast_lossless' '--allow=clippy::borrow_as_ptr' '--allow=clippy::bool_to_int_with_if' --cfg 'feature="default"' --check-cfg 'cfg(docsrs,test)' --check-cfg 'cfg(feature, values("async-client", "async-std", "async-trait", "base64", "blocking-client", "curl", "default", "document-features", "futures-io", "futures-lite", "gix-credentials", "http-client", "http-client-curl", "http-client-curl-openssl", "http-client-curl-rust-tls", "http-client-insecure-credentials", "http-client-reqwest", "http-client-reqwest-native-tls", "http-client-reqwest-rust-tls", "http-client-reqwest-rust-tls-trust-dns", "parking_lot", "pin-project-lite", "reqwest", "serde"))' -C metadata=67f0eaa7e95d6885 -C extra-filename=-c0263aa99686bf77 --out-dir /tmp/cargo-mutants-casm-TRDkvl.tmp/target/debug/deps -L dependency=/tmp/cargo-mutants-casm-TRDkvl.tmp/target/debug/deps --extern bstr=/tmp/cargo-mutants-casm-TRDkvl.tmp/target/debug/deps/libbstr-758bb7fff42be4ac.rmeta --extern gix_command=/tmp/cargo-mutants-casm-TRDkvl.tmp/target/debug/deps/libgix_command-a70000bbc6e09483.rmeta --extern gix_features=/tmp/cargo-mutants-casm-TRDkvl.tmp/target/debug/deps/libgix_features-713935214e3e3aac.rmeta --extern gix_packetline=/tmp/cargo-mutants-casm-TRDkvl.tmp/target/debug/deps/libgix_packetline-774e006ad1506aca.rmeta --extern gix_path=/tmp/cargo-mutants-casm-TRDkvl.tmp/target/debug/deps/libgix_path-e88847596dde5b26.rmeta --extern gix_quote=/tmp/cargo-mutants-casm-TRDkvl.tmp/target/debug/deps/libgix_quote-0c2ad2ea41afd0d9.rmeta --extern gix_sec=/tmp/cargo-mutants-casm-TRDkvl.tmp/target/debug/deps/libgix_sec-41142498b26f5730.rmeta --extern gix_url=/tmp/cargo-mutants-casm-TRDkvl.tmp/target/debug/deps/libgix_url-0bfeb7aca9ad6e71.rmeta --extern thiserror=/tmp/cargo-mutants-casm-TRDkvl.tmp/target/debug/deps/libthiserror-fe33048ba8aef29c.rmeta --cap-lints allow`
   Compiling gix-filter v0.33.0
     Running `/home/srinivasan/.rustup/toolchains/nightly-x86_64-unknown-linux-gnu/bin/rustc --crate-name gix_filter --edition=2024 /home/srinivasan/.cargo/registry/src/index.crates.io-1949cf8c6b5b557f/gix-filter-0.33.0/src/lib.rs --error-format=json --json=diagnostic-rendered-ansi,artifacts,future-incompat --crate-type lib --emit=dep-info,metadata,link -C embed-bitcode=no -C debuginfo=2 '--warn=clippy::pedantic' '--allow=clippy::wildcard_imports' '--allow=clippy::used_underscore_binding' '--allow=clippy::unused_self' '--allow=clippy::unreadable_literal' '--allow=clippy::unnecessary_wraps' '--allow=clippy::unnecessary_join' '--allow=clippy::trivially_copy_pass_by_ref' '--allow=clippy::transmute_ptr_to_ptr' '--allow=clippy::too_many_lines' '--allow=clippy::too_long_first_doc_paragraph' '--allow=clippy::struct_field_names' '--allow=clippy::struct_excessive_bools' '--allow=clippy::stable_sort_primitive' '--allow=clippy::single_match_else' '--allow=clippy::similar_names' '--allow=clippy::should_panic_without_expect' '--allow=clippy::return_self_not_must_use' '--allow=clippy::result_large_err' '--allow=clippy::redundant_else' '--allow=clippy::range_plus_one' '--allow=clippy::option_option' '--allow=clippy::no_effect_underscore_binding' '--allow=clippy::needless_raw_string_hashes' '--allow=clippy::needless_pass_by_value' '--allow=clippy::needless_for_each' '--allow=clippy::needless_continue' '--allow=clippy::naive_bytecount' '--allow=clippy::mut_mut' '--allow=clippy::must_use_candidate' '--allow=clippy::module_name_repetitions' '--allow=clippy::missing_panics_doc' '--allow=clippy::missing_errors_doc' '--allow=clippy::match_wildcard_for_single_variants' '--allow=clippy::match_wild_err_arm' '--allow=clippy::match_same_arms' '--allow=clippy::match_bool' '--allow=clippy::many_single_char_names' '--allow=clippy::manual_string_new' '--allow=clippy::manual_let_else' '--allow=clippy::manual_is_variant_and' '--allow=clippy::manual_assert' '--allow=clippy::large_stack_arrays' '--allow=clippy::large_enum_variant' '--allow=clippy::iter_without_into_iter' '--allow=clippy::iter_not_returning_iterator' '--allow=clippy::items_after_statements' '--allow=clippy::inline_always' '--allow=clippy::inefficient_to_string' '--allow=clippy::inconsistent_struct_constructor' '--allow=clippy::implicit_clone' '--allow=clippy::ignored_unit_patterns' '--allow=clippy::if_not_else' '--allow=clippy::from_iter_instead_of_collect' '--allow=clippy::fn_params_excessive_bools' '--allow=clippy::filter_map_next' '--allow=clippy::explicit_iter_loop' '--allow=clippy::explicit_into_iter_loop' '--allow=clippy::explicit_deref_methods' '--allow=clippy::enum_glob_use' '--allow=clippy::empty_docs' '--allow=clippy::doc_markdown' '--allow=clippy::default_trait_access' '--allow=clippy::copy_iterator' '--allow=clippy::checked_conversions' '--allow=clippy::cast_sign_loss' '--allow=clippy::cast_precision_loss' '--allow=clippy::cast_possible_wrap' '--allow=clippy::cast_possible_truncation' '--allow=clippy::cast_lossless' '--allow=clippy::borrow_as_ptr' '--allow=clippy::bool_to_int_with_if' --cfg 'feature="parallel"' --check-cfg 'cfg(docsrs,test)' --check-cfg 'cfg(feature, values("parallel", "sha1", "sha256", "test-helper"))' -C metadata=08945221950ef7b5 -C extra-filename=-e1ada44c7b6fcba0 --out-dir /tmp/cargo-mutants-casm-TRDkvl.tmp/target/debug/deps -L dependency=/tmp/cargo-mutants-casm-TRDkvl.tmp/target/debug/deps --extern bstr=/tmp/cargo-mutants-casm-TRDkvl.tmp/target/debug/deps/libbstr-758bb7fff42be4ac.rmeta --extern encoding_rs=/tmp/cargo-mutants-casm-TRDkvl.tmp/target/debug/deps/libencoding_rs-7c28a6128c26a3cd.rmeta --extern gix_attributes=/tmp/cargo-mutants-casm-TRDkvl.tmp/target/debug/deps/libgix_attributes-1c363e48c52dfe66.rmeta --extern gix_command=/tmp/cargo-mutants-casm-TRDkvl.tmp/target/debug/deps/libgix_command-a70000bbc6e09483.rmeta --extern gix_hash=/tmp/cargo-mutants-casm-TRDkvl.tmp/target/debug/deps/libgix_hash-7e6e2d7296131b6f.rmeta --extern gix_object=/tmp/cargo-mutants-casm-TRDkvl.tmp/target/debug/deps/libgix_object-89d2629b02055cb1.rmeta --extern gix_packetline=/tmp/cargo-mutants-casm-TRDkvl.tmp/target/debug/deps/libgix_packetline-774e006ad1506aca.rmeta --extern gix_path=/tmp/cargo-mutants-casm-TRDkvl.tmp/target/debug/deps/libgix_path-e88847596dde5b26.rmeta --extern gix_quote=/tmp/cargo-mutants-casm-TRDkvl.tmp/target/debug/deps/libgix_quote-0c2ad2ea41afd0d9.rmeta --extern gix_trace=/tmp/cargo-mutants-casm-TRDkvl.tmp/target/debug/deps/libgix_trace-fe3ae1ba08dc3b9c.rmeta --extern gix_utils=/tmp/cargo-mutants-casm-TRDkvl.tmp/target/debug/deps/libgix_utils-f89e2ad74b12d7b1.rmeta --extern smallvec=/tmp/cargo-mutants-casm-TRDkvl.tmp/target/debug/deps/libsmallvec-00c65a5ffe2221d3.rmeta --extern thiserror=/tmp/cargo-mutants-casm-TRDkvl.tmp/target/debug/deps/libthiserror-fe33048ba8aef29c.rmeta --cap-lints allow`
   Compiling gix-shallow v0.13.0
     Running `/home/srinivasan/.rustup/toolchains/nightly-x86_64-unknown-linux-gnu/bin/rustc --crate-name gix_shallow --edition=2024 /home/srinivasan/.cargo/registry/src/index.crates.io-1949cf8c6b5b557f/gix-shallow-0.13.0/src/lib.rs --error-format=json --json=diagnostic-rendered-ansi,artifacts,future-incompat --crate-type lib --emit=dep-info,metadata,link -C embed-bitcode=no -C debuginfo=2 '--warn=clippy::pedantic' '--allow=clippy::wildcard_imports' '--allow=clippy::used_underscore_binding' '--allow=clippy::unused_self' '--allow=clippy::unreadable_literal' '--allow=clippy::unnecessary_wraps' '--allow=clippy::unnecessary_join' '--allow=clippy::trivially_copy_pass_by_ref' '--allow=clippy::transmute_ptr_to_ptr' '--allow=clippy::too_many_lines' '--allow=clippy::too_long_first_doc_paragraph' '--allow=clippy::struct_field_names' '--allow=clippy::struct_excessive_bools' '--allow=clippy::stable_sort_primitive' '--allow=clippy::single_match_else' '--allow=clippy::similar_names' '--allow=clippy::should_panic_without_expect' '--allow=clippy::return_self_not_must_use' '--allow=clippy::result_large_err' '--allow=clippy::redundant_else' '--allow=clippy::range_plus_one' '--allow=clippy::option_option' '--allow=clippy::no_effect_underscore_binding' '--allow=clippy::needless_raw_string_hashes' '--allow=clippy::needless_pass_by_value' '--allow=clippy::needless_for_each' '--allow=clippy::needless_continue' '--allow=clippy::naive_bytecount' '--allow=clippy::mut_mut' '--allow=clippy::must_use_candidate' '--allow=clippy::module_name_repetitions' '--allow=clippy::missing_panics_doc' '--allow=clippy::missing_errors_doc' '--allow=clippy::match_wildcard_for_single_variants' '--allow=clippy::match_wild_err_arm' '--allow=clippy::match_same_arms' '--allow=clippy::match_bool' '--allow=clippy::many_single_char_names' '--allow=clippy::manual_string_new' '--allow=clippy::manual_let_else' '--allow=clippy::manual_is_variant_and' '--allow=clippy::manual_assert' '--allow=clippy::large_stack_arrays' '--allow=clippy::large_enum_variant' '--allow=clippy::iter_without_into_iter' '--allow=clippy::iter_not_returning_iterator' '--allow=clippy::items_after_statements' '--allow=clippy::inline_always' '--allow=clippy::inefficient_to_string' '--allow=clippy::inconsistent_struct_constructor' '--allow=clippy::implicit_clone' '--allow=clippy::ignored_unit_patterns' '--allow=clippy::if_not_else' '--allow=clippy::from_iter_instead_of_collect' '--allow=clippy::fn_params_excessive_bools' '--allow=clippy::filter_map_next' '--allow=clippy::explicit_iter_loop' '--allow=clippy::explicit_into_iter_loop' '--allow=clippy::explicit_deref_methods' '--allow=clippy::enum_glob_use' '--allow=clippy::empty_docs' '--allow=clippy::doc_markdown' '--allow=clippy::default_trait_access' '--allow=clippy::copy_iterator' '--allow=clippy::checked_conversions' '--allow=clippy::cast_sign_loss' '--allow=clippy::cast_precision_loss' '--allow=clippy::cast_possible_wrap' '--allow=clippy::cast_possible_truncation' '--allow=clippy::cast_lossless' '--allow=clippy::borrow_as_ptr' '--allow=clippy::bool_to_int_with_if' --check-cfg 'cfg(docsrs,test)' --check-cfg 'cfg(feature, values("serde", "sha1", "sha256"))' -C metadata=78d67a1baa53bcab -C extra-filename=-3788d1b383f31477 --out-dir /tmp/cargo-mutants-casm-TRDkvl.tmp/target/debug/deps -L dependency=/tmp/cargo-mutants-casm-TRDkvl.tmp/target/debug/deps --extern bstr=/tmp/cargo-mutants-casm-TRDkvl.tmp/target/debug/deps/libbstr-758bb7fff42be4ac.rmeta --extern gix_hash=/tmp/cargo-mutants-casm-TRDkvl.tmp/target/debug/deps/libgix_hash-7e6e2d7296131b6f.rmeta --extern gix_lock=/tmp/cargo-mutants-casm-TRDkvl.tmp/target/debug/deps/libgix_lock-34dcb8880a9cb5ae.rmeta --extern nonempty=/tmp/cargo-mutants-casm-TRDkvl.tmp/target/debug/deps/libnonempty-2f9693126db11f85.rmeta --extern thiserror=/tmp/cargo-mutants-casm-TRDkvl.tmp/target/debug/deps/libthiserror-fe33048ba8aef29c.rmeta --cap-lints allow`
   Compiling gix-pack v0.73.0
     Running `/home/srinivasan/.rustup/toolchains/nightly-x86_64-unknown-linux-gnu/bin/rustc --crate-name gix_pack --edition=2024 /home/srinivasan/.cargo/registry/src/index.crates.io-1949cf8c6b5b557f/gix-pack-0.73.0/src/lib.rs --error-format=json --json=diagnostic-rendered-ansi,artifacts,future-incompat --crate-type lib --emit=dep-info,metadata,link -C embed-bitcode=no -C debuginfo=2 '--warn=clippy::pedantic' '--allow=clippy::wildcard_imports' '--allow=clippy::used_underscore_binding' '--allow=clippy::unused_self' '--allow=clippy::unreadable_literal' '--allow=clippy::unnecessary_wraps' '--allow=clippy::unnecessary_join' '--allow=clippy::trivially_copy_pass_by_ref' '--allow=clippy::transmute_ptr_to_ptr' '--allow=clippy::too_many_lines' '--allow=clippy::too_long_first_doc_paragraph' '--allow=clippy::struct_field_names' '--allow=clippy::struct_excessive_bools' '--allow=clippy::stable_sort_primitive' '--allow=clippy::single_match_else' '--allow=clippy::similar_names' '--allow=clippy::should_panic_without_expect' '--allow=clippy::return_self_not_must_use' '--allow=clippy::result_large_err' '--allow=clippy::redundant_else' '--allow=clippy::range_plus_one' '--allow=clippy::option_option' '--allow=clippy::no_effect_underscore_binding' '--allow=clippy::needless_raw_string_hashes' '--allow=clippy::needless_pass_by_value' '--allow=clippy::needless_for_each' '--allow=clippy::needless_continue' '--allow=clippy::naive_bytecount' '--allow=clippy::mut_mut' '--allow=clippy::must_use_candidate' '--allow=clippy::module_name_repetitions' '--allow=clippy::missing_panics_doc' '--allow=clippy::missing_errors_doc' '--allow=clippy::match_wildcard_for_single_variants' '--allow=clippy::match_wild_err_arm' '--allow=clippy::match_same_arms' '--allow=clippy::match_bool' '--allow=clippy::many_single_char_names' '--allow=clippy::manual_string_new' '--allow=clippy::manual_let_else' '--allow=clippy::manual_is_variant_and' '--allow=clippy::manual_assert' '--allow=clippy::large_stack_arrays' '--allow=clippy::large_enum_variant' '--allow=clippy::iter_without_into_iter' '--allow=clippy::iter_not_returning_iterator' '--allow=clippy::items_after_statements' '--allow=clippy::inline_always' '--allow=clippy::inefficient_to_string' '--allow=clippy::inconsistent_struct_constructor' '--allow=clippy::implicit_clone' '--allow=clippy::ignored_unit_patterns' '--allow=clippy::if_not_else' '--allow=clippy::from_iter_instead_of_collect' '--allow=clippy::fn_params_excessive_bools' '--allow=clippy::filter_map_next' '--allow=clippy::explicit_iter_loop' '--allow=clippy::explicit_into_iter_loop' '--allow=clippy::explicit_deref_methods' '--allow=clippy::enum_glob_use' '--allow=clippy::empty_docs' '--allow=clippy::doc_markdown' '--allow=clippy::default_trait_access' '--allow=clippy::copy_iterator' '--allow=clippy::checked_conversions' '--allow=clippy::cast_sign_loss' '--allow=clippy::cast_precision_loss' '--allow=clippy::cast_possible_wrap' '--allow=clippy::cast_possible_truncation' '--allow=clippy::cast_lossless' '--allow=clippy::borrow_as_ptr' '--allow=clippy::bool_to_int_with_if' --cfg 'feature="object-cache-dynamic"' --cfg 'feature="pack-cache-lru-dynamic"' --cfg 'feature="pack-cache-lru-static"' --cfg 'feature="sha1"' --check-cfg 'cfg(docsrs,test)' --check-cfg 'cfg(feature, values("default", "document-features", "generate", "object-cache-dynamic", "pack-cache-lru-dynamic", "pack-cache-lru-static", "parallel", "serde", "sha1", "sha256", "streaming-input", "wasm"))' -C metadata=83ae18997dd96803 -C extra-filename=-bb2f366e24da1d6d --out-dir /tmp/cargo-mutants-casm-TRDkvl.tmp/target/debug/deps -L dependency=/tmp/cargo-mutants-casm-TRDkvl.tmp/target/debug/deps --extern clru=/tmp/cargo-mutants-casm-TRDkvl.tmp/target/debug/deps/libclru-cdc3b6085d00905e.rmeta --extern gix_chunk=/tmp/cargo-mutants-casm-TRDkvl.tmp/target/debug/deps/libgix_chunk-7006bb49aad075a7.rmeta --extern gix_error=/tmp/cargo-mutants-casm-TRDkvl.tmp/target/debug/deps/libgix_error-6f73a96eee96ca09.rmeta --extern gix_features=/tmp/cargo-mutants-casm-TRDkvl.tmp/target/debug/deps/libgix_features-713935214e3e3aac.rmeta --extern gix_hash=/tmp/cargo-mutants-casm-TRDkvl.tmp/target/debug/deps/libgix_hash-7e6e2d7296131b6f.rmeta --extern gix_hashtable=/tmp/cargo-mutants-casm-TRDkvl.tmp/target/debug/deps/libgix_hashtable-9aad3c190611bfca.rmeta --extern gix_object=/tmp/cargo-mutants-casm-TRDkvl.tmp/target/debug/deps/libgix_object-89d2629b02055cb1.rmeta --extern gix_path=/tmp/cargo-mutants-casm-TRDkvl.tmp/target/debug/deps/libgix_path-e88847596dde5b26.rmeta --extern gix_zlib=/tmp/cargo-mutants-casm-TRDkvl.tmp/target/debug/deps/libgix_zlib-da9efdd244ffd6aa.rmeta --extern memmap2=/tmp/cargo-mutants-casm-TRDkvl.tmp/target/debug/deps/libmemmap2-d07795cb874754f5.rmeta --extern smallvec=/tmp/cargo-mutants-casm-TRDkvl.tmp/target/debug/deps/libsmallvec-00c65a5ffe2221d3.rmeta --extern thiserror=/tmp/cargo-mutants-casm-TRDkvl.tmp/target/debug/deps/libthiserror-fe33048ba8aef29c.rmeta --extern uluru=/tmp/cargo-mutants-casm-TRDkvl.tmp/target/debug/deps/libuluru-0b67ff250a89b4f9.rmeta --cap-lints allow`
   Compiling gix-imara-diff v0.2.4
     Running `/home/srinivasan/.rustup/toolchains/nightly-x86_64-unknown-linux-gnu/bin/rustc --crate-name gix_imara_diff --edition=2024 /home/srinivasan/.cargo/registry/src/index.crates.io-1949cf8c6b5b557f/gix-imara-diff-0.2.4/src/lib.rs --error-format=json --json=diagnostic-rendered-ansi,artifacts,future-incompat --crate-type lib --emit=dep-info,metadata,link -C embed-bitcode=no -C debuginfo=2 --cfg 'feature="default"' --check-cfg 'cfg(docsrs,test)' --check-cfg 'cfg(feature, values("default", "unified_diff"))' -C metadata=7227cd6b7807057a -C extra-filename=-dab91ec391052da4 --out-dir /tmp/cargo-mutants-casm-TRDkvl.tmp/target/debug/deps -L dependency=/tmp/cargo-mutants-casm-TRDkvl.tmp/target/debug/deps --extern bstr=/tmp/cargo-mutants-casm-TRDkvl.tmp/target/debug/deps/libbstr-758bb7fff42be4ac.rmeta --extern hashbrown=/tmp/cargo-mutants-casm-TRDkvl.tmp/target/debug/deps/libhashbrown-9a41c5781a4c5195.rmeta --cap-lints allow`
   Compiling gix-protocol v0.64.0
     Running `/home/srinivasan/.rustup/toolchains/nightly-x86_64-unknown-linux-gnu/bin/rustc --crate-name gix_protocol --edition=2024 /home/srinivasan/.cargo/registry/src/index.crates.io-1949cf8c6b5b557f/gix-protocol-0.64.0/src/lib.rs --error-format=json --json=diagnostic-rendered-ansi,artifacts,future-incompat --crate-type lib --emit=dep-info,metadata,link -C embed-bitcode=no -C debuginfo=2 '--warn=clippy::pedantic' '--allow=clippy::wildcard_imports' '--allow=clippy::used_underscore_binding' '--allow=clippy::unused_self' '--allow=clippy::unreadable_literal' '--allow=clippy::unnecessary_wraps' '--allow=clippy::unnecessary_join' '--allow=clippy::trivially_copy_pass_by_ref' '--allow=clippy::transmute_ptr_to_ptr' '--allow=clippy::too_many_lines' '--allow=clippy::too_long_first_doc_paragraph' '--allow=clippy::struct_field_names' '--allow=clippy::struct_excessive_bools' '--allow=clippy::stable_sort_primitive' '--allow=clippy::single_match_else' '--allow=clippy::similar_names' '--allow=clippy::should_panic_without_expect' '--allow=clippy::return_self_not_must_use' '--allow=clippy::result_large_err' '--allow=clippy::redundant_else' '--allow=clippy::range_plus_one' '--allow=clippy::option_option' '--allow=clippy::no_effect_underscore_binding' '--allow=clippy::needless_raw_string_hashes' '--allow=clippy::needless_pass_by_value' '--allow=clippy::needless_for_each' '--allow=clippy::needless_continue' '--allow=clippy::naive_bytecount' '--allow=clippy::mut_mut' '--allow=clippy::must_use_candidate' '--allow=clippy::module_name_repetitions' '--allow=clippy::missing_panics_doc' '--allow=clippy::missing_errors_doc' '--allow=clippy::match_wildcard_for_single_variants' '--allow=clippy::match_wild_err_arm' '--allow=clippy::match_same_arms' '--allow=clippy::match_bool' '--allow=clippy::many_single_char_names' '--allow=clippy::manual_string_new' '--allow=clippy::manual_let_else' '--allow=clippy::manual_is_variant_and' '--allow=clippy::manual_assert' '--allow=clippy::large_stack_arrays' '--allow=clippy::large_enum_variant' '--allow=clippy::iter_without_into_iter' '--allow=clippy::iter_not_returning_iterator' '--allow=clippy::items_after_statements' '--allow=clippy::inline_always' '--allow=clippy::inefficient_to_string' '--allow=clippy::inconsistent_struct_constructor' '--allow=clippy::implicit_clone' '--allow=clippy::ignored_unit_patterns' '--allow=clippy::if_not_else' '--allow=clippy::from_iter_instead_of_collect' '--allow=clippy::fn_params_excessive_bools' '--allow=clippy::filter_map_next' '--allow=clippy::explicit_iter_loop' '--allow=clippy::explicit_into_iter_loop' '--allow=clippy::explicit_deref_methods' '--allow=clippy::enum_glob_use' '--allow=clippy::empty_docs' '--allow=clippy::doc_markdown' '--allow=clippy::default_trait_access' '--allow=clippy::copy_iterator' '--allow=clippy::checked_conversions' '--allow=clippy::cast_sign_loss' '--allow=clippy::cast_precision_loss' '--allow=clippy::cast_possible_wrap' '--allow=clippy::cast_possible_truncation' '--allow=clippy::cast_lossless' '--allow=clippy::borrow_as_ptr' '--allow=clippy::bool_to_int_with_if' --check-cfg 'cfg(docsrs,test)' --check-cfg 'cfg(feature, values("async-client", "blocking-client", "document-features", "fetch", "futures-lite", "handshake", "serde", "sha1", "sha256"))' -C metadata=864ca1e82404dd39 -C extra-filename=-6e740e3ee283696b --out-dir /tmp/cargo-mutants-casm-TRDkvl.tmp/target/debug/deps -L dependency=/tmp/cargo-mutants-casm-TRDkvl.tmp/target/debug/deps --extern bisync=/tmp/cargo-mutants-casm-TRDkvl.tmp/target/debug/deps/libbisync-463b5f4f6ce191e8.rmeta --extern bstr=/tmp/cargo-mutants-casm-TRDkvl.tmp/target/debug/deps/libbstr-758bb7fff42be4ac.rmeta --extern gix_date=/tmp/cargo-mutants-casm-TRDkvl.tmp/target/debug/deps/libgix_date-fb80d222313d564b.rmeta --extern gix_features=/tmp/cargo-mutants-casm-TRDkvl.tmp/target/debug/deps/libgix_features-713935214e3e3aac.rmeta --extern gix_hash=/tmp/cargo-mutants-casm-TRDkvl.tmp/target/debug/deps/libgix_hash-7e6e2d7296131b6f.rmeta --extern gix_ref=/tmp/cargo-mutants-casm-TRDkvl.tmp/target/debug/deps/libgix_ref-1e6659808586e003.rmeta --extern gix_shallow=/tmp/cargo-mutants-casm-TRDkvl.tmp/target/debug/deps/libgix_shallow-3788d1b383f31477.rmeta --extern gix_transport=/tmp/cargo-mutants-casm-TRDkvl.tmp/target/debug/deps/libgix_transport-c0263aa99686bf77.rmeta --extern gix_utils=/tmp/cargo-mutants-casm-TRDkvl.tmp/target/debug/deps/libgix_utils-f89e2ad74b12d7b1.rmeta --extern nonempty=/tmp/cargo-mutants-casm-TRDkvl.tmp/target/debug/deps/libnonempty-2f9693126db11f85.rmeta --extern thiserror=/tmp/cargo-mutants-casm-TRDkvl.tmp/target/debug/deps/libthiserror-fe33048ba8aef29c.rmeta --cap-lints allow`
   Compiling gix-diff v0.66.0
     Running `/home/srinivasan/.rustup/toolchains/nightly-x86_64-unknown-linux-gnu/bin/rustc --crate-name gix_diff --edition=2024 /home/srinivasan/.cargo/registry/src/index.crates.io-1949cf8c6b5b557f/gix-diff-0.66.0/src/lib.rs --error-format=json --json=diagnostic-rendered-ansi,artifacts,future-incompat --crate-type lib --emit=dep-info,metadata,link -C embed-bitcode=no -C debuginfo=2 '--warn=clippy::pedantic' '--allow=clippy::wildcard_imports' '--allow=clippy::used_underscore_binding' '--allow=clippy::unused_self' '--allow=clippy::unreadable_literal' '--allow=clippy::unnecessary_wraps' '--allow=clippy::unnecessary_join' '--allow=clippy::trivially_copy_pass_by_ref' '--allow=clippy::transmute_ptr_to_ptr' '--allow=clippy::too_many_lines' '--allow=clippy::too_long_first_doc_paragraph' '--allow=clippy::struct_field_names' '--allow=clippy::struct_excessive_bools' '--allow=clippy::stable_sort_primitive' '--allow=clippy::single_match_else' '--allow=clippy::similar_names' '--allow=clippy::should_panic_without_expect' '--allow=clippy::return_self_not_must_use' '--allow=clippy::result_large_err' '--allow=clippy::redundant_else' '--allow=clippy::range_plus_one' '--allow=clippy::option_option' '--allow=clippy::no_effect_underscore_binding' '--allow=clippy::needless_raw_string_hashes' '--allow=clippy::needless_pass_by_value' '--allow=clippy::needless_for_each' '--allow=clippy::needless_continue' '--allow=clippy::naive_bytecount' '--allow=clippy::mut_mut' '--allow=clippy::must_use_candidate' '--allow=clippy::module_name_repetitions' '--allow=clippy::missing_panics_doc' '--allow=clippy::missing_errors_doc' '--allow=clippy::match_wildcard_for_single_variants' '--allow=clippy::match_wild_err_arm' '--allow=clippy::match_same_arms' '--allow=clippy::match_bool' '--allow=clippy::many_single_char_names' '--allow=clippy::manual_string_new' '--allow=clippy::manual_let_else' '--allow=clippy::manual_is_variant_and' '--allow=clippy::manual_assert' '--allow=clippy::large_stack_arrays' '--allow=clippy::large_enum_variant' '--allow=clippy::iter_without_into_iter' '--allow=clippy::iter_not_returning_iterator' '--allow=clippy::items_after_statements' '--allow=clippy::inline_always' '--allow=clippy::inefficient_to_string' '--allow=clippy::inconsistent_struct_constructor' '--allow=clippy::implicit_clone' '--allow=clippy::ignored_unit_patterns' '--allow=clippy::if_not_else' '--allow=clippy::from_iter_instead_of_collect' '--allow=clippy::fn_params_excessive_bools' '--allow=clippy::filter_map_next' '--allow=clippy::explicit_iter_loop' '--allow=clippy::explicit_into_iter_loop' '--allow=clippy::explicit_deref_methods' '--allow=clippy::enum_glob_use' '--allow=clippy::empty_docs' '--allow=clippy::doc_markdown' '--allow=clippy::default_trait_access' '--allow=clippy::copy_iterator' '--allow=clippy::checked_conversions' '--allow=clippy::cast_sign_loss' '--allow=clippy::cast_precision_loss' '--allow=clippy::cast_possible_wrap' '--allow=clippy::cast_possible_truncation' '--allow=clippy::cast_lossless' '--allow=clippy::borrow_as_ptr' '--allow=clippy::bool_to_int_with_if' --cfg 'feature="blob"' --check-cfg 'cfg(docsrs,test)' --check-cfg 'cfg(feature, values("blob", "default", "document-features", "index", "serde", "sha1", "sha256", "wasm"))' -C metadata=7a91074990fe13c6 -C extra-filename=-32c87fcad8d5e60d --out-dir /tmp/cargo-mutants-casm-TRDkvl.tmp/target/debug/deps -L dependency=/tmp/cargo-mutants-casm-TRDkvl.tmp/target/debug/deps --extern bstr=/tmp/cargo-mutants-casm-TRDkvl.tmp/target/debug/deps/libbstr-758bb7fff42be4ac.rmeta --extern gix_command=/tmp/cargo-mutants-casm-TRDkvl.tmp/target/debug/deps/libgix_command-a70000bbc6e09483.rmeta --extern gix_filter=/tmp/cargo-mutants-casm-TRDkvl.tmp/target/debug/deps/libgix_filter-e1ada44c7b6fcba0.rmeta --extern gix_fs=/tmp/cargo-mutants-casm-TRDkvl.tmp/target/debug/deps/libgix_fs-94112262574d3d41.rmeta --extern gix_hash=/tmp/cargo-mutants-casm-TRDkvl.tmp/target/debug/deps/libgix_hash-7e6e2d7296131b6f.rmeta --extern imara_diff=/tmp/cargo-mutants-casm-TRDkvl.tmp/target/debug/deps/libgix_imara_diff-dab91ec391052da4.rmeta --extern gix_object=/tmp/cargo-mutants-casm-TRDkvl.tmp/target/debug/deps/libgix_object-89d2629b02055cb1.rmeta --extern gix_path=/tmp/cargo-mutants-casm-TRDkvl.tmp/target/debug/deps/libgix_path-e88847596dde5b26.rmeta --extern gix_tempfile=/tmp/cargo-mutants-casm-TRDkvl.tmp/target/debug/deps/libgix_tempfile-f532a55ae509255c.rmeta --extern gix_trace=/tmp/cargo-mutants-casm-TRDkvl.tmp/target/debug/deps/libgix_trace-fe3ae1ba08dc3b9c.rmeta --extern gix_traverse=/tmp/cargo-mutants-casm-TRDkvl.tmp/target/debug/deps/libgix_traverse-a5477c43203a3893.rmeta --extern gix_worktree=/tmp/cargo-mutants-casm-TRDkvl.tmp/target/debug/deps/libgix_worktree-ba1a36684d30f56a.rmeta --extern thiserror=/tmp/cargo-mutants-casm-TRDkvl.tmp/target/debug/deps/libthiserror-fe33048ba8aef29c.rmeta --cap-lints allow`
   Compiling gix-submodule v0.33.0
     Running `/home/srinivasan/.rustup/toolchains/nightly-x86_64-unknown-linux-gnu/bin/rustc --crate-name gix_submodule --edition=2024 /home/srinivasan/.cargo/registry/src/index.crates.io-1949cf8c6b5b557f/gix-submodule-0.33.0/src/lib.rs --error-format=json --json=diagnostic-rendered-ansi,artifacts,future-incompat --crate-type lib --emit=dep-info,metadata,link -C embed-bitcode=no -C debuginfo=2 '--warn=clippy::pedantic' '--allow=clippy::wildcard_imports' '--allow=clippy::used_underscore_binding' '--allow=clippy::unused_self' '--allow=clippy::unreadable_literal' '--allow=clippy::unnecessary_wraps' '--allow=clippy::unnecessary_join' '--allow=clippy::trivially_copy_pass_by_ref' '--allow=clippy::transmute_ptr_to_ptr' '--allow=clippy::too_many_lines' '--allow=clippy::too_long_first_doc_paragraph' '--allow=clippy::struct_field_names' '--allow=clippy::struct_excessive_bools' '--allow=clippy::stable_sort_primitive' '--allow=clippy::single_match_else' '--allow=clippy::similar_names' '--allow=clippy::should_panic_without_expect' '--allow=clippy::return_self_not_must_use' '--allow=clippy::result_large_err' '--allow=clippy::redundant_else' '--allow=clippy::range_plus_one' '--allow=clippy::option_option' '--allow=clippy::no_effect_underscore_binding' '--allow=clippy::needless_raw_string_hashes' '--allow=clippy::needless_pass_by_value' '--allow=clippy::needless_for_each' '--allow=clippy::needless_continue' '--allow=clippy::naive_bytecount' '--allow=clippy::mut_mut' '--allow=clippy::must_use_candidate' '--allow=clippy::module_name_repetitions' '--allow=clippy::missing_panics_doc' '--allow=clippy::missing_errors_doc' '--allow=clippy::match_wildcard_for_single_variants' '--allow=clippy::match_wild_err_arm' '--allow=clippy::match_same_arms' '--allow=clippy::match_bool' '--allow=clippy::many_single_char_names' '--allow=clippy::manual_string_new' '--allow=clippy::manual_let_else' '--allow=clippy::manual_is_variant_and' '--allow=clippy::manual_assert' '--allow=clippy::large_stack_arrays' '--allow=clippy::large_enum_variant' '--allow=clippy::iter_without_into_iter' '--allow=clippy::iter_not_returning_iterator' '--allow=clippy::items_after_statements' '--allow=clippy::inline_always' '--allow=clippy::inefficient_to_string' '--allow=clippy::inconsistent_struct_constructor' '--allow=clippy::implicit_clone' '--allow=clippy::ignored_unit_patterns' '--allow=clippy::if_not_else' '--allow=clippy::from_iter_instead_of_collect' '--allow=clippy::fn_params_excessive_bools' '--allow=clippy::filter_map_next' '--allow=clippy::explicit_iter_loop' '--allow=clippy::explicit_into_iter_loop' '--allow=clippy::explicit_deref_methods' '--allow=clippy::enum_glob_use' '--allow=clippy::empty_docs' '--allow=clippy::doc_markdown' '--allow=clippy::default_trait_access' '--allow=clippy::copy_iterator' '--allow=clippy::checked_conversions' '--allow=clippy::cast_sign_loss' '--allow=clippy::cast_precision_loss' '--allow=clippy::cast_possible_wrap' '--allow=clippy::cast_possible_truncation' '--allow=clippy::cast_lossless' '--allow=clippy::borrow_as_ptr' '--allow=clippy::bool_to_int_with_if' --check-cfg 'cfg(docsrs,test)' --check-cfg 'cfg(feature, values("sha1", "sha256"))' -C metadata=b52f61e077ab9b13 -C extra-filename=-512f1e4ebf6e684b --out-dir /tmp/cargo-mutants-casm-TRDkvl.tmp/target/debug/deps -L dependency=/tmp/cargo-mutants-casm-TRDkvl.tmp/target/debug/deps --extern bstr=/tmp/cargo-mutants-casm-TRDkvl.tmp/target/debug/deps/libbstr-758bb7fff42be4ac.rmeta --extern gix_config=/tmp/cargo-mutants-casm-TRDkvl.tmp/target/debug/deps/libgix_config-158afebf04f0316f.rmeta --extern gix_path=/tmp/cargo-mutants-casm-TRDkvl.tmp/target/debug/deps/libgix_path-e88847596dde5b26.rmeta --extern gix_pathspec=/tmp/cargo-mutants-casm-TRDkvl.tmp/target/debug/deps/libgix_pathspec-66b78e989140f4b5.rmeta --extern gix_refspec=/tmp/cargo-mutants-casm-TRDkvl.tmp/target/debug/deps/libgix_refspec-f2d8badef42813fa.rmeta --extern gix_url=/tmp/cargo-mutants-casm-TRDkvl.tmp/target/debug/deps/libgix_url-0bfeb7aca9ad6e71.rmeta --extern thiserror=/tmp/cargo-mutants-casm-TRDkvl.tmp/target/debug/deps/libthiserror-fe33048ba8aef29c.rmeta --cap-lints allow`
   Compiling gix-odb v0.83.0
     Running `/home/srinivasan/.rustup/toolchains/nightly-x86_64-unknown-linux-gnu/bin/rustc --crate-name gix_odb --edition=2024 /home/srinivasan/.cargo/registry/src/index.crates.io-1949cf8c6b5b557f/gix-odb-0.83.0/src/lib.rs --error-format=json --json=diagnostic-rendered-ansi,artifacts,future-incompat --crate-type lib --emit=dep-info,metadata,link -C embed-bitcode=no -C debuginfo=2 '--warn=clippy::pedantic' '--allow=clippy::wildcard_imports' '--allow=clippy::used_underscore_binding' '--allow=clippy::unused_self' '--allow=clippy::unreadable_literal' '--allow=clippy::unnecessary_wraps' '--allow=clippy::unnecessary_join' '--allow=clippy::trivially_copy_pass_by_ref' '--allow=clippy::transmute_ptr_to_ptr' '--allow=clippy::too_many_lines' '--allow=clippy::too_long_first_doc_paragraph' '--allow=clippy::struct_field_names' '--allow=clippy::struct_excessive_bools' '--allow=clippy::stable_sort_primitive' '--allow=clippy::single_match_else' '--allow=clippy::similar_names' '--allow=clippy::should_panic_without_expect' '--allow=clippy::return_self_not_must_use' '--allow=clippy::result_large_err' '--allow=clippy::redundant_else' '--allow=clippy::range_plus_one' '--allow=clippy::option_option' '--allow=clippy::no_effect_underscore_binding' '--allow=clippy::needless_raw_string_hashes' '--allow=clippy::needless_pass_by_value' '--allow=clippy::needless_for_each' '--allow=clippy::needless_continue' '--allow=clippy::naive_bytecount' '--allow=clippy::mut_mut' '--allow=clippy::must_use_candidate' '--allow=clippy::module_name_repetitions' '--allow=clippy::missing_panics_doc' '--allow=clippy::missing_errors_doc' '--allow=clippy::match_wildcard_for_single_variants' '--allow=clippy::match_wild_err_arm' '--allow=clippy::match_same_arms' '--allow=clippy::match_bool' '--allow=clippy::many_single_char_names' '--allow=clippy::manual_string_new' '--allow=clippy::manual_let_else' '--allow=clippy::manual_is_variant_and' '--allow=clippy::manual_assert' '--allow=clippy::large_stack_arrays' '--allow=clippy::large_enum_variant' '--allow=clippy::iter_without_into_iter' '--allow=clippy::iter_not_returning_iterator' '--allow=clippy::items_after_statements' '--allow=clippy::inline_always' '--allow=clippy::inefficient_to_string' '--allow=clippy::inconsistent_struct_constructor' '--allow=clippy::implicit_clone' '--allow=clippy::ignored_unit_patterns' '--allow=clippy::if_not_else' '--allow=clippy::from_iter_instead_of_collect' '--allow=clippy::fn_params_excessive_bools' '--allow=clippy::filter_map_next' '--allow=clippy::explicit_iter_loop' '--allow=clippy::explicit_into_iter_loop' '--allow=clippy::explicit_deref_methods' '--allow=clippy::enum_glob_use' '--allow=clippy::empty_docs' '--allow=clippy::doc_markdown' '--allow=clippy::default_trait_access' '--allow=clippy::copy_iterator' '--allow=clippy::checked_conversions' '--allow=clippy::cast_sign_loss' '--allow=clippy::cast_precision_loss' '--allow=clippy::cast_possible_wrap' '--allow=clippy::cast_possible_truncation' '--allow=clippy::cast_lossless' '--allow=clippy::borrow_as_ptr' '--allow=clippy::bool_to_int_with_if' --check-cfg 'cfg(docsrs,test)' --check-cfg 'cfg(feature, values("document-features", "parallel", "serde", "sha1", "sha256"))' -C metadata=2058a7dbffffd823 -C extra-filename=-7ae6d436b95cb35f --out-dir /tmp/cargo-mutants-casm-TRDkvl.tmp/target/debug/deps -L dependency=/tmp/cargo-mutants-casm-TRDkvl.tmp/target/debug/deps --extern arc_swap=/tmp/cargo-mutants-casm-TRDkvl.tmp/target/debug/deps/libarc_swap-50905191fd0bd993.rmeta --extern gix_features=/tmp/cargo-mutants-casm-TRDkvl.tmp/target/debug/deps/libgix_features-713935214e3e3aac.rmeta --extern gix_fs=/tmp/cargo-mutants-casm-TRDkvl.tmp/target/debug/deps/libgix_fs-94112262574d3d41.rmeta --extern gix_hash=/tmp/cargo-mutants-casm-TRDkvl.tmp/target/debug/deps/libgix_hash-7e6e2d7296131b6f.rmeta --extern gix_hashtable=/tmp/cargo-mutants-casm-TRDkvl.tmp/target/debug/deps/libgix_hashtable-9aad3c190611bfca.rmeta --extern gix_object=/tmp/cargo-mutants-casm-TRDkvl.tmp/target/debug/deps/libgix_object-89d2629b02055cb1.rmeta --extern gix_pack=/tmp/cargo-mutants-casm-TRDkvl.tmp/target/debug/deps/libgix_pack-bb2f366e24da1d6d.rmeta --extern gix_path=/tmp/cargo-mutants-casm-TRDkvl.tmp/target/debug/deps/libgix_path-e88847596dde5b26.rmeta --extern gix_quote=/tmp/cargo-mutants-casm-TRDkvl.tmp/target/debug/deps/libgix_quote-0c2ad2ea41afd0d9.rmeta --extern gix_zlib=/tmp/cargo-mutants-casm-TRDkvl.tmp/target/debug/deps/libgix_zlib-da9efdd244ffd6aa.rmeta --extern memmap2=/tmp/cargo-mutants-casm-TRDkvl.tmp/target/debug/deps/libmemmap2-d07795cb874754f5.rmeta --extern parking_lot=/tmp/cargo-mutants-casm-TRDkvl.tmp/target/debug/deps/libparking_lot-39ddd99db7181d60.rmeta --extern tempfile=/tmp/cargo-mutants-casm-TRDkvl.tmp/target/debug/deps/libtempfile-bd097471695c02c8.rmeta --extern thiserror=/tmp/cargo-mutants-casm-TRDkvl.tmp/target/debug/deps/libthiserror-fe33048ba8aef29c.rmeta --cap-lints allow`
   Compiling gix-discover v0.54.0
     Running `/home/srinivasan/.rustup/toolchains/nightly-x86_64-unknown-linux-gnu/bin/rustc --crate-name gix_discover --edition=2024 /home/srinivasan/.cargo/registry/src/index.crates.io-1949cf8c6b5b557f/gix-discover-0.54.0/src/lib.rs --error-format=json --json=diagnostic-rendered-ansi,artifacts,future-incompat --crate-type lib --emit=dep-info,metadata,link -C embed-bitcode=no -C debuginfo=2 '--warn=clippy::pedantic' '--allow=clippy::wildcard_imports' '--allow=clippy::used_underscore_binding' '--allow=clippy::unused_self' '--allow=clippy::unreadable_literal' '--allow=clippy::unnecessary_wraps' '--allow=clippy::unnecessary_join' '--allow=clippy::trivially_copy_pass_by_ref' '--allow=clippy::transmute_ptr_to_ptr' '--allow=clippy::too_many_lines' '--allow=clippy::too_long_first_doc_paragraph' '--allow=clippy::struct_field_names' '--allow=clippy::struct_excessive_bools' '--allow=clippy::stable_sort_primitive' '--allow=clippy::single_match_else' '--allow=clippy::similar_names' '--allow=clippy::should_panic_without_expect' '--allow=clippy::return_self_not_must_use' '--allow=clippy::result_large_err' '--allow=clippy::redundant_else' '--allow=clippy::range_plus_one' '--allow=clippy::option_option' '--allow=clippy::no_effect_underscore_binding' '--allow=clippy::needless_raw_string_hashes' '--allow=clippy::needless_pass_by_value' '--allow=clippy::needless_for_each' '--allow=clippy::needless_continue' '--allow=clippy::naive_bytecount' '--allow=clippy::mut_mut' '--allow=clippy::must_use_candidate' '--allow=clippy::module_name_repetitions' '--allow=clippy::missing_panics_doc' '--allow=clippy::missing_errors_doc' '--allow=clippy::match_wildcard_for_single_variants' '--allow=clippy::match_wild_err_arm' '--allow=clippy::match_same_arms' '--allow=clippy::match_bool' '--allow=clippy::many_single_char_names' '--allow=clippy::manual_string_new' '--allow=clippy::manual_let_else' '--allow=clippy::manual_is_variant_and' '--allow=clippy::manual_assert' '--allow=clippy::large_stack_arrays' '--allow=clippy::large_enum_variant' '--allow=clippy::iter_without_into_iter' '--allow=clippy::iter_not_returning_iterator' '--allow=clippy::items_after_statements' '--allow=clippy::inline_always' '--allow=clippy::inefficient_to_string' '--allow=clippy::inconsistent_struct_constructor' '--allow=clippy::implicit_clone' '--allow=clippy::ignored_unit_patterns' '--allow=clippy::if_not_else' '--allow=clippy::from_iter_instead_of_collect' '--allow=clippy::fn_params_excessive_bools' '--allow=clippy::filter_map_next' '--allow=clippy::explicit_iter_loop' '--allow=clippy::explicit_into_iter_loop' '--allow=clippy::explicit_deref_methods' '--allow=clippy::enum_glob_use' '--allow=clippy::empty_docs' '--allow=clippy::doc_markdown' '--allow=clippy::default_trait_access' '--allow=clippy::copy_iterator' '--allow=clippy::checked_conversions' '--allow=clippy::cast_sign_loss' '--allow=clippy::cast_precision_loss' '--allow=clippy::cast_possible_wrap' '--allow=clippy::cast_possible_truncation' '--allow=clippy::cast_lossless' '--allow=clippy::borrow_as_ptr' '--allow=clippy::bool_to_int_with_if' --check-cfg 'cfg(docsrs,test)' --check-cfg 'cfg(feature, values("sha1", "sha256"))' -C metadata=6661233930a4569c -C extra-filename=-845806f9bc0ac6c5 --out-dir /tmp/cargo-mutants-casm-TRDkvl.tmp/target/debug/deps -L dependency=/tmp/cargo-mutants-casm-TRDkvl.tmp/target/debug/deps --extern bstr=/tmp/cargo-mutants-casm-TRDkvl.tmp/target/debug/deps/libbstr-758bb7fff42be4ac.rmeta --extern gix_fs=/tmp/cargo-mutants-casm-TRDkvl.tmp/target/debug/deps/libgix_fs-94112262574d3d41.rmeta --extern gix_path=/tmp/cargo-mutants-casm-TRDkvl.tmp/target/debug/deps/libgix_path-e88847596dde5b26.rmeta --extern gix_ref=/tmp/cargo-mutants-casm-TRDkvl.tmp/target/debug/deps/libgix_ref-1e6659808586e003.rmeta --extern gix_sec=/tmp/cargo-mutants-casm-TRDkvl.tmp/target/debug/deps/libgix_sec-41142498b26f5730.rmeta --extern thiserror=/tmp/cargo-mutants-casm-TRDkvl.tmp/target/debug/deps/libthiserror-fe33048ba8aef29c.rmeta --cap-lints allow`
   Compiling regex v1.13.1
     Running `/home/srinivasan/.rustup/toolchains/nightly-x86_64-unknown-linux-gnu/bin/rustc --crate-name regex --edition=2021 /home/srinivasan/.cargo/registry/src/index.crates.io-1949cf8c6b5b557f/regex-1.13.1/src/lib.rs --error-format=json --json=diagnostic-rendered-ansi,artifacts,future-incompat --crate-type lib --emit=dep-info,metadata,link -C embed-bitcode=no -C debuginfo=2 --allow=unexpected_cfgs --check-cfg 'cfg(docsrs_regex)' --cfg 'feature="std"' --check-cfg 'cfg(docsrs,test)' --check-cfg 'cfg(feature, values("default", "logging", "pattern", "perf", "perf-backtrack", "perf-cache", "perf-dfa", "perf-dfa-full", "perf-inline", "perf-literal", "perf-onepass", "std", "unicode", "unicode-age", "unicode-bool", "unicode-case", "unicode-gencat", "unicode-perl", "unicode-script", "unicode-segment", "unstable", "use_std"))' -C metadata=f858bf31f4f6e813 -C extra-filename=-b2600a1e70beb72a --out-dir /tmp/cargo-mutants-casm-TRDkvl.tmp/target/debug/deps -L dependency=/tmp/cargo-mutants-casm-TRDkvl.tmp/target/debug/deps --extern regex_automata=/tmp/cargo-mutants-casm-TRDkvl.tmp/target/debug/deps/libregex_automata-6f8e5ae466f53dbf.rmeta --extern regex_syntax=/tmp/cargo-mutants-casm-TRDkvl.tmp/target/debug/deps/libregex_syntax-30a34a982e420d89.rmeta --cap-lints allow`
   Compiling gix v0.86.0
     Running `/home/srinivasan/.rustup/toolchains/nightly-x86_64-unknown-linux-gnu/bin/rustc --crate-name gix --edition=2024 /home/srinivasan/.cargo/registry/src/index.crates.io-1949cf8c6b5b557f/gix-0.86.0/src/lib.rs --error-format=json --json=diagnostic-rendered-ansi,artifacts,future-incompat --crate-type lib --emit=dep-info,metadata,link -C embed-bitcode=no -C debuginfo=2 '--warn=clippy::pedantic' '--allow=clippy::wildcard_imports' '--allow=clippy::used_underscore_binding' '--allow=clippy::unused_self' '--allow=clippy::unreadable_literal' '--allow=clippy::unnecessary_wraps' '--allow=clippy::unnecessary_join' '--allow=clippy::trivially_copy_pass_by_ref' '--allow=clippy::transmute_ptr_to_ptr' '--allow=clippy::too_many_lines' '--allow=clippy::too_long_first_doc_paragraph' '--allow=clippy::struct_field_names' '--allow=clippy::struct_excessive_bools' '--allow=clippy::stable_sort_primitive' '--allow=clippy::single_match_else' '--allow=clippy::similar_names' '--allow=clippy::should_panic_without_expect' '--allow=clippy::return_self_not_must_use' '--allow=clippy::result_large_err' '--allow=clippy::redundant_else' '--allow=clippy::range_plus_one' '--allow=clippy::option_option' '--allow=clippy::no_effect_underscore_binding' '--allow=clippy::needless_raw_string_hashes' '--allow=clippy::needless_pass_by_value' '--allow=clippy::needless_for_each' '--allow=clippy::needless_continue' '--allow=clippy::naive_bytecount' '--allow=clippy::mut_mut' '--allow=clippy::must_use_candidate' '--allow=clippy::module_name_repetitions' '--allow=clippy::missing_panics_doc' '--allow=clippy::missing_errors_doc' '--allow=clippy::match_wildcard_for_single_variants' '--allow=clippy::match_wild_err_arm' '--allow=clippy::match_same_arms' '--allow=clippy::match_bool' '--allow=clippy::many_single_char_names' '--allow=clippy::manual_string_new' '--allow=clippy::manual_let_else' '--allow=clippy::manual_is_variant_and' '--allow=clippy::manual_assert' '--allow=clippy::large_stack_arrays' '--allow=clippy::large_enum_variant' '--allow=clippy::iter_without_into_iter' '--allow=clippy::iter_not_returning_iterator' '--allow=clippy::items_after_statements' '--allow=clippy::inline_always' '--allow=clippy::inefficient_to_string' '--allow=clippy::inconsistent_struct_constructor' '--allow=clippy::implicit_clone' '--allow=clippy::ignored_unit_patterns' '--allow=clippy::if_not_else' '--allow=clippy::from_iter_instead_of_collect' '--allow=clippy::fn_params_excessive_bools' '--allow=clippy::filter_map_next' '--allow=clippy::explicit_iter_loop' '--allow=clippy::explicit_into_iter_loop' '--allow=clippy::explicit_deref_methods' '--allow=clippy::enum_glob_use' '--allow=clippy::empty_docs' '--allow=clippy::doc_markdown' '--allow=clippy::default_trait_access' '--allow=clippy::copy_iterator' '--allow=clippy::checked_conversions' '--allow=clippy::cast_sign_loss' '--allow=clippy::cast_precision_loss' '--allow=clippy::cast_possible_wrap' '--allow=clippy::cast_possible_truncation' '--allow=clippy::cast_lossless' '--allow=clippy::borrow_as_ptr' '--allow=clippy::bool_to_int_with_if' --cfg 'feature="attributes"' --cfg 'feature="basic"' --cfg 'feature="blob-diff"' --cfg 'feature="command"' --cfg 'feature="excludes"' --cfg 'feature="index"' --cfg 'feature="max-control"' --cfg 'feature="max-performance-safe"' --cfg 'feature="pack-cache-lru-dynamic"' --cfg 'feature="pack-cache-lru-static"' --cfg 'feature="parallel"' --cfg 'feature="revision"' --cfg 'feature="sha1"' --check-cfg 'cfg(docsrs,test)' --check-cfg 'cfg(feature, values("async-network-client", "async-network-client-async-std", "async-std", "attributes", "auto-chain-error", "basic", "blame", "blob-diff", "blocking-http-transport-curl", "blocking-http-transport-curl-openssl", "blocking-http-transport-curl-rustls", "blocking-http-transport-reqwest", "blocking-http-transport-reqwest-native-tls", "blocking-http-transport-reqwest-rust-tls", "blocking-http-transport-reqwest-rust-tls-trust-dns", "blocking-network-client", "cache-efficiency-debug", "comfort", "command", "credentials", "default", "dirwalk", "document-features", "excludes", "extras", "gix-archive", "gix-status", "gix-worktree-stream", "hp-tempfile-registry", "index", "interrupt", "mailmap", "max-control", "max-performance", "max-performance-safe", "merge", "need-more-recent-msrv", "pack-cache-lru-dynamic", "pack-cache-lru-static", "parallel", "prodash", "progress-tree", "regex", "revision", "revparse-regex", "serde", "sha1", "sha256", "status", "tracing", "tracing-detail", "tree-editor", "tree-error", "worktree-archive", "worktree-mutation", "worktree-stream"))' -C metadata=969c007486b98dce -C extra-filename=-249e95c2d73e12dc --out-dir /tmp/cargo-mutants-casm-TRDkvl.tmp/target/debug/deps -L dependency=/tmp/cargo-mutants-casm-TRDkvl.tmp/target/debug/deps --extern gix_actor=/tmp/cargo-mutants-casm-TRDkvl.tmp/target/debug/deps/libgix_actor-5864699ba2bb589a.rmeta --extern gix_attributes=/tmp/cargo-mutants-casm-TRDkvl.tmp/target/debug/deps/libgix_attributes-1c363e48c52dfe66.rmeta --extern gix_command=/tmp/cargo-mutants-casm-TRDkvl.tmp/target/debug/deps/libgix_command-a70000bbc6e09483.rmeta --extern gix_commitgraph=/tmp/cargo-mutants-casm-TRDkvl.tmp/target/debug/deps/libgix_commitgraph-1f5fed71807f813b.rmeta --extern gix_config=/tmp/cargo-mutants-casm-TRDkvl.tmp/target/debug/deps/libgix_config-158afebf04f0316f.rmeta --extern gix_date=/tmp/cargo-mutants-casm-TRDkvl.tmp/target/debug/deps/libgix_date-fb80d222313d564b.rmeta --extern gix_diff=/tmp/cargo-mutants-casm-TRDkvl.tmp/target/debug/deps/libgix_diff-32c87fcad8d5e60d.rmeta --extern gix_discover=/tmp/cargo-mutants-casm-TRDkvl.tmp/target/debug/deps/libgix_discover-845806f9bc0ac6c5.rmeta --extern gix_error=/tmp/cargo-mutants-casm-TRDkvl.tmp/target/debug/deps/libgix_error-6f73a96eee96ca09.rmeta --extern gix_features=/tmp/cargo-mutants-casm-TRDkvl.tmp/target/debug/deps/libgix_features-713935214e3e3aac.rmeta --extern gix_filter=/tmp/cargo-mutants-casm-TRDkvl.tmp/target/debug/deps/libgix_filter-e1ada44c7b6fcba0.rmeta --extern gix_fs=/tmp/cargo-mutants-casm-TRDkvl.tmp/target/debug/deps/libgix_fs-94112262574d3d41.rmeta --extern gix_glob=/tmp/cargo-mutants-casm-TRDkvl.tmp/target/debug/deps/libgix_glob-bb0626d894753c05.rmeta --extern gix_hash=/tmp/cargo-mutants-casm-TRDkvl.tmp/target/debug/deps/libgix_hash-7e6e2d7296131b6f.rmeta --extern gix_hashtable=/tmp/cargo-mutants-casm-TRDkvl.tmp/target/debug/deps/libgix_hashtable-9aad3c190611bfca.rmeta --extern gix_ignore=/tmp/cargo-mutants-casm-TRDkvl.tmp/target/debug/deps/libgix_ignore-6fed55f53fb7df2a.rmeta --extern gix_index=/tmp/cargo-mutants-casm-TRDkvl.tmp/target/debug/deps/libgix_index-46bb3efab35c2b36.rmeta --extern gix_lock=/tmp/cargo-mutants-casm-TRDkvl.tmp/target/debug/deps/libgix_lock-34dcb8880a9cb5ae.rmeta --extern gix_object=/tmp/cargo-mutants-casm-TRDkvl.tmp/target/debug/deps/libgix_object-89d2629b02055cb1.rmeta --extern gix_odb=/tmp/cargo-mutants-casm-TRDkvl.tmp/target/debug/deps/libgix_odb-7ae6d436b95cb35f.rmeta --extern gix_pack=/tmp/cargo-mutants-casm-TRDkvl.tmp/target/debug/deps/libgix_pack-bb2f366e24da1d6d.rmeta --extern gix_path=/tmp/cargo-mutants-casm-TRDkvl.tmp/target/debug/deps/libgix_path-e88847596dde5b26.rmeta --extern gix_pathspec=/tmp/cargo-mutants-casm-TRDkvl.tmp/target/debug/deps/libgix_pathspec-66b78e989140f4b5.rmeta --extern gix_protocol=/tmp/cargo-mutants-casm-TRDkvl.tmp/target/debug/deps/libgix_protocol-6e740e3ee283696b.rmeta --extern gix_ref=/tmp/cargo-mutants-casm-TRDkvl.tmp/target/debug/deps/libgix_ref-1e6659808586e003.rmeta --extern gix_refspec=/tmp/cargo-mutants-casm-TRDkvl.tmp/target/debug/deps/libgix_refspec-f2d8badef42813fa.rmeta --extern gix_revision=/tmp/cargo-mutants-casm-TRDkvl.tmp/target/debug/deps/libgix_revision-07d37ba88153872c.rmeta --extern gix_revwalk=/tmp/cargo-mutants-casm-TRDkvl.tmp/target/debug/deps/libgix_revwalk-401daaf94120b85c.rmeta --extern gix_sec=/tmp/cargo-mutants-casm-TRDkvl.tmp/target/debug/deps/libgix_sec-41142498b26f5730.rmeta --extern gix_shallow=/tmp/cargo-mutants-casm-TRDkvl.tmp/target/debug/deps/libgix_shallow-3788d1b383f31477.rmeta --extern gix_submodule=/tmp/cargo-mutants-casm-TRDkvl.tmp/target/debug/deps/libgix_submodule-512f1e4ebf6e684b.rmeta --extern gix_tempfile=/tmp/cargo-mutants-casm-TRDkvl.tmp/target/debug/deps/libgix_tempfile-f532a55ae509255c.rmeta --extern gix_trace=/tmp/cargo-mutants-casm-TRDkvl.tmp/target/debug/deps/libgix_trace-fe3ae1ba08dc3b9c.rmeta --extern gix_traverse=/tmp/cargo-mutants-casm-TRDkvl.tmp/target/debug/deps/libgix_traverse-a5477c43203a3893.rmeta --extern gix_url=/tmp/cargo-mutants-casm-TRDkvl.tmp/target/debug/deps/libgix_url-0bfeb7aca9ad6e71.rmeta --extern gix_utils=/tmp/cargo-mutants-casm-TRDkvl.tmp/target/debug/deps/libgix_utils-f89e2ad74b12d7b1.rmeta --extern gix_validate=/tmp/cargo-mutants-casm-TRDkvl.tmp/target/debug/deps/libgix_validate-fb34b738c47dba73.rmeta --extern gix_worktree=/tmp/cargo-mutants-casm-TRDkvl.tmp/target/debug/deps/libgix_worktree-ba1a36684d30f56a.rmeta --extern gix_zlib=/tmp/cargo-mutants-casm-TRDkvl.tmp/target/debug/deps/libgix_zlib-da9efdd244ffd6aa.rmeta --extern nonempty=/tmp/cargo-mutants-casm-TRDkvl.tmp/target/debug/deps/libnonempty-2f9693126db11f85.rmeta --extern smallvec=/tmp/cargo-mutants-casm-TRDkvl.tmp/target/debug/deps/libsmallvec-00c65a5ffe2221d3.rmeta --extern thiserror=/tmp/cargo-mutants-casm-TRDkvl.tmp/target/debug/deps/libthiserror-fe33048ba8aef29c.rmeta --cap-lints allow`
   Compiling criterion v0.7.0
     Running `/home/srinivasan/.rustup/toolchains/nightly-x86_64-unknown-linux-gnu/bin/rustc --crate-name criterion --edition=2021 /home/srinivasan/.cargo/registry/src/index.crates.io-1949cf8c6b5b557f/criterion-0.7.0/src/lib.rs --error-format=json --json=diagnostic-rendered-ansi,artifacts,future-incompat --crate-type lib --emit=dep-info,metadata,link -C embed-bitcode=no -C debuginfo=2 --cfg 'feature="cargo_bench_support"' --check-cfg 'cfg(docsrs,test)' --check-cfg 'cfg(feature, values("async", "async_futures", "async_smol", "async_std", "async_tokio", "cargo_bench_support", "csv_output", "default", "html_reports", "plotters", "rayon", "real_blackbox", "stable"))' -C metadata=39791e1d8f217002 -C extra-filename=-a7edab15b2b2c363 --out-dir /tmp/cargo-mutants-casm-TRDkvl.tmp/target/debug/deps -L dependency=/tmp/cargo-mutants-casm-TRDkvl.tmp/target/debug/deps --extern anes=/tmp/cargo-mutants-casm-TRDkvl.tmp/target/debug/deps/libanes-772b10026b4f370b.rmeta --extern cast=/tmp/cargo-mutants-casm-TRDkvl.tmp/target/debug/deps/libcast-d1435e16fe30173e.rmeta --extern ciborium=/tmp/cargo-mutants-casm-TRDkvl.tmp/target/debug/deps/libciborium-03d0591480ce7164.rmeta --extern clap=/tmp/cargo-mutants-casm-TRDkvl.tmp/target/debug/deps/libclap-6563ccc96337acde.rmeta --extern criterion_plot=/tmp/cargo-mutants-casm-TRDkvl.tmp/target/debug/deps/libcriterion_plot-25dc6fc5f39d11b1.rmeta --extern itertools=/tmp/cargo-mutants-casm-TRDkvl.tmp/target/debug/deps/libitertools-4aaccc6af6f28e30.rmeta --extern num_traits=/tmp/cargo-mutants-casm-TRDkvl.tmp/target/debug/deps/libnum_traits-136e362fe48ee124.rmeta --extern oorandom=/tmp/cargo-mutants-casm-TRDkvl.tmp/target/debug/deps/liboorandom-1409cffd6f5d06c4.rmeta --extern regex=/tmp/cargo-mutants-casm-TRDkvl.tmp/target/debug/deps/libregex-b2600a1e70beb72a.rmeta --extern serde=/tmp/cargo-mutants-casm-TRDkvl.tmp/target/debug/deps/libserde-9977d6aa01782d5e.rmeta --extern serde_json=/tmp/cargo-mutants-casm-TRDkvl.tmp/target/debug/deps/libserde_json-8ada6c1221654e94.rmeta --extern tinytemplate=/tmp/cargo-mutants-casm-TRDkvl.tmp/target/debug/deps/libtinytemplate-25d4d9be2c24fd60.rmeta --extern walkdir=/tmp/cargo-mutants-casm-TRDkvl.tmp/target/debug/deps/libwalkdir-3557b61e28119794.rmeta --cap-lints allow`
   Compiling casm-git v0.3.0 (/tmp/cargo-mutants-casm-TRDkvl.tmp/crates/casm-git)
     Running `/home/srinivasan/.rustup/toolchains/nightly-x86_64-unknown-linux-gnu/bin/rustc --crate-name casm_git --edition=2024 crates/casm-git/src/lib.rs --error-format=json --json=diagnostic-rendered-ansi,artifacts,future-incompat --crate-type lib --emit=dep-info,metadata,link -C embed-bitcode=no -C debuginfo=2 --warn=rust_2018_idioms '--warn=clippy::pedantic' '--warn=clippy::unwrap_used' --forbid=unsafe_code --warn=unreachable_pub '--warn=clippy::too_many_lines' '--allow=clippy::struct_field_names' '--warn=clippy::panic' '--allow=clippy::must_use_candidate' '--allow=clippy::module_name_repetitions' '--allow=clippy::missing_errors_doc' --warn=missing_docs '--warn=clippy::indexing_slicing' '--warn=clippy::expect_used' '--warn=clippy::cognitive_complexity' --check-cfg 'cfg(docsrs,test)' --check-cfg 'cfg(feature, values())' -C metadata=b94f10fc630409c2 -C extra-filename=-eb6335557f558b96 --out-dir /tmp/cargo-mutants-casm-TRDkvl.tmp/target/debug/deps -C incremental=/tmp/cargo-mutants-casm-TRDkvl.tmp/target/debug/incremental -L dependency=/tmp/cargo-mutants-casm-TRDkvl.tmp/target/debug/deps --extern casm_core=/tmp/cargo-mutants-casm-TRDkvl.tmp/target/debug/deps/libcasm_core-380d7e4cccb3f0da.rmeta --extern casm_parser=/tmp/cargo-mutants-casm-TRDkvl.tmp/target/debug/deps/libcasm_parser-acbb7d95b5663e68.rmeta --extern gix=/tmp/cargo-mutants-casm-TRDkvl.tmp/target/debug/deps/libgix-249e95c2d73e12dc.rmeta --extern serde=/tmp/cargo-mutants-casm-TRDkvl.tmp/target/debug/deps/libserde-9977d6aa01782d5e.rmeta --extern thiserror=/tmp/cargo-mutants-casm-TRDkvl.tmp/target/debug/deps/libthiserror-fe33048ba8aef29c.rmeta --verbose`
   Compiling casm-cli v0.3.0 (/tmp/cargo-mutants-casm-TRDkvl.tmp/crates/casm-cli)
     Running `/home/srinivasan/.rustup/toolchains/nightly-x86_64-unknown-linux-gnu/bin/rustc --crate-name casm --edition=2024 crates/casm-cli/src/main.rs --error-format=json --json=diagnostic-rendered-ansi,artifacts,future-incompat --emit=dep-info,link -C embed-bitcode=no -C debuginfo=2 --warn=rust_2018_idioms '--warn=clippy::pedantic' '--warn=clippy::unwrap_used' --forbid=unsafe_code --warn=unreachable_pub '--warn=clippy::too_many_lines' '--allow=clippy::struct_field_names' '--warn=clippy::panic' '--allow=clippy::must_use_candidate' '--allow=clippy::module_name_repetitions' '--allow=clippy::missing_errors_doc' --warn=missing_docs '--warn=clippy::indexing_slicing' '--warn=clippy::expect_used' '--warn=clippy::cognitive_complexity' --test --check-cfg 'cfg(docsrs,test)' --check-cfg 'cfg(feature, values())' -C metadata=66d0ba88cf63e3f4 -C extra-filename=-6299204232b961c1 --out-dir /tmp/cargo-mutants-casm-TRDkvl.tmp/target/debug/deps -C incremental=/tmp/cargo-mutants-casm-TRDkvl.tmp/target/debug/incremental -L dependency=/tmp/cargo-mutants-casm-TRDkvl.tmp/target/debug/deps --extern casm_core=/tmp/cargo-mutants-casm-TRDkvl.tmp/target/debug/deps/libcasm_core-380d7e4cccb3f0da.rlib --extern casm_diff=/tmp/cargo-mutants-casm-TRDkvl.tmp/target/debug/deps/libcasm_diff-13f48a003853e06c.rlib --extern casm_evidence=/tmp/cargo-mutants-casm-TRDkvl.tmp/target/debug/deps/libcasm_evidence-97784ef1fc6afbaa.rlib --extern casm_formal=/tmp/cargo-mutants-casm-TRDkvl.tmp/target/debug/deps/libcasm_formal-1f0341ba66ec2a73.rlib --extern casm_git=/tmp/cargo-mutants-casm-TRDkvl.tmp/target/debug/deps/libcasm_git-eb6335557f558b96.rlib --extern casm_parser=/tmp/cargo-mutants-casm-TRDkvl.tmp/target/debug/deps/libcasm_parser-acbb7d95b5663e68.rlib --extern casm_renderer=/tmp/cargo-mutants-casm-TRDkvl.tmp/target/debug/deps/libcasm_renderer-80239ec94cfc97e3.rlib --extern casm_telemetry=/tmp/cargo-mutants-casm-TRDkvl.tmp/target/debug/deps/libcasm_telemetry-622d12e0c23cdb09.rlib --extern casm_validator=/tmp/cargo-mutants-casm-TRDkvl.tmp/target/debug/deps/libcasm_validator-bbc73dfd45eee22d.rlib --extern clap=/tmp/cargo-mutants-casm-TRDkvl.tmp/target/debug/deps/libclap-6563ccc96337acde.rlib --extern criterion=/tmp/cargo-mutants-casm-TRDkvl.tmp/target/debug/deps/libcriterion-a7edab15b2b2c363.rlib --extern serde_json=/tmp/cargo-mutants-casm-TRDkvl.tmp/target/debug/deps/libserde_json-8ada6c1221654e94.rlib --verbose`
error[E0277]: the trait bound `CommandError: Default` is not satisfied
  --> crates/casm-cli/src/commands.rs:93:9
   |
93 |         Default::default() /* ~ changed by cargo-mutants ~ */
   |         ^^^^^^^^^^^^^^^^^^ the trait `Default` is not implemented for `CommandError`
   |
help: consider annotating `CommandError` with `#[derive(Default)]`
   |
89 + #[derive(Default)]
90 | pub(crate) struct CommandError(pub String);
   |

For more information about this error, try `rustc --explain E0277`.
error: could not compile `casm-cli` (bin "casm" test) due to 1 previous error

Caused by:
  process didn't exit successfully: `/home/srinivasan/.rustup/toolchains/nightly-x86_64-unknown-linux-gnu/bin/rustc --crate-name casm --edition=2024 crates/casm-cli/src/main.rs --error-format=json --json=diagnostic-rendered-ansi,artifacts,future-incompat --emit=dep-info,link -C embed-bitcode=no -C debuginfo=2 --warn=rust_2018_idioms '--warn=clippy::pedantic' '--warn=clippy::unwrap_used' --forbid=unsafe_code --warn=unreachable_pub '--warn=clippy::too_many_lines' '--allow=clippy::struct_field_names' '--warn=clippy::panic' '--allow=clippy::must_use_candidate' '--allow=clippy::module_name_repetitions' '--allow=clippy::missing_errors_doc' --warn=missing_docs '--warn=clippy::indexing_slicing' '--warn=clippy::expect_used' '--warn=clippy::cognitive_complexity' --test --check-cfg 'cfg(docsrs,test)' --check-cfg 'cfg(feature, values())' -C metadata=66d0ba88cf63e3f4 -C extra-filename=-6299204232b961c1 --out-dir /tmp/cargo-mutants-casm-TRDkvl.tmp/target/debug/deps -C incremental=/tmp/cargo-mutants-casm-TRDkvl.tmp/target/debug/incremental -L dependency=/tmp/cargo-mutants-casm-TRDkvl.tmp/target/debug/deps --extern casm_core=/tmp/cargo-mutants-casm-TRDkvl.tmp/target/debug/deps/libcasm_core-380d7e4cccb3f0da.rlib --extern casm_diff=/tmp/cargo-mutants-casm-TRDkvl.tmp/target/debug/deps/libcasm_diff-13f48a003853e06c.rlib --extern casm_evidence=/tmp/cargo-mutants-casm-TRDkvl.tmp/target/debug/deps/libcasm_evidence-97784ef1fc6afbaa.rlib --extern casm_formal=/tmp/cargo-mutants-casm-TRDkvl.tmp/target/debug/deps/libcasm_formal-1f0341ba66ec2a73.rlib --extern casm_git=/tmp/cargo-mutants-casm-TRDkvl.tmp/target/debug/deps/libcasm_git-eb6335557f558b96.rlib --extern casm_parser=/tmp/cargo-mutants-casm-TRDkvl.tmp/target/debug/deps/libcasm_parser-acbb7d95b5663e68.rlib --extern casm_renderer=/tmp/cargo-mutants-casm-TRDkvl.tmp/target/debug/deps/libcasm_renderer-80239ec94cfc97e3.rlib --extern casm_telemetry=/tmp/cargo-mutants-casm-TRDkvl.tmp/target/debug/deps/libcasm_telemetry-622d12e0c23cdb09.rlib --extern casm_validator=/tmp/cargo-mutants-casm-TRDkvl.tmp/target/debug/deps/libcasm_validator-bbc73dfd45eee22d.rlib --extern clap=/tmp/cargo-mutants-casm-TRDkvl.tmp/target/debug/deps/libclap-6563ccc96337acde.rlib --extern criterion=/tmp/cargo-mutants-casm-TRDkvl.tmp/target/debug/deps/libcriterion-a7edab15b2b2c363.rlib --extern serde_json=/tmp/cargo-mutants-casm-TRDkvl.tmp/target/debug/deps/libserde_json-8ada6c1221654e94.rlib --verbose` (exit status: 1)

*** result: Failure(101)
